"row_id","season","team","name","candidate_wbb_id","candidate_name","block","name_dist","hometown_match","hs_match","height_match","score","candidate_team","reason","evidence","year_ok","height_close","queue_type","ncaa_id","hometown_clean","total_inches_num","jersey","note","decision"
"r13930","2021-22","Bowie St.","Jazmyne Scott","wbb-000807","jazmyne scott","same_team_name_variant",0,TRUE,TRUE,TRUE,1,,,,,,,,,,,,
"r16024","2021-22","SUNY Geneseo","Kiley Snow","wbb-002821","kiley snow","same_team_name_variant",0,TRUE,TRUE,TRUE,1,,,,,,,,,,,,
"r16025","2021-22","SUNY Geneseo","Kerry Dennin","wbb-002819","kerry dennin","same_team_name_variant",0,TRUE,TRUE,TRUE,1,,,,,,,,,,,,
"r16520","2021-22","Hunter","Erin Cosio","wbb-003318","erin cosio","same_team_name_variant",0,TRUE,TRUE,TRUE,1,,,,,,,,,,,,
"r16794","2021-22","Jackson St.","Ti'lan Boler","wbb-003585","ti lan boler","same_team_name_variant",0,TRUE,TRUE,TRUE,1,,,,,,,,,,,,
"r16802","2021-22","Jackson St.","Dayzsha Rogan","wbb-003593","dayzsha rogan","same_team_name_variant",0,TRUE,TRUE,TRUE,1,,,,,,,,,,,,
"r17284","2021-22","Lock Haven","Marena Lonardi","wbb-004062","marena lonardi","same_team_name_variant",0,TRUE,TRUE,TRUE,1,,,,,,,,,,,,
"r17290","2021-22","Lock Haven","Jackie Fetsko","wbb-004071","jackie fetsko","same_team_name_variant",0,TRUE,TRUE,TRUE,1,,,,,,,,,,,,
"r20384","2021-22","St. Olaf","Cayden Botten","wbb-007001","cayden botten","same_team_name_variant",0,TRUE,TRUE,TRUE,1,,,,,,,,,,,,
"r20894","2021-22","Southern Conn. St.","Alexa Kellner","wbb-007488","alexa kellner","same_team_name_variant",0,TRUE,TRUE,TRUE,1,,,,,,,,,,,,
"r23138","2021-22","East Tex. Baptist","Erin Berry","wbb-009685","erin berry","same_team_name_variant",0,TRUE,TRUE,TRUE,1,,,,,,,,,,,,
"r23739","2021-22","Mount Olive","Makayla Kimble","wbb-010276","makayla kimble","same_team_name_variant",0,TRUE,TRUE,TRUE,1,,,,,,,,,,,,
"r25200","2021-22","Rosemont","Alona Stanley","wbb-011630","alona stanley","same_team_name_variant",0,TRUE,TRUE,TRUE,1,,,,,,,,,,,,
"r26429","2021-22","Berea","Kauri McKeithen","wbb-012787","kauri mckeithen","same_team_name_variant",0,TRUE,TRUE,TRUE,1,,,,,,,,,,,,
"r14625","2021-22","Centenary (LA)","Brianna Thomas","wbb-011574","brianna thomas","transfer_name_variant",0,TRUE,TRUE,TRUE,1,,,,,,,,,,,,
"r14625","2021-22","Centenary (LA)","Brianna Thomas","wbb-012147","brianna thomas","transfer_name_variant",0,TRUE,TRUE,TRUE,1,,,,,,,,,,,,
"r14640","2021-22","Centenary (LA)","Salma Eddahiri","wbb-011572","salma eddahiri","transfer_name_variant",0,TRUE,TRUE,TRUE,1,,,,,,,,,,,,
"r20544","2021-22","San Jose State","Ella Ogier","wbb-005279","ella ogier","transfer_name_variant",0,TRUE,TRUE,TRUE,1,,,,,,,,,,,,
"r20544","2021-22","San Jose State","Ella Ogier","wbb-006816","ella ogier","transfer_name_variant",0,TRUE,TRUE,TRUE,1,,,,,,,,,,,,
"r28126","2022-23","Brigham Young","Nani Falatea","wbb-013383","nani falatea","same_team_name_variant",0,TRUE,TRUE,TRUE,1,,,,,,,,,,,,
"r28128","2022-23","Brigham Young","Arielle Mackey-Williams","wbb-013385","arielle mackey williams","same_team_name_variant",0,TRUE,TRUE,TRUE,1,,,,,,,,,,,,
"r28130","2022-23","Brigham Young","Kaylee Smiler","wbb-000872","kaylee smiler","same_team_name_variant",0,TRUE,TRUE,TRUE,1,,,,,,,,,,,,
"r28131","2022-23","Brigham Young","Lauren Gustin","wbb-000873","lauren gustin","same_team_name_variant",0,TRUE,TRUE,TRUE,1,,,,,,,,,,,,
"r28134","2022-23","Brigham Young","Devry Millett","wbb-000877","devry millett","same_team_name_variant",0,TRUE,TRUE,TRUE,1,,,,,,,,,,,,
"r28136","2022-23","Brigham Young","Rose Bubakar","wbb-013381","rose bubakar","same_team_name_variant",0,TRUE,TRUE,TRUE,1,,,,,,,,,,,,
"r28137","2022-23","Brigham Young","Emma Calvert","wbb-013382","emma calvert","same_team_name_variant",0,TRUE,TRUE,TRUE,1,,,,,,,,,,,,
"r28950","2022-23","Lehigh","Kamara St.Paul","wbb-004008","kamara st paul","same_team_name_variant",0,TRUE,TRUE,TRUE,1,,,,,,,,,,,,
"r28951","2022-23","Lehigh","Ella Stemmer","wbb-004012","ella stemmer","same_team_name_variant",0,TRUE,TRUE,TRUE,1,,,,,,,,,,,,
"r28952","2022-23","Lehigh","Katie Hurt","wbb-004000","katie hurt","same_team_name_variant",0,TRUE,TRUE,TRUE,1,,,,,,,,,,,,
"r28953","2022-23","Lehigh","Fabienne Eggenschwiler","wbb-004001","fabienne eggenschwiler","same_team_name_variant",0,TRUE,TRUE,TRUE,1,,,,,,,,,,,,
"r28954","2022-23","Lehigh","Jamie Behar","wbb-004002","jamie behar","same_team_name_variant",0,TRUE,TRUE,TRUE,1,,,,,,,,,,,,
"r28955","2022-23","Lehigh","Kaylee Van Eps","wbb-004003","kaylee van eps","same_team_name_variant",0,TRUE,TRUE,TRUE,1,,,,,,,,,,,,
"r28957","2022-23","Lehigh","Maddie Albrecht","wbb-004006","maddie albrecht","same_team_name_variant",0,TRUE,TRUE,TRUE,1,,,,,,,,,,,,
"r28960","2022-23","Lehigh","Meghan O'Brien","wbb-004010","meghan o brien","same_team_name_variant",0,TRUE,TRUE,TRUE,1,,,,,,,,,,,,
"r28961","2022-23","Lehigh","Lily Fandre","wbb-004011","lily fandre","same_team_name_variant",0,TRUE,TRUE,TRUE,1,,,,,,,,,,,,
"r29703","2022-23","Samford","Masyn Marchbanks","wbb-015494","masyn marchbanks","same_team_name_variant",0,TRUE,TRUE,TRUE,1,,,,,,,,,,,,
"r29708","2022-23","Samford","Alyssa Tarpley","wbb-015493","alyssa tarpley","same_team_name_variant",0,TRUE,TRUE,TRUE,1,,,,,,,,,,,,
"r29712","2022-23","Samford","Kiersten Nelson","wbb-007103","kiersten nelson","same_team_name_variant",0,TRUE,TRUE,TRUE,1,,,,,,,,,,,,
"r30293","2022-23","UT Martin","Seygan Robins","wbb-007900","seygan robins","same_team_name_variant",0,TRUE,TRUE,TRUE,1,,,,,,,,,,,,
"r30327","2022-23","UT-San Antonio","Kyleigh McGuire","wbb-008022","kyleigh mcguire","same_team_name_variant",0,TRUE,TRUE,TRUE,1,,,,,,,,,,,,
"r30568","2022-23","Christian Brothers","Isabella Jones","wbb-009575","isabella jones","same_team_name_variant",0,TRUE,TRUE,TRUE,1,,,,,,,,,,,,
"r30570","2022-23","Christian Brothers","Karlee Bates","wbb-009577","karlee bates","same_team_name_variant",0,TRUE,TRUE,TRUE,1,,,,,,,,,,,,
"r30571","2022-23","Christian Brothers","Jeremia Montgomery","wbb-016303","jeremia montgomery","same_team_name_variant",0,TRUE,TRUE,TRUE,1,,,,,,,,,,,,
"r30572","2022-23","Christian Brothers","Chloe Crawford","wbb-016304","chloe crawford","same_team_name_variant",0,TRUE,TRUE,TRUE,1,,,,,,,,,,,,
"r30573","2022-23","Christian Brothers","Emily Jones","wbb-009579","emily jones","same_team_name_variant",0,TRUE,TRUE,TRUE,1,,,,,,,,,,,,
"r30577","2022-23","Christian Brothers","Sophie Roston","wbb-016305","sophie roston","same_team_name_variant",0,TRUE,TRUE,TRUE,1,,,,,,,,,,,,
"r30579","2022-23","Christian Brothers","Mariona Pontnou","wbb-009584","mariona pontnou","same_team_name_variant",0,TRUE,TRUE,TRUE,1,,,,,,,,,,,,
"r30723","2022-23","East Tex. Baptist","Erin Berry","wbb-009685","erin berry","same_team_name_variant",0,TRUE,TRUE,TRUE,1,,,,,,,,,,,,
"r30723","2022-23","East Tex. Baptist","Erin Berry","wbb-016350","erin berry","same_team_name_variant",0,TRUE,TRUE,TRUE,1,,,,,,,,,,,,
"r31038","2022-23","Harding","Regan Crawford","wbb-011152","regan crawford","same_team_name_variant",0,TRUE,TRUE,TRUE,1,,,,,,,,,,,,
"r31197","2022-23","Queens (NC)","Hawa Balde-Camara","wbb-011470","hawa balde camara","same_team_name_variant",0,TRUE,TRUE,TRUE,1,,,,,,,,,,,,
"r31198","2022-23","Queens (NC)","Amari Davis","wbb-011472","amari davis","same_team_name_variant",0,TRUE,TRUE,TRUE,1,,,,,,,,,,,,
"r31199","2022-23","Queens (NC)","Kinley Brown","wbb-011473","kinley brown","same_team_name_variant",0,TRUE,TRUE,TRUE,1,,,,,,,,,,,,
"r31564","2022-23","Mount Olive","Michelle Stewart","wbb-010275","michelle stewart","same_team_name_variant",0,TRUE,TRUE,TRUE,1,,,,,,,,,,,,
"r31565","2022-23","Mount Olive","Makayla Kimble","wbb-010276","makayla kimble","same_team_name_variant",0,TRUE,TRUE,TRUE,1,,,,,,,,,,,,
"r31565","2022-23","Mount Olive","Makayla Kimble","wbb-016561","makayla kimble","same_team_name_variant",0,TRUE,TRUE,TRUE,1,,,,,,,,,,,,
"r32366","2022-23","Rosemont","Alona Stanley","wbb-011630","alona stanley","same_team_name_variant",0,TRUE,TRUE,TRUE,1,,,,,,,,,,,,
"r32366","2022-23","Rosemont","Alona Stanley","wbb-017076","alona stanley","same_team_name_variant",0,TRUE,TRUE,TRUE,1,,,,,,,,,,,,
"r32405","2022-23","Concordia Chicago","Nazuri Whigham","wbb-001838","nazuri whigham","same_team_name_variant",0,TRUE,TRUE,TRUE,1,,,,,,,,,,,,
"r32406","2022-23","Concordia Chicago","Melia Perry","wbb-001839","melia perry","same_team_name_variant",0,TRUE,TRUE,TRUE,1,,,,,,,,,,,,
"r32407","2022-23","Concordia Chicago","Prentciss Gates","wbb-001845","prentciss gates","same_team_name_variant",0,TRUE,TRUE,TRUE,1,,,,,,,,,,,,
"r32409","2022-23","Concordia Chicago","Mikalah Ellis","wbb-001855","mikalah ellis","same_team_name_variant",0,TRUE,TRUE,TRUE,1,,,,,,,,,,,,
"r32410","2022-23","Concordia Chicago","Emily Balaban","wbb-001857","emily balaban","same_team_name_variant",0,TRUE,TRUE,TRUE,1,,,,,,,,,,,,
"r32415","2022-23","Concordia Chicago","Sydney Lloyd","wbb-001844","sydney lloyd","same_team_name_variant",0,TRUE,TRUE,TRUE,1,,,,,,,,,,,,
"r32418","2022-23","Concordia Chicago","Amaya Martin","wbb-001848","amaya martin","same_team_name_variant",0,TRUE,TRUE,TRUE,1,,,,,,,,,,,,
"r32419","2022-23","Concordia Chicago","Kayla Jackson","wbb-001849","kayla jackson","same_team_name_variant",0,TRUE,TRUE,TRUE,1,,,,,,,,,,,,
"r32420","2022-23","Concordia Chicago","Janie Ternes","wbb-001850","janie ternes","same_team_name_variant",0,TRUE,TRUE,TRUE,1,,,,,,,,,,,,
"r32421","2022-23","Concordia Chicago","Alisyn MacGregor","wbb-001852","alisyn macgregor","same_team_name_variant",0,TRUE,TRUE,TRUE,1,,,,,,,,,,,,
"r32422","2022-23","Concordia Chicago","Jada Dixon","wbb-001853","jada dixon","same_team_name_variant",0,TRUE,TRUE,TRUE,1,,,,,,,,,,,,
"r32424","2022-23","Concordia Chicago","Mackenzie Straulin","wbb-001856","mackenzie straulin","same_team_name_variant",0,TRUE,TRUE,TRUE,1,,,,,,,,,,,,
"r33246","2022-23","Gannon","Samantha Pirosko","wbb-002806","samantha pirosko","same_team_name_variant",0,TRUE,TRUE,TRUE,1,,,,,,,,,,,,
"r33264","2022-23","SUNY Geneseo","Kiley Snow","wbb-002821","kiley snow","same_team_name_variant",0,TRUE,TRUE,TRUE,1,,,,,,,,,,,,
"r33264","2022-23","SUNY Geneseo","Kiley Snow","wbb-014048","kiley snow","same_team_name_variant",0,TRUE,TRUE,TRUE,1,,,,,,,,,,,,
"r33274","2022-23","SUNY Geneseo","Kerry Dennin","wbb-002819","kerry dennin","same_team_name_variant",0,TRUE,TRUE,TRUE,1,,,,,,,,,,,,
"r33274","2022-23","SUNY Geneseo","Kerry Dennin","wbb-014049","kerry dennin","same_team_name_variant",0,TRUE,TRUE,TRUE,1,,,,,,,,,,,,
"r33474","2022-23","IUPUI","Jaci Jones","wbb-010825","jaci jones","same_team_name_variant",0,TRUE,TRUE,TRUE,1,,,,,,,,,,,,
"r33475","2022-23","IUPUI","Logan Lewis","wbb-010826","logan lewis","same_team_name_variant",0,TRUE,TRUE,TRUE,1,,,,,,,,,,,,
"r33476","2022-23","IUPUI","Abby Wolterman","wbb-010827","abby wolterman","same_team_name_variant",0,TRUE,TRUE,TRUE,1,,,,,,,,,,,,
"r33686","2022-23","Farmingdale St.","Jocelyn Lebron","wbb-017180","jocelyn lebron","same_team_name_variant",0,TRUE,TRUE,TRUE,1,,,,,,,,,,,,
"r33842","2022-23","Hunter","Erin Cosio","wbb-003318","erin cosio","same_team_name_variant",0,TRUE,TRUE,TRUE,1,,,,,,,,,,,,
"r33842","2022-23","Hunter","Erin Cosio","wbb-014224","erin cosio","same_team_name_variant",0,TRUE,TRUE,TRUE,1,,,,,,,,,,,,
"r33844","2022-23","Hunter","Nia Chung","wbb-003325","nia chung","same_team_name_variant",0,TRUE,TRUE,TRUE,1,,,,,,,,,,,,
"r33958","2022-23","Lee","Anna Muhonen","wbb-011969","anna muhonen","same_team_name_variant",0,TRUE,TRUE,TRUE,1,,,,,,,,,,,,
"r33960","2022-23","Lee","Haylee Johnson","wbb-011979","haylee johnson","same_team_name_variant",0,TRUE,TRUE,TRUE,1,,,,,,,,,,,,
"r33962","2022-23","Lee","Ally Welfel","wbb-011970","ally welfel","same_team_name_variant",0,TRUE,TRUE,TRUE,1,,,,,,,,,,,,
"r33963","2022-23","Lee","Bailey Burgess","wbb-011971","bailey burgess","same_team_name_variant",0,TRUE,TRUE,TRUE,1,,,,,,,,,,,,
"r33964","2022-23","Lee","Susanna Rogers","wbb-011972","susanna rogers","same_team_name_variant",0,TRUE,TRUE,TRUE,1,,,,,,,,,,,,
"r33969","2022-23","Lee","Addison Smith","wbb-011978","addison smith","same_team_name_variant",0,TRUE,TRUE,TRUE,1,,,,,,,,,,,,
"r34613","2022-23","Fresno Pacific","Felicia Dourva","wbb-012629","felicia dourva","same_team_name_variant",0,TRUE,TRUE,TRUE,1,,,,,,,,,,,,
"r34615","2022-23","Fresno Pacific","Lydia Manu","wbb-012643","lydia manu","same_team_name_variant",0,TRUE,TRUE,TRUE,1,,,,,,,,,,,,
"r34617","2022-23","Fresno Pacific","Anisa Rillo","wbb-012631","anisa rillo","same_team_name_variant",0,TRUE,TRUE,TRUE,1,,,,,,,,,,,,
"r34619","2022-23","Fresno Pacific","Joleen Corona","wbb-012633","joleen corona","same_team_name_variant",0,TRUE,TRUE,TRUE,1,,,,,,,,,,,,
"r34620","2022-23","Fresno Pacific","Bre Hurt","wbb-012634","bre hurt","same_team_name_variant",0,TRUE,TRUE,TRUE,1,,,,,,,,,,,,
"r34621","2022-23","Fresno Pacific","Olivia Garcia","wbb-012635","olivia garcia","same_team_name_variant",0,TRUE,TRUE,TRUE,1,,,,,,,,,,,,
"r34623","2022-23","Fresno Pacific","Julie Ramirez","wbb-012638","julie ramirez","same_team_name_variant",0,TRUE,TRUE,TRUE,1,,,,,,,,,,,,
"r34625","2022-23","Fresno Pacific","Jenna Kurz","wbb-012640","jenna kurz","same_team_name_variant",0,TRUE,TRUE,TRUE,1,,,,,,,,,,,,
"r34749","2022-23","Berea","Destiny Combs","wbb-012793","destiny combs","same_team_name_variant",0,TRUE,TRUE,TRUE,1,,,,,,,,,,,,
"r34755","2022-23","Berea","Kauri McKeithen","wbb-012787","kauri mckeithen","same_team_name_variant",0,TRUE,TRUE,TRUE,1,,,,,,,,,,,,
"r34755","2022-23","Berea","Kauri McKeithen","wbb-017486","kauri mckeithen","same_team_name_variant",0,TRUE,TRUE,TRUE,1,,,,,,,,,,,,
"r34783","2022-23","Holy Names","Kalaya Lee","wbb-012815","kalaya lee","same_team_name_variant",0,TRUE,TRUE,TRUE,1,,,,,,,,,,,,
"r35395","2022-23","Lock Haven","Marena Lonardi","wbb-004062","marena lonardi","same_team_name_variant",0,TRUE,TRUE,TRUE,1,,,,,,,,,,,,
"r35395","2022-23","Lock Haven","Marena Lonardi","wbb-014467","marena lonardi","same_team_name_variant",0,TRUE,TRUE,TRUE,1,,,,,,,,,,,,
"r35399","2022-23","Lock Haven","Selena Mann","wbb-004067","selena mann","same_team_name_variant",0,TRUE,TRUE,TRUE,1,,,,,,,,,,,,
"r35402","2022-23","Lock Haven","Jackie Fetsko","wbb-004071","jackie fetsko","same_team_name_variant",0,TRUE,TRUE,TRUE,1,,,,,,,,,,,,
"r35402","2022-23","Lock Haven","Jackie Fetsko","wbb-014470","jackie fetsko","same_team_name_variant",0,TRUE,TRUE,TRUE,1,,,,,,,,,,,,
"r35792","2022-23","Aurora","Kamryn Bullock","wbb-000452","kamryn bullock","same_team_name_variant",0,TRUE,TRUE,TRUE,1,,,,,,,,,,,,
"r35793","2022-23","Aurora","Danielle Antione","wbb-000453","danielle antione","same_team_name_variant",0,TRUE,TRUE,TRUE,1,,,,,,,,,,,,
"r35794","2022-23","Aurora","Gabby Moore","wbb-000458","gabby moore","same_team_name_variant",0,TRUE,TRUE,TRUE,1,,,,,,,,,,,,
"r35796","2022-23","Aurora","Macy Kocen","wbb-000470","macy kocen","same_team_name_variant",0,TRUE,TRUE,TRUE,1,,,,,,,,,,,,
"r35798","2022-23","Aurora","Sam Barrett","wbb-000454","sam barrett","same_team_name_variant",0,TRUE,TRUE,TRUE,1,,,,,,,,,,,,
"r35799","2022-23","Aurora","Sydney Willahan","wbb-000455","sydney willahan","same_team_name_variant",0,TRUE,TRUE,TRUE,1,,,,,,,,,,,,
"r35801","2022-23","Aurora","Kylie Fischbach","wbb-000457","kylie fischbach","same_team_name_variant",0,TRUE,TRUE,TRUE,1,,,,,,,,,,,,
"r35806","2022-23","Aurora","Yasmine Edmonson","wbb-000463","yasmine edmonson","same_team_name_variant",0,TRUE,TRUE,TRUE,1,,,,,,,,,,,,
"r35807","2022-23","Aurora","Eliot Dojutrek","wbb-000464","eliot dojutrek","same_team_name_variant",0,TRUE,TRUE,TRUE,1,,,,,,,,,,,,
"r35808","2022-23","Aurora","Gabrielle Wolff","wbb-000466","gabrielle wolff","same_team_name_variant",0,TRUE,TRUE,TRUE,1,,,,,,,,,,,,
"r35812","2022-23","Aurora","Alyssa Temple","wbb-000471","alyssa temple","same_team_name_variant",0,TRUE,TRUE,TRUE,1,,,,,,,,,,,,
"r35813","2022-23","Aurora","Nikki Sullivan","wbb-000472","nikki sullivan","same_team_name_variant",0,TRUE,TRUE,TRUE,1,,,,,,,,,,,,
"r35814","2022-23","Aurora","Karli Fischbach","wbb-000474","karli fischbach","same_team_name_variant",0,TRUE,TRUE,TRUE,1,,,,,,,,,,,,
"r35847","2022-23","Millersville","Brenna Ortwein","wbb-004814","brenna ortwein","same_team_name_variant",0,TRUE,TRUE,TRUE,1,,,,,,,,,,,,
"r35848","2022-23","Millersville","Morgan Mahoney","wbb-004820","morgan mahoney","same_team_name_variant",0,TRUE,TRUE,TRUE,1,,,,,,,,,,,,
"r35849","2022-23","Millersville","Jillian Crawford","wbb-004821","jillian crawford","same_team_name_variant",0,TRUE,TRUE,TRUE,1,,,,,,,,,,,,
"r35852","2022-23","Millersville","Marin Miller","wbb-004809","marin miller","same_team_name_variant",0,TRUE,TRUE,TRUE,1,,,,,,,,,,,,
"r35853","2022-23","Millersville","Makiah Shaw","wbb-004810","makiah shaw","same_team_name_variant",0,TRUE,TRUE,TRUE,1,,,,,,,,,,,,
"r35856","2022-23","Millersville","Alyssa Rodriques","wbb-004813","alyssa rodriques","same_team_name_variant",0,TRUE,TRUE,TRUE,1,,,,,,,,,,,,
"r35861","2022-23","Millersville","Christa Ricks","wbb-004819","christa ricks","same_team_name_variant",0,TRUE,TRUE,TRUE,1,,,,,,,,,,,,
"r35909","2022-23","Minn. Duluth","Maesyn Thiesen","wbb-004867","maesyn thiesen","same_team_name_variant",0,TRUE,TRUE,TRUE,1,,,,,,,,,,,,
"r35914","2022-23","Mississippi College","Karly Ivy","wbb-014728","karly ivy","same_team_name_variant",0,TRUE,TRUE,TRUE,1,,,,,,,,,,,,
"r35919","2022-23","Mississippi College","Taylor Ben","wbb-014729","taylor ben","same_team_name_variant",0,TRUE,TRUE,TRUE,1,,,,,,,,,,,,
"r35920","2022-23","Mississippi College","Kyiah Julian","wbb-004889","kyiah julian","same_team_name_variant",0,TRUE,TRUE,TRUE,1,,,,,,,,,,,,
"r35922","2022-23","Mississippi College","Keller Bigham","wbb-014730","keller bigham","same_team_name_variant",0,TRUE,TRUE,TRUE,1,,,,,,,,,,,,
"r35923","2022-23","Mississippi College","Brett Gardner","wbb-014731","brett gardner","same_team_name_variant",0,TRUE,TRUE,TRUE,1,,,,,,,,,,,,
"r35926","2022-23","Mississippi College","Mya Bobo","wbb-014735","mya bobo","same_team_name_variant",0,TRUE,TRUE,TRUE,1,,,,,,,,,,,,
"r35927","2022-23","Mississippi College","Sky Vaughn","wbb-014736","sky vaughn","same_team_name_variant",0,TRUE,TRUE,TRUE,1,,,,,,,,,,,,
"r36827","2022-23","Ramapo","Bridget Cahill","wbb-006443","bridget cahill","same_team_name_variant",0,TRUE,TRUE,TRUE,1,,,,,,,,,,,,
"r37289","2022-23","St. Olaf","Cayden Botten","wbb-007001","cayden botten","same_team_name_variant",0,TRUE,TRUE,TRUE,1,,,,,,,,,,,,
"r37289","2022-23","St. Olaf","Cayden Botten","wbb-015466","cayden botten","same_team_name_variant",0,TRUE,TRUE,TRUE,1,,,,,,,,,,,,
"r37493","2022-23","South Carolina St.","Nicole Gwynn","wbb-015597","nicole gwynn","same_team_name_variant",0,TRUE,TRUE,TRUE,1,,,,,,,,,,,,
"r37545","2022-23","Southern Conn. St.","Alexa Kellner","wbb-007488","alexa kellner","same_team_name_variant",0,TRUE,TRUE,TRUE,1,,,,,,,,,,,,
"r37545","2022-23","Southern Conn. St.","Alexa Kellner","wbb-015633","alexa kellner","same_team_name_variant",0,TRUE,TRUE,TRUE,1,,,,,,,,,,,,
"r37810","2022-23","Bowie St.","Jazmyne Scott","wbb-000807","jazmyne scott","same_team_name_variant",0,TRUE,TRUE,TRUE,1,,,,,,,,,,,,
"r37810","2022-23","Bowie St.","Jazmyne Scott","wbb-013347","jazmyne scott","same_team_name_variant",0,TRUE,TRUE,TRUE,1,,,,,,,,,,,,
"r37834","2022-23","Thiel","Emili Scavitto","wbb-008030","emili scavitto","same_team_name_variant",0,TRUE,TRUE,TRUE,1,,,,,,,,,,,,
"r37835","2022-23","Thiel","Taylor Susany","wbb-008039","taylor susany","same_team_name_variant",0,TRUE,TRUE,TRUE,1,,,,,,,,,,,,
"r37840","2022-23","Thiel","Lexy Wagner","wbb-008034","lexy wagner","same_team_name_variant",0,TRUE,TRUE,TRUE,1,,,,,,,,,,,,
"r37845","2022-23","Thiel","Jessica Wagner","wbb-008040","jessica wagner","same_team_name_variant",0,TRUE,TRUE,TRUE,1,,,,,,,,,,,,
"r37846","2022-23","Thiel","Giana Arnese","wbb-008041","giana arnese","same_team_name_variant",0,TRUE,TRUE,TRUE,1,,,,,,,,,,,,
"r38219","2022-23","Wilkes","Julianna Askins","wbb-008842","julianna askins","same_team_name_variant",0,TRUE,TRUE,TRUE,1,,,,,,,,,,,,
"r38220","2022-23","Wilkes","Julia Marino","wbb-008849","julia marino","same_team_name_variant",0,TRUE,TRUE,TRUE,1,,,,,,,,,,,,
"r38221","2022-23","Wilkes","Madison Robel","wbb-008855","madison robel","same_team_name_variant",0,TRUE,TRUE,TRUE,1,,,,,,,,,,,,
"r38224","2022-23","Wilkes","Yamirelis Matos","wbb-008844","yamirelis matos","same_team_name_variant",0,TRUE,TRUE,TRUE,1,,,,,,,,,,,,
"r38225","2022-23","Wilkes","Nadia Evanosky","wbb-008845","nadia evanosky","same_team_name_variant",0,TRUE,TRUE,TRUE,1,,,,,,,,,,,,
"r38226","2022-23","Wilkes","Jordyn Jennings","wbb-008846","jordyn jennings","same_team_name_variant",0,TRUE,TRUE,TRUE,1,,,,,,,,,,,,
"r38227","2022-23","Wilkes","Reagan Holden","wbb-008847","reagan holden","same_team_name_variant",0,TRUE,TRUE,TRUE,1,,,,,,,,,,,,
"r38228","2022-23","Wilkes","Tess Edwards","wbb-008848","tess edwards","same_team_name_variant",0,TRUE,TRUE,TRUE,1,,,,,,,,,,,,
"r38229","2022-23","Wilkes","Erin Shober","wbb-008850","erin shober","same_team_name_variant",0,TRUE,TRUE,TRUE,1,,,,,,,,,,,,
"r38230","2022-23","Wilkes","Emma Stout","wbb-008851","emma stout","same_team_name_variant",0,TRUE,TRUE,TRUE,1,,,,,,,,,,,,
"r38231","2022-23","Wilkes","Victoria Crooker","wbb-008852","victoria crooker","same_team_name_variant",0,TRUE,TRUE,TRUE,1,,,,,,,,,,,,
"r39027","2022-23","Bard","Thalia Grandinetti","wbb-016216","thalia grandinetti","same_team_name_variant",0,TRUE,TRUE,TRUE,1,,,,,,,,,,,,
"r39256","2022-23","Marquette","Claire Kaifes","wbb-004421","claire kaifes","same_team_name_variant",0,TRUE,TRUE,TRUE,1,,,,,,,,,,,,
"r39415","2022-23","Oklahoma","Taylor Robertson","wbb-015099","taylor robertson","same_team_name_variant",0,TRUE,TRUE,TRUE,1,,,,,,,,,,,,
"r39459","2022-23","Georgia","Chloe Chapman","wbb-002903","chloe chapman","same_team_name_variant",0,TRUE,TRUE,TRUE,1,,,,,,,,,,,,
"r39466","2022-23","Georgia","Malury Bates","wbb-002910","malury bates","same_team_name_variant",0,TRUE,TRUE,TRUE,1,,,,,,,,,,,,
"r39472","2022-23","Georgia","Javyn Nicholson","wbb-002913","javyn nicholson","same_team_name_variant",0,TRUE,TRUE,TRUE,1,,,,,,,,,,,,
"r40514","2022-23","Bluefield St.","Azariah Binford","wbb-016231","azariah binford","same_team_name_variant",0,TRUE,TRUE,TRUE,1,,,,,,,,,,,,
"r40514","2022-23","Bluefield St.","Azariah Binford","wbb-016232","azariah binford","same_team_name_variant",0,TRUE,TRUE,TRUE,1,,,,,,,,,,,,
"r29090","2022-23","Merrimack","Sidni Wise-Wright","wbb-012196","sidni wise wright","transfer_name_variant",0,TRUE,TRUE,TRUE,1,,,,,,,,,,,,
"r32380","2022-23","Columbus St.","Lacy Robins","wbb-002864","lacy robins","transfer_name_variant",0,TRUE,TRUE,TRUE,1,,,,,,,,,,,,
"r36926","2022-23","Rhode Island College","Jayda Bing","wbb-013954","jayda bing","transfer_name_variant",0,TRUE,TRUE,TRUE,1,,,,,,,,,,,,
"r39175","2022-23","Valley Forge","Jasmine Hamilton","wbb-017490","jasmine hamilton","transfer_name_variant",0,TRUE,TRUE,TRUE,1,,,,,,,,,,,,
"r39867","2022-23","Dist. Columbia","Shanell Haskins","wbb-003907","shanell haskins","transfer_name_variant",0,TRUE,TRUE,TRUE,1,,,,,,,,,,,,
"r40820","2023-24","Appalachian State","Mariah Frazier","wbb-013158","mariah frazier","same_team_name_variant",0,TRUE,TRUE,TRUE,1,,,,,,,,,,,,
"r41005","2023-24","Aurora","Kamryn Bullock","wbb-000452","kamryn bullock","same_team_name_variant",0,TRUE,TRUE,TRUE,1,,,,,,,,,,,,
"r41005","2023-24","Aurora","Kamryn Bullock","wbb-020395","kamryn bullock","same_team_name_variant",0,TRUE,TRUE,TRUE,1,,,,,,,,,,,,
"r41006","2023-24","Aurora","Danielle Antione","wbb-000453","danielle antione","same_team_name_variant",0,TRUE,TRUE,TRUE,1,,,,,,,,,,,,
"r41006","2023-24","Aurora","Danielle Antione","wbb-020396","danielle antione","same_team_name_variant",0,TRUE,TRUE,TRUE,1,,,,,,,,,,,,
"r41007","2023-24","Aurora","Sam Barrett","wbb-000454","sam barrett","same_team_name_variant",0,TRUE,TRUE,TRUE,1,,,,,,,,,,,,
"r41007","2023-24","Aurora","Sam Barrett","wbb-020399","sam barrett","same_team_name_variant",0,TRUE,TRUE,TRUE,1,,,,,,,,,,,,
"r41009","2023-24","Aurora","Sydney Willahan","wbb-000455","sydney willahan","same_team_name_variant",0,TRUE,TRUE,TRUE,1,,,,,,,,,,,,
"r41009","2023-24","Aurora","Sydney Willahan","wbb-020400","sydney willahan","same_team_name_variant",0,TRUE,TRUE,TRUE,1,,,,,,,,,,,,
"r41010","2023-24","Aurora","Selena Vargas","wbb-000456","selena vargas","same_team_name_variant",0,TRUE,TRUE,TRUE,1,,,,,,,,,,,,
"r41010","2023-24","Aurora","Selena Vargas","wbb-003202","selena vargas","same_team_name_variant",0,TRUE,TRUE,TRUE,1,,,,,,,,,,,,
"r41012","2023-24","Aurora","Kylie Fischbach","wbb-000457","kylie fischbach","same_team_name_variant",0,TRUE,TRUE,TRUE,1,,,,,,,,,,,,
"r41012","2023-24","Aurora","Kylie Fischbach","wbb-020401","kylie fischbach","same_team_name_variant",0,TRUE,TRUE,TRUE,1,,,,,,,,,,,,
"r41018","2023-24","Aurora","Yasmine Edmonson","wbb-000463","yasmine edmonson","same_team_name_variant",0,TRUE,TRUE,TRUE,1,,,,,,,,,,,,
"r41018","2023-24","Aurora","Yasmine Edmonson","wbb-020402","yasmine edmonson","same_team_name_variant",0,TRUE,TRUE,TRUE,1,,,,,,,,,,,,
"r41019","2023-24","Aurora","Eliot Dojutrek","wbb-000464","eliot dojutrek","same_team_name_variant",0,TRUE,TRUE,TRUE,1,,,,,,,,,,,,
"r41019","2023-24","Aurora","Eliot Dojutrek","wbb-020403","eliot dojutrek","same_team_name_variant",0,TRUE,TRUE,TRUE,1,,,,,,,,,,,,
"r41022","2023-24","Aurora","Gabrielle Wolff","wbb-000466","gabrielle wolff","same_team_name_variant",0,TRUE,TRUE,TRUE,1,,,,,,,,,,,,
"r41022","2023-24","Aurora","Gabrielle Wolff","wbb-020404","gabrielle wolff","same_team_name_variant",0,TRUE,TRUE,TRUE,1,,,,,,,,,,,,
"r41027","2023-24","Aurora","Macy Kocen","wbb-000470","macy kocen","same_team_name_variant",0,TRUE,TRUE,TRUE,1,,,,,,,,,,,,
"r41027","2023-24","Aurora","Macy Kocen","wbb-020398","macy kocen","same_team_name_variant",0,TRUE,TRUE,TRUE,1,,,,,,,,,,,,
"r41029","2023-24","Aurora","Alyssa Temple","wbb-000471","alyssa temple","same_team_name_variant",0,TRUE,TRUE,TRUE,1,,,,,,,,,,,,
"r41029","2023-24","Aurora","Alyssa Temple","wbb-020405","alyssa temple","same_team_name_variant",0,TRUE,TRUE,TRUE,1,,,,,,,,,,,,
"r41031","2023-24","Aurora","Nikki Sullivan","wbb-000472","nikki sullivan","same_team_name_variant",0,TRUE,TRUE,TRUE,1,,,,,,,,,,,,
"r41031","2023-24","Aurora","Nikki Sullivan","wbb-020406","nikki sullivan","same_team_name_variant",0,TRUE,TRUE,TRUE,1,,,,,,,,,,,,
"r42493","2023-24","Concordia Chicago","Nazuri Whigham","wbb-001838","nazuri whigham","same_team_name_variant",0,TRUE,TRUE,TRUE,1,,,,,,,,,,,,
"r42493","2023-24","Concordia Chicago","Nazuri Whigham","wbb-019280","nazuri whigham","same_team_name_variant",0,TRUE,TRUE,TRUE,1,,,,,,,,,,,,
"r42494","2023-24","Concordia Chicago","Melia Perry","wbb-001839","melia perry","same_team_name_variant",0,TRUE,TRUE,TRUE,1,,,,,,,,,,,,
"r42494","2023-24","Concordia Chicago","Melia Perry","wbb-019281","melia perry","same_team_name_variant",0,TRUE,TRUE,TRUE,1,,,,,,,,,,,,
"r42499","2023-24","Concordia Chicago","Prentciss Gates","wbb-001845","prentciss gates","same_team_name_variant",0,TRUE,TRUE,TRUE,1,,,,,,,,,,,,
"r42499","2023-24","Concordia Chicago","Prentciss Gates","wbb-019282","prentciss gates","same_team_name_variant",0,TRUE,TRUE,TRUE,1,,,,,,,,,,,,
"r42501","2023-24","Concordia Chicago","Amaya Martin","wbb-001848","amaya martin","same_team_name_variant",0,TRUE,TRUE,TRUE,1,,,,,,,,,,,,
"r42501","2023-24","Concordia Chicago","Amaya Martin","wbb-019286","amaya martin","same_team_name_variant",0,TRUE,TRUE,TRUE,1,,,,,,,,,,,,
"r42502","2023-24","Concordia Chicago","Kayla Jackson","wbb-001849","kayla jackson","same_team_name_variant",0,TRUE,TRUE,TRUE,1,,,,,,,,,,,,
"r42502","2023-24","Concordia Chicago","Kayla Jackson","wbb-019287","kayla jackson","same_team_name_variant",0,TRUE,TRUE,TRUE,1,,,,,,,,,,,,
"r42503","2023-24","Concordia Chicago","Janie Ternes","wbb-001850","janie ternes","same_team_name_variant",0,TRUE,TRUE,TRUE,1,,,,,,,,,,,,
"r42503","2023-24","Concordia Chicago","Janie Ternes","wbb-019288","janie ternes","same_team_name_variant",0,TRUE,TRUE,TRUE,1,,,,,,,,,,,,
"r42505","2023-24","Concordia Chicago","Alisyn MacGregor","wbb-001852","alisyn macgregor","same_team_name_variant",0,TRUE,TRUE,TRUE,1,,,,,,,,,,,,
"r42505","2023-24","Concordia Chicago","Alisyn MacGregor","wbb-019289","alisyn macgregor","same_team_name_variant",0,TRUE,TRUE,TRUE,1,,,,,,,,,,,,
"r42507","2023-24","Concordia Chicago","Mikalah Ellis","wbb-001855","mikalah ellis","same_team_name_variant",0,TRUE,TRUE,TRUE,1,,,,,,,,,,,,
"r42507","2023-24","Concordia Chicago","Mikalah Ellis","wbb-019283","mikalah ellis","same_team_name_variant",0,TRUE,TRUE,TRUE,1,,,,,,,,,,,,
"r42509","2023-24","Concordia Chicago","Mackenzie Straulin","wbb-001856","mackenzie straulin","same_team_name_variant",0,TRUE,TRUE,TRUE,1,,,,,,,,,,,,
"r42509","2023-24","Concordia Chicago","Mackenzie Straulin","wbb-019291","mackenzie straulin","same_team_name_variant",0,TRUE,TRUE,TRUE,1,,,,,,,,,,,,
"r42510","2023-24","Concordia Chicago","Emily Balaban","wbb-001857","emily balaban","same_team_name_variant",0,TRUE,TRUE,TRUE,1,,,,,,,,,,,,
"r42510","2023-24","Concordia Chicago","Emily Balaban","wbb-019284","emily balaban","same_team_name_variant",0,TRUE,TRUE,TRUE,1,,,,,,,,,,,,
"r43432","2023-24","Florida","Zippy Broughton","wbb-014012","zippy broughton","same_team_name_variant",0,TRUE,TRUE,TRUE,1,,,,,,,,,,,,
"r43539","2023-24","Gannon","Samantha Pirosko","wbb-002806","samantha pirosko","same_team_name_variant",0,TRUE,TRUE,TRUE,1,,,,,,,,,,,,
"r43539","2023-24","Gannon","Samantha Pirosko","wbb-019540","samantha pirosko","same_team_name_variant",0,TRUE,TRUE,TRUE,1,,,,,,,,,,,,
"r43550","2023-24","SUNY Geneseo","Kiley Snow","wbb-002821","kiley snow","same_team_name_variant",0,TRUE,TRUE,TRUE,1,,,,,,,,,,,,
"r43550","2023-24","SUNY Geneseo","Kiley Snow","wbb-014048","kiley snow","same_team_name_variant",0,TRUE,TRUE,TRUE,1,,,,,,,,,,,,
"r43550","2023-24","SUNY Geneseo","Kiley Snow","wbb-019546","kiley snow","same_team_name_variant",0,TRUE,TRUE,TRUE,1,,,,,,,,,,,,
"r43551","2023-24","SUNY Geneseo","Kerry Dennin","wbb-002819","kerry dennin","same_team_name_variant",0,TRUE,TRUE,TRUE,1,,,,,,,,,,,,
"r43551","2023-24","SUNY Geneseo","Kerry Dennin","wbb-014049","kerry dennin","same_team_name_variant",0,TRUE,TRUE,TRUE,1,,,,,,,,,,,,
"r43551","2023-24","SUNY Geneseo","Kerry Dennin","wbb-019549","kerry dennin","same_team_name_variant",0,TRUE,TRUE,TRUE,1,,,,,,,,,,,,
"r43642","2023-24","Georgia","Chloe Chapman","wbb-002903","chloe chapman","same_team_name_variant",0,TRUE,TRUE,TRUE,1,,,,,,,,,,,,
"r43642","2023-24","Georgia","Chloe Chapman","wbb-021600","chloe chapman","same_team_name_variant",0,TRUE,TRUE,TRUE,1,,,,,,,,,,,,
"r43652","2023-24","Georgia","Javyn Nicholson","wbb-002913","javyn nicholson","same_team_name_variant",0,TRUE,TRUE,TRUE,1,,,,,,,,,,,,
"r43652","2023-24","Georgia","Javyn Nicholson","wbb-021605","javyn nicholson","same_team_name_variant",0,TRUE,TRUE,TRUE,1,,,,,,,,,,,,
"r43707","2023-24","Grambling","DeMya Young","wbb-014107","demya young","same_team_name_variant",0,TRUE,TRUE,TRUE,1,,,,,,,,,,,,
"r44072","2023-24","Hunter","Erin Cosio","wbb-003318","erin cosio","same_team_name_variant",0,TRUE,TRUE,TRUE,1,,,,,,,,,,,,
"r44072","2023-24","Hunter","Erin Cosio","wbb-014224","erin cosio","same_team_name_variant",0,TRUE,TRUE,TRUE,1,,,,,,,,,,,,
"r44072","2023-24","Hunter","Erin Cosio","wbb-019763","erin cosio","same_team_name_variant",0,TRUE,TRUE,TRUE,1,,,,,,,,,,,,
"r44079","2023-24","Hunter","Nia Chung","wbb-003325","nia chung","same_team_name_variant",0,TRUE,TRUE,TRUE,1,,,,,,,,,,,,
"r44079","2023-24","Hunter","Nia Chung","wbb-019764","nia chung","same_team_name_variant",0,TRUE,TRUE,TRUE,1,,,,,,,,,,,,
"r44415","2023-24","John Jay","Chayanne Kelly","wbb-003662","chayanne kelly","same_team_name_variant",0,TRUE,TRUE,TRUE,1,,,,,,,,,,,,
"r44547","2023-24","Kentucky St.","Gracen Kerr","wbb-020209","gracen kerr","same_team_name_variant",0,TRUE,TRUE,TRUE,1,,,,,,,,,,,,
"r44748","2023-24","Le Moyne","Sydney Lusher","wbb-014440","sydney lusher","same_team_name_variant",0,TRUE,TRUE,TRUE,1,,,,,,,,,,,,
"r44777","2023-24","Lehigh","Katie Hurt","wbb-004000","katie hurt","same_team_name_variant",0,TRUE,TRUE,TRUE,1,,,,,,,,,,,,
"r44777","2023-24","Lehigh","Katie Hurt","wbb-018209","katie hurt","same_team_name_variant",0,TRUE,TRUE,TRUE,1,,,,,,,,,,,,
"r44778","2023-24","Lehigh","Fabienne Eggenschwiler","wbb-004001","fabienne eggenschwiler","same_team_name_variant",0,TRUE,TRUE,TRUE,1,,,,,,,,,,,,
"r44778","2023-24","Lehigh","Fabienne Eggenschwiler","wbb-018210","fabienne eggenschwiler","same_team_name_variant",0,TRUE,TRUE,TRUE,1,,,,,,,,,,,,
"r44779","2023-24","Lehigh","Jamie Behar","wbb-004002","jamie behar","same_team_name_variant",0,TRUE,TRUE,TRUE,1,,,,,,,,,,,,
"r44779","2023-24","Lehigh","Jamie Behar","wbb-018211","jamie behar","same_team_name_variant",0,TRUE,TRUE,TRUE,1,,,,,,,,,,,,
"r44780","2023-24","Lehigh","Kaylee Van Eps","wbb-004003","kaylee van eps","same_team_name_variant",0,TRUE,TRUE,TRUE,1,,,,,,,,,,,,
"r44780","2023-24","Lehigh","Kaylee Van Eps","wbb-018212","kaylee van eps","same_team_name_variant",0,TRUE,TRUE,TRUE,1,,,,,,,,,,,,
"r44783","2023-24","Lehigh","Maddie Albrecht","wbb-004006","maddie albrecht","same_team_name_variant",0,TRUE,TRUE,TRUE,1,,,,,,,,,,,,
"r44783","2023-24","Lehigh","Maddie Albrecht","wbb-018213","maddie albrecht","same_team_name_variant",0,TRUE,TRUE,TRUE,1,,,,,,,,,,,,
"r44785","2023-24","Lehigh","Kamara St.Paul","wbb-004008","kamara st paul","same_team_name_variant",0,TRUE,TRUE,TRUE,1,,,,,,,,,,,,
"r44785","2023-24","Lehigh","Kamara St.Paul","wbb-018207","kamara st paul","same_team_name_variant",0,TRUE,TRUE,TRUE,1,,,,,,,,,,,,
"r44788","2023-24","Lehigh","Meghan O'Brien","wbb-004010","meghan o brien","same_team_name_variant",0,TRUE,TRUE,TRUE,1,,,,,,,,,,,,
"r44788","2023-24","Lehigh","Meghan O'Brien","wbb-018214","meghan o brien","same_team_name_variant",0,TRUE,TRUE,TRUE,1,,,,,,,,,,,,
"r44789","2023-24","Lehigh","Lily Fandre","wbb-004011","lily fandre","same_team_name_variant",0,TRUE,TRUE,TRUE,1,,,,,,,,,,,,
"r44789","2023-24","Lehigh","Lily Fandre","wbb-018215","lily fandre","same_team_name_variant",0,TRUE,TRUE,TRUE,1,,,,,,,,,,,,
"r44790","2023-24","Lehigh","Ella Stemmer","wbb-004012","ella stemmer","same_team_name_variant",0,TRUE,TRUE,TRUE,1,,,,,,,,,,,,
"r44790","2023-24","Lehigh","Ella Stemmer","wbb-018208","ella stemmer","same_team_name_variant",0,TRUE,TRUE,TRUE,1,,,,,,,,,,,,
"r44850","2023-24","Lock Haven","Jackie Fetsko","wbb-004071","jackie fetsko","same_team_name_variant",0,TRUE,TRUE,TRUE,1,,,,,,,,,,,,
"r44850","2023-24","Lock Haven","Jackie Fetsko","wbb-014470","jackie fetsko","same_team_name_variant",0,TRUE,TRUE,TRUE,1,,,,,,,,,,,,
"r44850","2023-24","Lock Haven","Jackie Fetsko","wbb-020266","jackie fetsko","same_team_name_variant",0,TRUE,TRUE,TRUE,1,,,,,,,,,,,,
"r45630","2023-24","Millersville","Marin Miller","wbb-004809","marin miller","same_team_name_variant",0,TRUE,TRUE,TRUE,1,,,,,,,,,,,,
"r45630","2023-24","Millersville","Marin Miller","wbb-020427","marin miller","same_team_name_variant",0,TRUE,TRUE,TRUE,1,,,,,,,,,,,,
"r45633","2023-24","Millersville","Makiah Shaw","wbb-004810","makiah shaw","same_team_name_variant",0,TRUE,TRUE,TRUE,1,,,,,,,,,,,,
"r45633","2023-24","Millersville","Makiah Shaw","wbb-020428","makiah shaw","same_team_name_variant",0,TRUE,TRUE,TRUE,1,,,,,,,,,,,,
"r45636","2023-24","Millersville","Alyssa Rodriques","wbb-004813","alyssa rodriques","same_team_name_variant",0,TRUE,TRUE,TRUE,1,,,,,,,,,,,,
"r45636","2023-24","Millersville","Alyssa Rodriques","wbb-020429","alyssa rodriques","same_team_name_variant",0,TRUE,TRUE,TRUE,1,,,,,,,,,,,,
"r45637","2023-24","Millersville","Brenna Ortwein","wbb-004814","brenna ortwein","same_team_name_variant",0,TRUE,TRUE,TRUE,1,,,,,,,,,,,,
"r45637","2023-24","Millersville","Brenna Ortwein","wbb-020424","brenna ortwein","same_team_name_variant",0,TRUE,TRUE,TRUE,1,,,,,,,,,,,,
"r45639","2023-24","Millersville","Christa Ricks","wbb-004819","christa ricks","same_team_name_variant",0,TRUE,TRUE,TRUE,1,,,,,,,,,,,,
"r45639","2023-24","Millersville","Christa Ricks","wbb-020430","christa ricks","same_team_name_variant",0,TRUE,TRUE,TRUE,1,,,,,,,,,,,,
"r45640","2023-24","Millersville","Morgan Mahoney","wbb-004820","morgan mahoney","same_team_name_variant",0,TRUE,TRUE,TRUE,1,,,,,,,,,,,,
"r45640","2023-24","Millersville","Morgan Mahoney","wbb-020425","morgan mahoney","same_team_name_variant",0,TRUE,TRUE,TRUE,1,,,,,,,,,,,,
"r45641","2023-24","Millersville","Jillian Crawford","wbb-004821","jillian crawford","same_team_name_variant",0,TRUE,TRUE,TRUE,1,,,,,,,,,,,,
"r45641","2023-24","Millersville","Jillian Crawford","wbb-020426","jillian crawford","same_team_name_variant",0,TRUE,TRUE,TRUE,1,,,,,,,,,,,,
"r45714","2023-24","Mississippi College","Karly Ivy","wbb-014728","karly ivy","same_team_name_variant",0,TRUE,TRUE,TRUE,1,,,,,,,,,,,,
"r45714","2023-24","Mississippi College","Karly Ivy","wbb-020448","karly ivy","same_team_name_variant",0,TRUE,TRUE,TRUE,1,,,,,,,,,,,,
"r45718","2023-24","Mississippi College","Keller Bigham","wbb-014730","keller bigham","same_team_name_variant",0,TRUE,TRUE,TRUE,1,,,,,,,,,,,,
"r45718","2023-24","Mississippi College","Keller Bigham","wbb-020454","keller bigham","same_team_name_variant",0,TRUE,TRUE,TRUE,1,,,,,,,,,,,,
"r45719","2023-24","Mississippi College","Brett Gardner","wbb-014731","brett gardner","same_team_name_variant",0,TRUE,TRUE,TRUE,1,,,,,,,,,,,,
"r45719","2023-24","Mississippi College","Brett Gardner","wbb-020455","brett gardner","same_team_name_variant",0,TRUE,TRUE,TRUE,1,,,,,,,,,,,,
"r45723","2023-24","Mississippi College","Mya Bobo","wbb-014735","mya bobo","same_team_name_variant",0,TRUE,TRUE,TRUE,1,,,,,,,,,,,,
"r45723","2023-24","Mississippi College","Mya Bobo","wbb-020457","mya bobo","same_team_name_variant",0,TRUE,TRUE,TRUE,1,,,,,,,,,,,,
"r45724","2023-24","Mississippi College","Sky Vaughn","wbb-014736","sky vaughn","same_team_name_variant",0,TRUE,TRUE,TRUE,1,,,,,,,,,,,,
"r45724","2023-24","Mississippi College","Sky Vaughn","wbb-020458","sky vaughn","same_team_name_variant",0,TRUE,TRUE,TRUE,1,,,,,,,,,,,,
"r46979","2023-24","Oswego St.","Logan Castiglione","wbb-006054","logan castiglione","same_team_name_variant",0,TRUE,TRUE,TRUE,1,,,,,,,,,,,,
"r47378","2023-24","Ramapo","Bridget Cahill","wbb-006443","bridget cahill","same_team_name_variant",0,TRUE,TRUE,TRUE,1,,,,,,,,,,,,
"r47378","2023-24","Ramapo","Bridget Cahill","wbb-020736","bridget cahill","same_team_name_variant",0,TRUE,TRUE,TRUE,1,,,,,,,,,,,,
"r47982","2023-24","St. Olaf","Cayden Botten","wbb-007001","cayden botten","same_team_name_variant",0,TRUE,TRUE,TRUE,1,,,,,,,,,,,,
"r47982","2023-24","St. Olaf","Cayden Botten","wbb-015466","cayden botten","same_team_name_variant",0,TRUE,TRUE,TRUE,1,,,,,,,,,,,,
"r47982","2023-24","St. Olaf","Cayden Botten","wbb-020880","cayden botten","same_team_name_variant",0,TRUE,TRUE,TRUE,1,,,,,,,,,,,,
"r48079","2023-24","Samford","Alyssa Tarpley","wbb-015493","alyssa tarpley","same_team_name_variant",0,TRUE,TRUE,TRUE,1,,,,,,,,,,,,
"r48079","2023-24","Samford","Alyssa Tarpley","wbb-018442","alyssa tarpley","same_team_name_variant",0,TRUE,TRUE,TRUE,1,,,,,,,,,,,,
"r48080","2023-24","Samford","Masyn Marchbanks","wbb-015494","masyn marchbanks","same_team_name_variant",0,TRUE,TRUE,TRUE,1,,,,,,,,,,,,
"r48080","2023-24","Samford","Masyn Marchbanks","wbb-018440","masyn marchbanks","same_team_name_variant",0,TRUE,TRUE,TRUE,1,,,,,,,,,,,,
"r48081","2023-24","Samford","Kiersten Nelson","wbb-007103","kiersten nelson","same_team_name_variant",0,TRUE,TRUE,TRUE,1,,,,,,,,,,,,
"r48081","2023-24","Samford","Kiersten Nelson","wbb-018444","kiersten nelson","same_team_name_variant",0,TRUE,TRUE,TRUE,1,,,,,,,,,,,,
"r48831","2023-24","Tampa","Audrey Ramsey","wbb-007821","audrey ramsey","same_team_name_variant",0,TRUE,TRUE,TRUE,1,,,,,,,,,,,,
"r49051","2023-24","UT-San Antonio","Kyleigh McGuire","wbb-008022","kyleigh mcguire","same_team_name_variant",0,TRUE,TRUE,TRUE,1,,,,,,,,,,,,
"r49051","2023-24","UT-San Antonio","Kyleigh McGuire","wbb-018608","kyleigh mcguire","same_team_name_variant",0,TRUE,TRUE,TRUE,1,,,,,,,,,,,,
"r49058","2023-24","Thiel","Emili Scavitto","wbb-008030","emili scavitto","same_team_name_variant",0,TRUE,TRUE,TRUE,1,,,,,,,,,,,,
"r49058","2023-24","Thiel","Emili Scavitto","wbb-021056","emili scavitto","same_team_name_variant",0,TRUE,TRUE,TRUE,1,,,,,,,,,,,,
"r49060","2023-24","Thiel","Lexy Wagner","wbb-008034","lexy wagner","same_team_name_variant",0,TRUE,TRUE,TRUE,1,,,,,,,,,,,,
"r49060","2023-24","Thiel","Lexy Wagner","wbb-021058","lexy wagner","same_team_name_variant",0,TRUE,TRUE,TRUE,1,,,,,,,,,,,,
"r49064","2023-24","Thiel","Taylor Susany","wbb-008039","taylor susany","same_team_name_variant",0,TRUE,TRUE,TRUE,1,,,,,,,,,,,,
"r49064","2023-24","Thiel","Taylor Susany","wbb-021057","taylor susany","same_team_name_variant",0,TRUE,TRUE,TRUE,1,,,,,,,,,,,,
"r49065","2023-24","Thiel","Giana Arnese","wbb-008041","giana arnese","same_team_name_variant",0,TRUE,TRUE,TRUE,1,,,,,,,,,,,,
"r49065","2023-24","Thiel","Giana Arnese","wbb-021060","giana arnese","same_team_name_variant",0,TRUE,TRUE,TRUE,1,,,,,,,,,,,,
"r49899","2023-24","Wilkes","Julianna Askins","wbb-008842","julianna askins","same_team_name_variant",0,TRUE,TRUE,TRUE,1,,,,,,,,,,,,
"r49899","2023-24","Wilkes","Julianna Askins","wbb-021163","julianna askins","same_team_name_variant",0,TRUE,TRUE,TRUE,1,,,,,,,,,,,,
"r49900","2023-24","Wilkes","Nadia Evanosky","wbb-008845","nadia evanosky","same_team_name_variant",0,TRUE,TRUE,TRUE,1,,,,,,,,,,,,
"r49900","2023-24","Wilkes","Nadia Evanosky","wbb-021167","nadia evanosky","same_team_name_variant",0,TRUE,TRUE,TRUE,1,,,,,,,,,,,,
"r49901","2023-24","Wilkes","Yamirelis Matos","wbb-008844","yamirelis matos","same_team_name_variant",0,TRUE,TRUE,TRUE,1,,,,,,,,,,,,
"r49901","2023-24","Wilkes","Yamirelis Matos","wbb-021166","yamirelis matos","same_team_name_variant",0,TRUE,TRUE,TRUE,1,,,,,,,,,,,,
"r49903","2023-24","Wilkes","Jordyn Jennings","wbb-008846","jordyn jennings","same_team_name_variant",0,TRUE,TRUE,TRUE,1,,,,,,,,,,,,
"r49903","2023-24","Wilkes","Jordyn Jennings","wbb-021168","jordyn jennings","same_team_name_variant",0,TRUE,TRUE,TRUE,1,,,,,,,,,,,,
"r49904","2023-24","Wilkes","Reagan Holden","wbb-008847","reagan holden","same_team_name_variant",0,TRUE,TRUE,TRUE,1,,,,,,,,,,,,
"r49904","2023-24","Wilkes","Reagan Holden","wbb-021169","reagan holden","same_team_name_variant",0,TRUE,TRUE,TRUE,1,,,,,,,,,,,,
"r49905","2023-24","Wilkes","Julia Marino","wbb-008849","julia marino","same_team_name_variant",0,TRUE,TRUE,TRUE,1,,,,,,,,,,,,
"r49905","2023-24","Wilkes","Julia Marino","wbb-021164","julia marino","same_team_name_variant",0,TRUE,TRUE,TRUE,1,,,,,,,,,,,,
"r49907","2023-24","Wilkes","Erin Shober","wbb-008850","erin shober","same_team_name_variant",0,TRUE,TRUE,TRUE,1,,,,,,,,,,,,
"r49907","2023-24","Wilkes","Erin Shober","wbb-021171","erin shober","same_team_name_variant",0,TRUE,TRUE,TRUE,1,,,,,,,,,,,,
"r49908","2023-24","Wilkes","Emma Stout","wbb-008851","emma stout","same_team_name_variant",0,TRUE,TRUE,TRUE,1,,,,,,,,,,,,
"r49908","2023-24","Wilkes","Emma Stout","wbb-021172","emma stout","same_team_name_variant",0,TRUE,TRUE,TRUE,1,,,,,,,,,,,,
"r49910","2023-24","Wilkes","Tess Edwards","wbb-008848","tess edwards","same_team_name_variant",0,TRUE,TRUE,TRUE,1,,,,,,,,,,,,
"r49910","2023-24","Wilkes","Tess Edwards","wbb-021170","tess edwards","same_team_name_variant",0,TRUE,TRUE,TRUE,1,,,,,,,,,,,,
"r49911","2023-24","Wilkes","Madison Robel","wbb-008855","madison robel","same_team_name_variant",0,TRUE,TRUE,TRUE,1,,,,,,,,,,,,
"r49911","2023-24","Wilkes","Madison Robel","wbb-021165","madison robel","same_team_name_variant",0,TRUE,TRUE,TRUE,1,,,,,,,,,,,,
"r50506","2023-24","Bluefield St.","Azariah Binford","wbb-016231","azariah binford","same_team_name_variant",0,TRUE,TRUE,TRUE,1,,,,,,,,,,,,
"r50506","2023-24","Bluefield St.","Azariah Binford","wbb-016232","azariah binford","same_team_name_variant",0,TRUE,TRUE,TRUE,1,,,,,,,,,,,,
"r50506","2023-24","Bluefield St.","Azariah Binford","wbb-021992","azariah binford","same_team_name_variant",0,TRUE,TRUE,TRUE,1,,,,,,,,,,,,
"r50665","2023-24","Christian Brothers","Isabella Jones","wbb-009575","isabella jones","same_team_name_variant",0,TRUE,TRUE,TRUE,1,,,,,,,,,,,,
"r50665","2023-24","Christian Brothers","Isabella Jones","wbb-018673","isabella jones","same_team_name_variant",0,TRUE,TRUE,TRUE,1,,,,,,,,,,,,
"r50667","2023-24","Christian Brothers","Jeremia Montgomery","wbb-016303","jeremia montgomery","same_team_name_variant",0,TRUE,TRUE,TRUE,1,,,,,,,,,,,,
"r50667","2023-24","Christian Brothers","Jeremia Montgomery","wbb-018676","jeremia montgomery","same_team_name_variant",0,TRUE,TRUE,TRUE,1,,,,,,,,,,,,
"r50668","2023-24","Christian Brothers","Chloe Crawford","wbb-016304","chloe crawford","same_team_name_variant",0,TRUE,TRUE,TRUE,1,,,,,,,,,,,,
"r50668","2023-24","Christian Brothers","Chloe Crawford","wbb-018677","chloe crawford","same_team_name_variant",0,TRUE,TRUE,TRUE,1,,,,,,,,,,,,
"r50676","2023-24","Christian Brothers","Sophie Roston","wbb-016305","sophie roston","same_team_name_variant",0,TRUE,TRUE,TRUE,1,,,,,,,,,,,,
"r50676","2023-24","Christian Brothers","Sophie Roston","wbb-018680","sophie roston","same_team_name_variant",0,TRUE,TRUE,TRUE,1,,,,,,,,,,,,
"r50678","2023-24","Christian Brothers","Mariona Pontnou","wbb-009584","mariona pontnou","same_team_name_variant",0,TRUE,TRUE,TRUE,1,,,,,,,,,,,,
"r50678","2023-24","Christian Brothers","Mariona Pontnou","wbb-018681","mariona pontnou","same_team_name_variant",0,TRUE,TRUE,TRUE,1,,,,,,,,,,,,
"r50790","2023-24","East Tex. Baptist","Erin Berry","wbb-009685","erin berry","same_team_name_variant",0,TRUE,TRUE,TRUE,1,,,,,,,,,,,,
"r50790","2023-24","East Tex. Baptist","Erin Berry","wbb-016350","erin berry","same_team_name_variant",0,TRUE,TRUE,TRUE,1,,,,,,,,,,,,
"r50790","2023-24","East Tex. Baptist","Erin Berry","wbb-018730","erin berry","same_team_name_variant",0,TRUE,TRUE,TRUE,1,,,,,,,,,,,,
"r50791","2023-24","East Tex. Baptist","Jayla Hall","wbb-018731","jayla hall","same_team_name_variant",0,TRUE,TRUE,TRUE,1,,,,,,,,,,,,
"r50832","2023-24","Elon","Kamryn Doty","wbb-018747","kamryn doty","same_team_name_variant",0,TRUE,TRUE,TRUE,1,,,,,,,,,,,,
"r51072","2023-24","Harding","Regan Crawford","wbb-011152","regan crawford","same_team_name_variant",0,TRUE,TRUE,TRUE,1,,,,,,,,,,,,
"r51072","2023-24","Harding","Regan Crawford","wbb-018839","regan crawford","same_team_name_variant",0,TRUE,TRUE,TRUE,1,,,,,,,,,,,,
"r51275","2023-24","Lenoir-Rhyne","Mikeba Jones","wbb-004890","mikeba jones","same_team_name_variant",0,TRUE,TRUE,TRUE,1,,,,,,,,,,,,
"r51404","2023-24","Mount Olive","Asia Smith","wbb-000559","asia smith","same_team_name_variant",0,TRUE,TRUE,TRUE,1,,,,,,,,,,,,
"r52031","2023-24","IUPUI","Logan Lewis","wbb-010826","logan lewis","same_team_name_variant",0,TRUE,TRUE,TRUE,1,,,,,,,,,,,,
"r52031","2023-24","IUPUI","Logan Lewis","wbb-019618","logan lewis","same_team_name_variant",0,TRUE,TRUE,TRUE,1,,,,,,,,,,,,
"r52032","2023-24","IUPUI","Abby Wolterman","wbb-010827","abby wolterman","same_team_name_variant",0,TRUE,TRUE,TRUE,1,,,,,,,,,,,,
"r52032","2023-24","IUPUI","Abby Wolterman","wbb-019619","abby wolterman","same_team_name_variant",0,TRUE,TRUE,TRUE,1,,,,,,,,,,,,
"r52033","2023-24","IUPUI","Jaci Jones","wbb-010825","jaci jones","same_team_name_variant",0,TRUE,TRUE,TRUE,1,,,,,,,,,,,,
"r52033","2023-24","IUPUI","Jaci Jones","wbb-019617","jaci jones","same_team_name_variant",0,TRUE,TRUE,TRUE,1,,,,,,,,,,,,
"r52034","2023-24","IUPUI","Jazmyn Turner","wbb-010829","jazmyn turner","same_team_name_variant",0,TRUE,TRUE,TRUE,1,,,,,,,,,,,,
"r52034","2023-24","IUPUI","Jazmyn Turner","wbb-013232","jazmyn turner","same_team_name_variant",0,TRUE,TRUE,TRUE,1,,,,,,,,,,,,
"r52603","2023-24","St. Elizabeth","Kolby Lynch","wbb-016966","kolby lynch","same_team_name_variant",0,TRUE,TRUE,TRUE,1,,,,,,,,,,,,
"r52735","2023-24","Queens (NC)","Kennedy Fuller","wbb-011469","kennedy fuller","same_team_name_variant",0,TRUE,TRUE,TRUE,1,,,,,,,,,,,,
"r52738","2023-24","Queens (NC)","Amari Davis","wbb-011472","amari davis","same_team_name_variant",0,TRUE,TRUE,TRUE,1,,,,,,,,,,,,
"r52738","2023-24","Queens (NC)","Amari Davis","wbb-018897","amari davis","same_team_name_variant",0,TRUE,TRUE,TRUE,1,,,,,,,,,,,,
"r52843","2023-24","Centenary (NJ)","Brie Opdyke","wbb-021921","brie opdyke","same_team_name_variant",0,TRUE,TRUE,TRUE,1,,,,,,,,,,,,
"r52921","2023-24","Rosemont","Alona Stanley","wbb-011630","alona stanley","same_team_name_variant",0,TRUE,TRUE,TRUE,1,,,,,,,,,,,,
"r52921","2023-24","Rosemont","Alona Stanley","wbb-017076","alona stanley","same_team_name_variant",0,TRUE,TRUE,TRUE,1,,,,,,,,,,,,
"r52921","2023-24","Rosemont","Alona Stanley","wbb-019266","alona stanley","same_team_name_variant",0,TRUE,TRUE,TRUE,1,,,,,,,,,,,,
"r53274","2023-24","Lee","Anna Muhonen","wbb-011969","anna muhonen","same_team_name_variant",0,TRUE,TRUE,TRUE,1,,,,,,,,,,,,
"r53274","2023-24","Lee","Anna Muhonen","wbb-019797","anna muhonen","same_team_name_variant",0,TRUE,TRUE,TRUE,1,,,,,,,,,,,,
"r53275","2023-24","Lee","Ally Welfel","wbb-011970","ally welfel","same_team_name_variant",0,TRUE,TRUE,TRUE,1,,,,,,,,,,,,
"r53275","2023-24","Lee","Ally Welfel","wbb-019799","ally welfel","same_team_name_variant",0,TRUE,TRUE,TRUE,1,,,,,,,,,,,,
"r53276","2023-24","Lee","Bailey Burgess","wbb-011971","bailey burgess","same_team_name_variant",0,TRUE,TRUE,TRUE,1,,,,,,,,,,,,
"r53276","2023-24","Lee","Bailey Burgess","wbb-019800","bailey burgess","same_team_name_variant",0,TRUE,TRUE,TRUE,1,,,,,,,,,,,,
"r53277","2023-24","Lee","Susanna Rogers","wbb-011972","susanna rogers","same_team_name_variant",0,TRUE,TRUE,TRUE,1,,,,,,,,,,,,
"r53277","2023-24","Lee","Susanna Rogers","wbb-019801","susanna rogers","same_team_name_variant",0,TRUE,TRUE,TRUE,1,,,,,,,,,,,,
"r53283","2023-24","Lee","Addison Smith","wbb-011978","addison smith","same_team_name_variant",0,TRUE,TRUE,TRUE,1,,,,,,,,,,,,
"r53283","2023-24","Lee","Addison Smith","wbb-019802","addison smith","same_team_name_variant",0,TRUE,TRUE,TRUE,1,,,,,,,,,,,,
"r53284","2023-24","Lee","Haylee Johnson","wbb-011979","haylee johnson","same_team_name_variant",0,TRUE,TRUE,TRUE,1,,,,,,,,,,,,
"r53284","2023-24","Lee","Haylee Johnson","wbb-019798","haylee johnson","same_team_name_variant",0,TRUE,TRUE,TRUE,1,,,,,,,,,,,,
"r53987","2023-24","Fresno Pacific","Felicia Dourva","wbb-012629","felicia dourva","same_team_name_variant",0,TRUE,TRUE,TRUE,1,,,,,,,,,,,,
"r53987","2023-24","Fresno Pacific","Felicia Dourva","wbb-020029","felicia dourva","same_team_name_variant",0,TRUE,TRUE,TRUE,1,,,,,,,,,,,,
"r53988","2023-24","Fresno Pacific","Maesyn Rix","wbb-012630","maesyn rix","same_team_name_variant",0,TRUE,TRUE,TRUE,1,,,,,,,,,,,,
"r53989","2023-24","Fresno Pacific","Anisa Rillo","wbb-012631","anisa rillo","same_team_name_variant",0,TRUE,TRUE,TRUE,1,,,,,,,,,,,,
"r53989","2023-24","Fresno Pacific","Anisa Rillo","wbb-020032","anisa rillo","same_team_name_variant",0,TRUE,TRUE,TRUE,1,,,,,,,,,,,,
"r53990","2023-24","Fresno Pacific","Olivia Garcia","wbb-012635","olivia garcia","same_team_name_variant",0,TRUE,TRUE,TRUE,1,,,,,,,,,,,,
"r53990","2023-24","Fresno Pacific","Olivia Garcia","wbb-020035","olivia garcia","same_team_name_variant",0,TRUE,TRUE,TRUE,1,,,,,,,,,,,,
"r53991","2023-24","Fresno Pacific","Joleen Corona","wbb-012633","joleen corona","same_team_name_variant",0,TRUE,TRUE,TRUE,1,,,,,,,,,,,,
"r53991","2023-24","Fresno Pacific","Joleen Corona","wbb-020033","joleen corona","same_team_name_variant",0,TRUE,TRUE,TRUE,1,,,,,,,,,,,,
"r53992","2023-24","Fresno Pacific","Bre Hurt","wbb-012634","bre hurt","same_team_name_variant",0,TRUE,TRUE,TRUE,1,,,,,,,,,,,,
"r53992","2023-24","Fresno Pacific","Bre Hurt","wbb-020034","bre hurt","same_team_name_variant",0,TRUE,TRUE,TRUE,1,,,,,,,,,,,,
"r53994","2023-24","Fresno Pacific","Aaliyah Seuell","wbb-001081","aaliyah seuell","same_team_name_variant",0,TRUE,TRUE,TRUE,1,,,,,,,,,,,,
"r53995","2023-24","Fresno Pacific","Vanessa Cochrane","wbb-012637","vanessa cochrane","same_team_name_variant",0,TRUE,TRUE,TRUE,1,,,,,,,,,,,,
"r53996","2023-24","Fresno Pacific","Julie Ramirez","wbb-012638","julie ramirez","same_team_name_variant",0,TRUE,TRUE,TRUE,1,,,,,,,,,,,,
"r53996","2023-24","Fresno Pacific","Julie Ramirez","wbb-020037","julie ramirez","same_team_name_variant",0,TRUE,TRUE,TRUE,1,,,,,,,,,,,,
"r53997","2023-24","Fresno Pacific","Jada Oatman","wbb-012639","jada oatman","same_team_name_variant",0,TRUE,TRUE,TRUE,1,,,,,,,,,,,,
"r53999","2023-24","Fresno Pacific","Jenna Kurz","wbb-012640","jenna kurz","same_team_name_variant",0,TRUE,TRUE,TRUE,1,,,,,,,,,,,,
"r53999","2023-24","Fresno Pacific","Jenna Kurz","wbb-020039","jenna kurz","same_team_name_variant",0,TRUE,TRUE,TRUE,1,,,,,,,,,,,,
"r54004","2023-24","Fresno Pacific","Lydia Manu","wbb-012643","lydia manu","same_team_name_variant",0,TRUE,TRUE,TRUE,1,,,,,,,,,,,,
"r54004","2023-24","Fresno Pacific","Lydia Manu","wbb-020030","lydia manu","same_team_name_variant",0,TRUE,TRUE,TRUE,1,,,,,,,,,,,,
"r54270","2023-24","Southern Wesleyan","Alexis Glover","wbb-020120","alexis glover","same_team_name_variant",0,TRUE,TRUE,TRUE,1,,,,,,,,,,,,
"r54275","2023-24","Belhaven","Jayden Coleman","wbb-021957","jayden coleman","same_team_name_variant",0,TRUE,TRUE,TRUE,1,,,,,,,,,,,,
"r41584","2023-24","Butler","Rachel Kent","wbb-006914","rachel kent","transfer_name_variant",0,TRUE,TRUE,TRUE,1,,,,,,,,,,,,
"r41584","2023-24","Butler","Rachel Kent","wbb-010830","rachel kent","transfer_name_variant",0,TRUE,TRUE,TRUE,1,,,,,,,,,,,,
"r42108","2023-24","Centenary (LA)","Brie Opdyke","wbb-021921","brie opdyke","transfer_name_variant",0,TRUE,TRUE,TRUE,1,,,,,,,,,,,,
"r43676","2023-24","Rowan","Victoria Crooker","wbb-008852","victoria crooker","transfer_name_variant",0,TRUE,TRUE,TRUE,1,,,,,,,,,,,,
"r43676","2023-24","Rowan","Victoria Crooker","wbb-021173","victoria crooker","transfer_name_variant",0,TRUE,TRUE,TRUE,1,,,,,,,,,,,,
"r44038","2023-24","Houston","Shalexxus Aaron","wbb-007465","shalexxus aaron","transfer_name_variant",0,TRUE,TRUE,TRUE,1,,,,,,,,,,,,
"r46430","2023-24","North Alabama","Emily Jones","wbb-009579","emily jones","transfer_name_variant",0,TRUE,TRUE,TRUE,1,,,,,,,,,,,,
"r46430","2023-24","North Alabama","Emily Jones","wbb-018678","emily jones","transfer_name_variant",0,TRUE,TRUE,TRUE,1,,,,,,,,,,,,
"r46775","2023-24","Oakland","Markyia McCormick","wbb-002106","markyia mccormick","transfer_name_variant",0,TRUE,TRUE,TRUE,1,,,,,,,,,,,,
"r46854","2023-24","Ohio","Bengisu Alper","wbb-001788","bengisu alper","transfer_name_variant",0,TRUE,TRUE,TRUE,1,,,,,,,,,,,,
"r46947","2023-24","Oral Roberts","Makyra Tramble","wbb-011161","makyra tramble","transfer_name_variant",0,TRUE,TRUE,TRUE,1,,,,,,,,,,,,
"r46973","2023-24","Oregon","Priscilla Williams","wbb-017860","priscilla williams","transfer_name_variant",0,TRUE,TRUE,TRUE,1,,,,,,,,,,,,
"r47543","2023-24","Rider","Taylor Langan","wbb-001741","taylor langan","transfer_name_variant",0,TRUE,TRUE,TRUE,1,,,,,,,,,,,,
"r47543","2023-24","Rider","Taylor Langan","wbb-004817","taylor langan","transfer_name_variant",0,TRUE,TRUE,TRUE,1,,,,,,,,,,,,
"r47629","2023-24","Roger Williams","Elizabeth Dufrane","wbb-002160","elizabeth dufrane","transfer_name_variant",0,TRUE,TRUE,TRUE,1,,,,,,,,,,,,
"r48680","2023-24","Staten Island","Oyinkansola Oke","wbb-020722","oyinkansola oke","transfer_name_variant",0,TRUE,TRUE,TRUE,1,,,,,,,,,,,,
"r49362","2023-24","Valdosta St.","Victoria Ikenasio","wbb-007011","victoria ikenasio","transfer_name_variant",0,TRUE,TRUE,TRUE,1,,,,,,,,,,,,
"r52198","2023-24","Albertus Magnus","Hannah Barrientos","wbb-005510","hannah barrientos","transfer_name_variant",0,TRUE,TRUE,TRUE,1,,,,,,,,,,,,
"r53304","2023-24","Utah Valley","Jenna Dick","wbb-002396","jenna dick","transfer_name_variant",0,TRUE,TRUE,TRUE,1,,,,,,,,,,,,
"r54957","2024-25","Aurora","Kamryn Bullock","wbb-000452","kamryn bullock","same_team_name_variant",0,TRUE,TRUE,TRUE,1,,,,,,,,,,,,
"r54957","2024-25","Aurora","Kamryn Bullock","wbb-020395","kamryn bullock","same_team_name_variant",0,TRUE,TRUE,TRUE,1,,,,,,,,,,,,
"r54957","2024-25","Aurora","Kamryn Bullock","wbb-022152","kamryn bullock","same_team_name_variant",0,TRUE,TRUE,TRUE,1,,,,,,,,,,,,
"r54962","2024-25","Aurora","Selena Vargas","wbb-000456","selena vargas","same_team_name_variant",0,TRUE,TRUE,TRUE,1,,,,,,,,,,,,
"r54962","2024-25","Aurora","Selena Vargas","wbb-003202","selena vargas","same_team_name_variant",0,TRUE,TRUE,TRUE,1,,,,,,,,,,,,
"r54962","2024-25","Aurora","Selena Vargas","wbb-022157","selena vargas","same_team_name_variant",0,TRUE,TRUE,TRUE,1,,,,,,,,,,,,
"r54964","2024-25","Aurora","Kylie Fischbach","wbb-000457","kylie fischbach","same_team_name_variant",0,TRUE,TRUE,TRUE,1,,,,,,,,,,,,
"r54964","2024-25","Aurora","Kylie Fischbach","wbb-020401","kylie fischbach","same_team_name_variant",0,TRUE,TRUE,TRUE,1,,,,,,,,,,,,
"r54964","2024-25","Aurora","Kylie Fischbach","wbb-022159","kylie fischbach","same_team_name_variant",0,TRUE,TRUE,TRUE,1,,,,,,,,,,,,
"r54971","2024-25","Aurora","Eliot Dojutrek","wbb-000464","eliot dojutrek","same_team_name_variant",0,TRUE,TRUE,TRUE,1,,,,,,,,,,,,
"r54971","2024-25","Aurora","Eliot Dojutrek","wbb-020403","eliot dojutrek","same_team_name_variant",0,TRUE,TRUE,TRUE,1,,,,,,,,,,,,
"r54971","2024-25","Aurora","Eliot Dojutrek","wbb-022165","eliot dojutrek","same_team_name_variant",0,TRUE,TRUE,TRUE,1,,,,,,,,,,,,
"r55467","2024-25","Brigham Young","Emma Calvert","wbb-013382","emma calvert","same_team_name_variant",0,TRUE,TRUE,TRUE,1,,,,,,,,,,,,
"r55467","2024-25","Brigham Young","Emma Calvert","wbb-017997","emma calvert","same_team_name_variant",0,TRUE,TRUE,TRUE,1,,,,,,,,,,,,
"r55472","2024-25","Brigham Young","Arielle Mackey-Williams","wbb-013385","arielle mackey williams","same_team_name_variant",0,TRUE,TRUE,TRUE,1,,,,,,,,,,,,
"r55472","2024-25","Brigham Young","Arielle Mackey-Williams","wbb-017988","arielle mackey williams","same_team_name_variant",0,TRUE,TRUE,TRUE,1,,,,,,,,,,,,
"r56542","2024-25","Concordia Chicago","Alisyn MacGregor","wbb-001852","alisyn macgregor","same_team_name_variant",0,TRUE,TRUE,TRUE,1,,,,,,,,,,,,
"r56542","2024-25","Concordia Chicago","Alisyn MacGregor","wbb-019289","alisyn macgregor","same_team_name_variant",0,TRUE,TRUE,TRUE,1,,,,,,,,,,,,
"r56542","2024-25","Concordia Chicago","Alisyn MacGregor","wbb-022652","alisyn macgregor","same_team_name_variant",0,TRUE,TRUE,TRUE,1,,,,,,,,,,,,
"r56544","2024-25","Concordia Chicago","Mikalah Ellis","wbb-001855","mikalah ellis","same_team_name_variant",0,TRUE,TRUE,TRUE,1,,,,,,,,,,,,
"r56544","2024-25","Concordia Chicago","Mikalah Ellis","wbb-019283","mikalah ellis","same_team_name_variant",0,TRUE,TRUE,TRUE,1,,,,,,,,,,,,
"r56544","2024-25","Concordia Chicago","Mikalah Ellis","wbb-022653","mikalah ellis","same_team_name_variant",0,TRUE,TRUE,TRUE,1,,,,,,,,,,,,
"r57535","2024-25","Florida","Kenza Salgues","wbb-004711","kenza salgues","same_team_name_variant",0,TRUE,TRUE,TRUE,1,,,,,,,,,,,,
"r57705","2024-25","SUNY Geneseo","Kiley Snow","wbb-002821","kiley snow","same_team_name_variant",0,TRUE,TRUE,TRUE,1,,,,,,,,,,,,
"r57705","2024-25","SUNY Geneseo","Kiley Snow","wbb-014048","kiley snow","same_team_name_variant",0,TRUE,TRUE,TRUE,1,,,,,,,,,,,,
"r57705","2024-25","SUNY Geneseo","Kiley Snow","wbb-019546","kiley snow","same_team_name_variant",0,TRUE,TRUE,TRUE,1,,,,,,,,,,,,
"r57705","2024-25","SUNY Geneseo","Kiley Snow","wbb-022997","kiley snow","same_team_name_variant",0,TRUE,TRUE,TRUE,1,,,,,,,,,,,,
"r58247","2024-25","Hunter","Erin Cosio","wbb-003318","erin cosio","same_team_name_variant",0,TRUE,TRUE,TRUE,1,,,,,,,,,,,,
"r58247","2024-25","Hunter","Erin Cosio","wbb-014224","erin cosio","same_team_name_variant",0,TRUE,TRUE,TRUE,1,,,,,,,,,,,,
"r58247","2024-25","Hunter","Erin Cosio","wbb-019763","erin cosio","same_team_name_variant",0,TRUE,TRUE,TRUE,1,,,,,,,,,,,,
"r58247","2024-25","Hunter","Erin Cosio","wbb-023162","erin cosio","same_team_name_variant",0,TRUE,TRUE,TRUE,1,,,,,,,,,,,,
"r58599","2024-25","John Jay","Hadja Bah","wbb-023258","hadja bah","same_team_name_variant",0,TRUE,TRUE,TRUE,1,,,,,,,,,,,,
"r58978","2024-25","Lehigh","Katie Hurt","wbb-004000","katie hurt","same_team_name_variant",0,TRUE,TRUE,TRUE,1,,,,,,,,,,,,
"r58978","2024-25","Lehigh","Katie Hurt","wbb-018209","katie hurt","same_team_name_variant",0,TRUE,TRUE,TRUE,1,,,,,,,,,,,,
"r58978","2024-25","Lehigh","Katie Hurt","wbb-023383","katie hurt","same_team_name_variant",0,TRUE,TRUE,TRUE,1,,,,,,,,,,,,
"r58981","2024-25","Lehigh","Kaylee Van Eps","wbb-004003","kaylee van eps","same_team_name_variant",0,TRUE,TRUE,TRUE,1,,,,,,,,,,,,
"r58981","2024-25","Lehigh","Kaylee Van Eps","wbb-018212","kaylee van eps","same_team_name_variant",0,TRUE,TRUE,TRUE,1,,,,,,,,,,,,
"r58981","2024-25","Lehigh","Kaylee Van Eps","wbb-023386","kaylee van eps","same_team_name_variant",0,TRUE,TRUE,TRUE,1,,,,,,,,,,,,
"r58984","2024-25","Lehigh","Maddie Albrecht","wbb-004006","maddie albrecht","same_team_name_variant",0,TRUE,TRUE,TRUE,1,,,,,,,,,,,,
"r58984","2024-25","Lehigh","Maddie Albrecht","wbb-018213","maddie albrecht","same_team_name_variant",0,TRUE,TRUE,TRUE,1,,,,,,,,,,,,
"r58984","2024-25","Lehigh","Maddie Albrecht","wbb-023387","maddie albrecht","same_team_name_variant",0,TRUE,TRUE,TRUE,1,,,,,,,,,,,,
"r58989","2024-25","Lehigh","Meghan O'Brien","wbb-004010","meghan o brien","same_team_name_variant",0,TRUE,TRUE,TRUE,1,,,,,,,,,,,,
"r58989","2024-25","Lehigh","Meghan O'Brien","wbb-018214","meghan o brien","same_team_name_variant",0,TRUE,TRUE,TRUE,1,,,,,,,,,,,,
"r58989","2024-25","Lehigh","Meghan O'Brien","wbb-023389","meghan o brien","same_team_name_variant",0,TRUE,TRUE,TRUE,1,,,,,,,,,,,,
"r58990","2024-25","Lehigh","Lily Fandre","wbb-004011","lily fandre","same_team_name_variant",0,TRUE,TRUE,TRUE,1,,,,,,,,,,,,
"r58990","2024-25","Lehigh","Lily Fandre","wbb-018215","lily fandre","same_team_name_variant",0,TRUE,TRUE,TRUE,1,,,,,,,,,,,,
"r58990","2024-25","Lehigh","Lily Fandre","wbb-023390","lily fandre","same_team_name_variant",0,TRUE,TRUE,TRUE,1,,,,,,,,,,,,
"r58991","2024-25","Lehigh","Ella Stemmer","wbb-004012","ella stemmer","same_team_name_variant",0,TRUE,TRUE,TRUE,1,,,,,,,,,,,,
"r58991","2024-25","Lehigh","Ella Stemmer","wbb-018208","ella stemmer","same_team_name_variant",0,TRUE,TRUE,TRUE,1,,,,,,,,,,,,
"r58991","2024-25","Lehigh","Ella Stemmer","wbb-023391","ella stemmer","same_team_name_variant",0,TRUE,TRUE,TRUE,1,,,,,,,,,,,,
"r59964","2024-25","Mississippi College","Karly Ivy","wbb-014728","karly ivy","same_team_name_variant",0,TRUE,TRUE,TRUE,1,,,,,,,,,,,,
"r59964","2024-25","Mississippi College","Karly Ivy","wbb-020448","karly ivy","same_team_name_variant",0,TRUE,TRUE,TRUE,1,,,,,,,,,,,,
"r59964","2024-25","Mississippi College","Karly Ivy","wbb-023693","karly ivy","same_team_name_variant",0,TRUE,TRUE,TRUE,1,,,,,,,,,,,,
"r59965","2024-25","Mississippi College","Sky Vaughn","wbb-014736","sky vaughn","same_team_name_variant",0,TRUE,TRUE,TRUE,1,,,,,,,,,,,,
"r59965","2024-25","Mississippi College","Sky Vaughn","wbb-020458","sky vaughn","same_team_name_variant",0,TRUE,TRUE,TRUE,1,,,,,,,,,,,,
"r59965","2024-25","Mississippi College","Sky Vaughn","wbb-023700","sky vaughn","same_team_name_variant",0,TRUE,TRUE,TRUE,1,,,,,,,,,,,,
"r59967","2024-25","Mississippi College","Keller Bigham","wbb-014730","keller bigham","same_team_name_variant",0,TRUE,TRUE,TRUE,1,,,,,,,,,,,,
"r59967","2024-25","Mississippi College","Keller Bigham","wbb-020454","keller bigham","same_team_name_variant",0,TRUE,TRUE,TRUE,1,,,,,,,,,,,,
"r59967","2024-25","Mississippi College","Keller Bigham","wbb-023697","keller bigham","same_team_name_variant",0,TRUE,TRUE,TRUE,1,,,,,,,,,,,,
"r62419","2024-25","Samford","Alyssa Tarpley","wbb-015493","alyssa tarpley","same_team_name_variant",0,TRUE,TRUE,TRUE,1,,,,,,,,,,,,
"r62419","2024-25","Samford","Alyssa Tarpley","wbb-018442","alyssa tarpley","same_team_name_variant",0,TRUE,TRUE,TRUE,1,,,,,,,,,,,,
"r62419","2024-25","Samford","Alyssa Tarpley","wbb-024467","alyssa tarpley","same_team_name_variant",0,TRUE,TRUE,TRUE,1,,,,,,,,,,,,
"r63205","2024-25","Tampa","Audrey Ramsey","wbb-007821","audrey ramsey","same_team_name_variant",0,TRUE,TRUE,TRUE,1,,,,,,,,,,,,
"r63205","2024-25","Tampa","Audrey Ramsey","wbb-024703","audrey ramsey","same_team_name_variant",0,TRUE,TRUE,TRUE,1,,,,,,,,,,,,
"r63431","2024-25","Thiel","Giana Arnese","wbb-008041","giana arnese","same_team_name_variant",0,TRUE,TRUE,TRUE,1,,,,,,,,,,,,
"r63431","2024-25","Thiel","Giana Arnese","wbb-021060","giana arnese","same_team_name_variant",0,TRUE,TRUE,TRUE,1,,,,,,,,,,,,
"r63431","2024-25","Thiel","Giana Arnese","wbb-024778","giana arnese","same_team_name_variant",0,TRUE,TRUE,TRUE,1,,,,,,,,,,,,
"r64318","2024-25","Wilkes","Julianna Askins","wbb-008842","julianna askins","same_team_name_variant",0,TRUE,TRUE,TRUE,1,,,,,,,,,,,,
"r64318","2024-25","Wilkes","Julianna Askins","wbb-021163","julianna askins","same_team_name_variant",0,TRUE,TRUE,TRUE,1,,,,,,,,,,,,
"r64318","2024-25","Wilkes","Julianna Askins","wbb-025030","julianna askins","same_team_name_variant",0,TRUE,TRUE,TRUE,1,,,,,,,,,,,,
"r64320","2024-25","Wilkes","Nadia Evanosky","wbb-008845","nadia evanosky","same_team_name_variant",0,TRUE,TRUE,TRUE,1,,,,,,,,,,,,
"r64320","2024-25","Wilkes","Nadia Evanosky","wbb-021167","nadia evanosky","same_team_name_variant",0,TRUE,TRUE,TRUE,1,,,,,,,,,,,,
"r64320","2024-25","Wilkes","Nadia Evanosky","wbb-025031","nadia evanosky","same_team_name_variant",0,TRUE,TRUE,TRUE,1,,,,,,,,,,,,
"r64321","2024-25","Wilkes","Yamirelis Matos","wbb-008844","yamirelis matos","same_team_name_variant",0,TRUE,TRUE,TRUE,1,,,,,,,,,,,,
"r64321","2024-25","Wilkes","Yamirelis Matos","wbb-021166","yamirelis matos","same_team_name_variant",0,TRUE,TRUE,TRUE,1,,,,,,,,,,,,
"r64321","2024-25","Wilkes","Yamirelis Matos","wbb-025032","yamirelis matos","same_team_name_variant",0,TRUE,TRUE,TRUE,1,,,,,,,,,,,,
"r64322","2024-25","Wilkes","Reagan Holden","wbb-008847","reagan holden","same_team_name_variant",0,TRUE,TRUE,TRUE,1,,,,,,,,,,,,
"r64322","2024-25","Wilkes","Reagan Holden","wbb-021169","reagan holden","same_team_name_variant",0,TRUE,TRUE,TRUE,1,,,,,,,,,,,,
"r64322","2024-25","Wilkes","Reagan Holden","wbb-025035","reagan holden","same_team_name_variant",0,TRUE,TRUE,TRUE,1,,,,,,,,,,,,
"r64326","2024-25","Wilkes","Emma Stout","wbb-008851","emma stout","same_team_name_variant",0,TRUE,TRUE,TRUE,1,,,,,,,,,,,,
"r64326","2024-25","Wilkes","Emma Stout","wbb-021172","emma stout","same_team_name_variant",0,TRUE,TRUE,TRUE,1,,,,,,,,,,,,
"r64326","2024-25","Wilkes","Emma Stout","wbb-025039","emma stout","same_team_name_variant",0,TRUE,TRUE,TRUE,1,,,,,,,,,,,,
"r64329","2024-25","Wilkes","Madison Robel","wbb-008855","madison robel","same_team_name_variant",0,TRUE,TRUE,TRUE,1,,,,,,,,,,,,
"r64329","2024-25","Wilkes","Madison Robel","wbb-021165","madison robel","same_team_name_variant",0,TRUE,TRUE,TRUE,1,,,,,,,,,,,,
"r64329","2024-25","Wilkes","Madison Robel","wbb-025042","madison robel","same_team_name_variant",0,TRUE,TRUE,TRUE,1,,,,,,,,,,,,
"r64902","2024-25","Bluefield St.","Azariah Binford","wbb-016231","azariah binford","same_team_name_variant",0,TRUE,TRUE,TRUE,1,,,,,,,,,,,,
"r64902","2024-25","Bluefield St.","Azariah Binford","wbb-016232","azariah binford","same_team_name_variant",0,TRUE,TRUE,TRUE,1,,,,,,,,,,,,
"r64902","2024-25","Bluefield St.","Azariah Binford","wbb-021992","azariah binford","same_team_name_variant",0,TRUE,TRUE,TRUE,1,,,,,,,,,,,,
"r64902","2024-25","Bluefield St.","Azariah Binford","wbb-025240","azariah binford","same_team_name_variant",0,TRUE,TRUE,TRUE,1,,,,,,,,,,,,
"r65193","2024-25","East Tex. Baptist","Jayla Hall","wbb-018731","jayla hall","same_team_name_variant",0,TRUE,TRUE,TRUE,1,,,,,,,,,,,,
"r65193","2024-25","East Tex. Baptist","Jayla Hall","wbb-025357","jayla hall","same_team_name_variant",0,TRUE,TRUE,TRUE,1,,,,,,,,,,,,
"r65223","2024-25","Elon","Kamryn Doty","wbb-018747","kamryn doty","same_team_name_variant",0,TRUE,TRUE,TRUE,1,,,,,,,,,,,,
"r65223","2024-25","Elon","Kamryn Doty","wbb-025377","kamryn doty","same_team_name_variant",0,TRUE,TRUE,TRUE,1,,,,,,,,,,,,
"r66477","2024-25","IUPUI","Logan Lewis","wbb-010826","logan lewis","same_team_name_variant",0,TRUE,TRUE,TRUE,1,,,,,,,,,,,,
"r66477","2024-25","IUPUI","Logan Lewis","wbb-019618","logan lewis","same_team_name_variant",0,TRUE,TRUE,TRUE,1,,,,,,,,,,,,
"r66477","2024-25","IUPUI","Logan Lewis","wbb-025817","logan lewis","same_team_name_variant",0,TRUE,TRUE,TRUE,1,,,,,,,,,,,,
"r67155","2024-25","St. Elizabeth","Ty'la Holmes","wbb-021475","ty la holmes","same_team_name_variant",0,TRUE,TRUE,TRUE,1,,,,,,,,,,,,
"r67483","2024-25","Rosemont","Alona Stanley","wbb-011630","alona stanley","same_team_name_variant",0,TRUE,TRUE,TRUE,1,,,,,,,,,,,,
"r67483","2024-25","Rosemont","Alona Stanley","wbb-017076","alona stanley","same_team_name_variant",0,TRUE,TRUE,TRUE,1,,,,,,,,,,,,
"r67483","2024-25","Rosemont","Alona Stanley","wbb-019266","alona stanley","same_team_name_variant",0,TRUE,TRUE,TRUE,1,,,,,,,,,,,,
"r67483","2024-25","Rosemont","Alona Stanley","wbb-026175","alona stanley","same_team_name_variant",0,TRUE,TRUE,TRUE,1,,,,,,,,,,,,
"r67875","2024-25","Lee","Anna Muhonen","wbb-011969","anna muhonen","same_team_name_variant",0,TRUE,TRUE,TRUE,1,,,,,,,,,,,,
"r67875","2024-25","Lee","Anna Muhonen","wbb-019797","anna muhonen","same_team_name_variant",0,TRUE,TRUE,TRUE,1,,,,,,,,,,,,
"r67875","2024-25","Lee","Anna Muhonen","wbb-026289","anna muhonen","same_team_name_variant",0,TRUE,TRUE,TRUE,1,,,,,,,,,,,,
"r67878","2024-25","Lee","Bailey Burgess","wbb-011971","bailey burgess","same_team_name_variant",0,TRUE,TRUE,TRUE,1,,,,,,,,,,,,
"r67878","2024-25","Lee","Bailey Burgess","wbb-019800","bailey burgess","same_team_name_variant",0,TRUE,TRUE,TRUE,1,,,,,,,,,,,,
"r67878","2024-25","Lee","Bailey Burgess","wbb-026291","bailey burgess","same_team_name_variant",0,TRUE,TRUE,TRUE,1,,,,,,,,,,,,
"r67880","2024-25","Lee","Mia Hurst","wbb-015753","mia hurst","same_team_name_variant",0,TRUE,TRUE,TRUE,1,,,,,,,,,,,,
"r67881","2024-25","Lee","Mallory Hampton","wbb-007095","mallory hampton","same_team_name_variant",0,TRUE,TRUE,TRUE,1,,,,,,,,,,,,
"r67885","2024-25","Lee","Addison Smith","wbb-011978","addison smith","same_team_name_variant",0,TRUE,TRUE,TRUE,1,,,,,,,,,,,,
"r67885","2024-25","Lee","Addison Smith","wbb-019802","addison smith","same_team_name_variant",0,TRUE,TRUE,TRUE,1,,,,,,,,,,,,
"r67885","2024-25","Lee","Addison Smith","wbb-026295","addison smith","same_team_name_variant",0,TRUE,TRUE,TRUE,1,,,,,,,,,,,,
"r67886","2024-25","Lee","Haylee Johnson","wbb-011979","haylee johnson","same_team_name_variant",0,TRUE,TRUE,TRUE,1,,,,,,,,,,,,
"r67886","2024-25","Lee","Haylee Johnson","wbb-019798","haylee johnson","same_team_name_variant",0,TRUE,TRUE,TRUE,1,,,,,,,,,,,,
"r67886","2024-25","Lee","Haylee Johnson","wbb-026296","haylee johnson","same_team_name_variant",0,TRUE,TRUE,TRUE,1,,,,,,,,,,,,
"r67887","2024-25","Lee","Susanna Rogers","wbb-011972","susanna rogers","same_team_name_variant",0,TRUE,TRUE,TRUE,1,,,,,,,,,,,,
"r67887","2024-25","Lee","Susanna Rogers","wbb-019801","susanna rogers","same_team_name_variant",0,TRUE,TRUE,TRUE,1,,,,,,,,,,,,
"r67887","2024-25","Lee","Susanna Rogers","wbb-026292","susanna rogers","same_team_name_variant",0,TRUE,TRUE,TRUE,1,,,,,,,,,,,,
"r68707","2024-25","Fresno Pacific","Anisa Rillo","wbb-012631","anisa rillo","same_team_name_variant",0,TRUE,TRUE,TRUE,1,,,,,,,,,,,,
"r68707","2024-25","Fresno Pacific","Anisa Rillo","wbb-020032","anisa rillo","same_team_name_variant",0,TRUE,TRUE,TRUE,1,,,,,,,,,,,,
"r68707","2024-25","Fresno Pacific","Anisa Rillo","wbb-026578","anisa rillo","same_team_name_variant",0,TRUE,TRUE,TRUE,1,,,,,,,,,,,,
"r68708","2024-25","Fresno Pacific","Olivia Garcia","wbb-012635","olivia garcia","same_team_name_variant",0,TRUE,TRUE,TRUE,1,,,,,,,,,,,,
"r68708","2024-25","Fresno Pacific","Olivia Garcia","wbb-020035","olivia garcia","same_team_name_variant",0,TRUE,TRUE,TRUE,1,,,,,,,,,,,,
"r68708","2024-25","Fresno Pacific","Olivia Garcia","wbb-026579","olivia garcia","same_team_name_variant",0,TRUE,TRUE,TRUE,1,,,,,,,,,,,,
"r68709","2024-25","Fresno Pacific","Joleen Corona","wbb-012633","joleen corona","same_team_name_variant",0,TRUE,TRUE,TRUE,1,,,,,,,,,,,,
"r68709","2024-25","Fresno Pacific","Joleen Corona","wbb-020033","joleen corona","same_team_name_variant",0,TRUE,TRUE,TRUE,1,,,,,,,,,,,,
"r68709","2024-25","Fresno Pacific","Joleen Corona","wbb-026580","joleen corona","same_team_name_variant",0,TRUE,TRUE,TRUE,1,,,,,,,,,,,,
"r68710","2024-25","Fresno Pacific","Bre Hurt","wbb-012634","bre hurt","same_team_name_variant",0,TRUE,TRUE,TRUE,1,,,,,,,,,,,,
"r68710","2024-25","Fresno Pacific","Bre Hurt","wbb-020034","bre hurt","same_team_name_variant",0,TRUE,TRUE,TRUE,1,,,,,,,,,,,,
"r68710","2024-25","Fresno Pacific","Bre Hurt","wbb-026581","bre hurt","same_team_name_variant",0,TRUE,TRUE,TRUE,1,,,,,,,,,,,,
"r68711","2024-25","Fresno Pacific","Aaliyah Seuell","wbb-001081","aaliyah seuell","same_team_name_variant",0,TRUE,TRUE,TRUE,1,,,,,,,,,,,,
"r68711","2024-25","Fresno Pacific","Aaliyah Seuell","wbb-026583","aaliyah seuell","same_team_name_variant",0,TRUE,TRUE,TRUE,1,,,,,,,,,,,,
"r68713","2024-25","Fresno Pacific","Julie Ramirez","wbb-012638","julie ramirez","same_team_name_variant",0,TRUE,TRUE,TRUE,1,,,,,,,,,,,,
"r68713","2024-25","Fresno Pacific","Julie Ramirez","wbb-020037","julie ramirez","same_team_name_variant",0,TRUE,TRUE,TRUE,1,,,,,,,,,,,,
"r68713","2024-25","Fresno Pacific","Julie Ramirez","wbb-026585","julie ramirez","same_team_name_variant",0,TRUE,TRUE,TRUE,1,,,,,,,,,,,,
"r68716","2024-25","Fresno Pacific","Jenna Kurz","wbb-012640","jenna kurz","same_team_name_variant",0,TRUE,TRUE,TRUE,1,,,,,,,,,,,,
"r68716","2024-25","Fresno Pacific","Jenna Kurz","wbb-020039","jenna kurz","same_team_name_variant",0,TRUE,TRUE,TRUE,1,,,,,,,,,,,,
"r68716","2024-25","Fresno Pacific","Jenna Kurz","wbb-026588","jenna kurz","same_team_name_variant",0,TRUE,TRUE,TRUE,1,,,,,,,,,,,,
"r68720","2024-25","Fresno Pacific","Lydia Manu","wbb-012643","lydia manu","same_team_name_variant",0,TRUE,TRUE,TRUE,1,,,,,,,,,,,,
"r68720","2024-25","Fresno Pacific","Lydia Manu","wbb-020030","lydia manu","same_team_name_variant",0,TRUE,TRUE,TRUE,1,,,,,,,,,,,,
"r68720","2024-25","Fresno Pacific","Lydia Manu","wbb-026593","lydia manu","same_team_name_variant",0,TRUE,TRUE,TRUE,1,,,,,,,,,,,,
"r69030","2024-25","Southern Wesleyan","Alexis Glover","wbb-020120","alexis glover","same_team_name_variant",0,TRUE,TRUE,TRUE,1,,,,,,,,,,,,
"r69030","2024-25","Southern Wesleyan","Alexis Glover","wbb-026691","alexis glover","same_team_name_variant",0,TRUE,TRUE,TRUE,1,,,,,,,,,,,,
"r69053","2024-25","Belhaven","Jayden Coleman","wbb-021957","jayden coleman","same_team_name_variant",0,TRUE,TRUE,TRUE,1,,,,,,,,,,,,
"r69053","2024-25","Belhaven","Jayden Coleman","wbb-026692","jayden coleman","same_team_name_variant",0,TRUE,TRUE,TRUE,1,,,,,,,,,,,,
"r69486","2024-25","Concordia Chicago","Nazuri Whigham","wbb-001838","nazuri whigham","same_team_name_variant",0,TRUE,TRUE,TRUE,1,,,,,,,,,,,,
"r69486","2024-25","Concordia Chicago","Nazuri Whigham","wbb-019280","nazuri whigham","same_team_name_variant",0,TRUE,TRUE,TRUE,1,,,,,,,,,,,,
"r69486","2024-25","Concordia Chicago","Nazuri Whigham","wbb-022646","nazuri whigham","same_team_name_variant",0,TRUE,TRUE,TRUE,1,,,,,,,,,,,,
"r69566","2024-25","SUNY Geneseo","Kerry Dennin","wbb-002819","kerry dennin","same_team_name_variant",0,TRUE,TRUE,TRUE,1,,,,,,,,,,,,
"r69566","2024-25","SUNY Geneseo","Kerry Dennin","wbb-014049","kerry dennin","same_team_name_variant",0,TRUE,TRUE,TRUE,1,,,,,,,,,,,,
"r69566","2024-25","SUNY Geneseo","Kerry Dennin","wbb-019549","kerry dennin","same_team_name_variant",0,TRUE,TRUE,TRUE,1,,,,,,,,,,,,
"r69566","2024-25","SUNY Geneseo","Kerry Dennin","wbb-022998","kerry dennin","same_team_name_variant",0,TRUE,TRUE,TRUE,1,,,,,,,,,,,,
"r69778","2024-25","Millersville","Makiah Shaw","wbb-004810","makiah shaw","same_team_name_variant",0,TRUE,TRUE,TRUE,1,,,,,,,,,,,,
"r69778","2024-25","Millersville","Makiah Shaw","wbb-020428","makiah shaw","same_team_name_variant",0,TRUE,TRUE,TRUE,1,,,,,,,,,,,,
"r69778","2024-25","Millersville","Makiah Shaw","wbb-023663","makiah shaw","same_team_name_variant",0,TRUE,TRUE,TRUE,1,,,,,,,,,,,,
"r69780","2024-25","Millersville","Brenna Ortwein","wbb-004814","brenna ortwein","same_team_name_variant",0,TRUE,TRUE,TRUE,1,,,,,,,,,,,,
"r69780","2024-25","Millersville","Brenna Ortwein","wbb-020424","brenna ortwein","same_team_name_variant",0,TRUE,TRUE,TRUE,1,,,,,,,,,,,,
"r69780","2024-25","Millersville","Brenna Ortwein","wbb-023665","brenna ortwein","same_team_name_variant",0,TRUE,TRUE,TRUE,1,,,,,,,,,,,,
"r69781","2024-25","Millersville","Morgan Mahoney","wbb-004820","morgan mahoney","same_team_name_variant",0,TRUE,TRUE,TRUE,1,,,,,,,,,,,,
"r69781","2024-25","Millersville","Morgan Mahoney","wbb-020425","morgan mahoney","same_team_name_variant",0,TRUE,TRUE,TRUE,1,,,,,,,,,,,,
"r69781","2024-25","Millersville","Morgan Mahoney","wbb-023667","morgan mahoney","same_team_name_variant",0,TRUE,TRUE,TRUE,1,,,,,,,,,,,,
"r69782","2024-25","Millersville","Jillian Crawford","wbb-004821","jillian crawford","same_team_name_variant",0,TRUE,TRUE,TRUE,1,,,,,,,,,,,,
"r69782","2024-25","Millersville","Jillian Crawford","wbb-020426","jillian crawford","same_team_name_variant",0,TRUE,TRUE,TRUE,1,,,,,,,,,,,,
"r69782","2024-25","Millersville","Jillian Crawford","wbb-023668","jillian crawford","same_team_name_variant",0,TRUE,TRUE,TRUE,1,,,,,,,,,,,,
"r70008","2024-25","Thiel","Taylor Susany","wbb-008039","taylor susany","same_team_name_variant",0,TRUE,TRUE,TRUE,1,,,,,,,,,,,,
"r70008","2024-25","Thiel","Taylor Susany","wbb-021057","taylor susany","same_team_name_variant",0,TRUE,TRUE,TRUE,1,,,,,,,,,,,,
"r70008","2024-25","Thiel","Taylor Susany","wbb-024777","taylor susany","same_team_name_variant",0,TRUE,TRUE,TRUE,1,,,,,,,,,,,,
"r70124","2024-25","Christian Brothers","Isabella Jones","wbb-009575","isabella jones","same_team_name_variant",0,TRUE,TRUE,TRUE,1,,,,,,,,,,,,
"r70124","2024-25","Christian Brothers","Isabella Jones","wbb-018673","isabella jones","same_team_name_variant",0,TRUE,TRUE,TRUE,1,,,,,,,,,,,,
"r70124","2024-25","Christian Brothers","Isabella Jones","wbb-025295","isabella jones","same_team_name_variant",0,TRUE,TRUE,TRUE,1,,,,,,,,,,,,
"r70126","2024-25","Christian Brothers","Jeremia Montgomery","wbb-016303","jeremia montgomery","same_team_name_variant",0,TRUE,TRUE,TRUE,1,,,,,,,,,,,,
"r70126","2024-25","Christian Brothers","Jeremia Montgomery","wbb-018676","jeremia montgomery","same_team_name_variant",0,TRUE,TRUE,TRUE,1,,,,,,,,,,,,
"r70126","2024-25","Christian Brothers","Jeremia Montgomery","wbb-025297","jeremia montgomery","same_team_name_variant",0,TRUE,TRUE,TRUE,1,,,,,,,,,,,,
"r70127","2024-25","Christian Brothers","Chloe Crawford","wbb-016304","chloe crawford","same_team_name_variant",0,TRUE,TRUE,TRUE,1,,,,,,,,,,,,
"r70127","2024-25","Christian Brothers","Chloe Crawford","wbb-018677","chloe crawford","same_team_name_variant",0,TRUE,TRUE,TRUE,1,,,,,,,,,,,,
"r70127","2024-25","Christian Brothers","Chloe Crawford","wbb-025298","chloe crawford","same_team_name_variant",0,TRUE,TRUE,TRUE,1,,,,,,,,,,,,
"r70135","2024-25","Christian Brothers","Sophie Roston","wbb-016305","sophie roston","same_team_name_variant",0,TRUE,TRUE,TRUE,1,,,,,,,,,,,,
"r70135","2024-25","Christian Brothers","Sophie Roston","wbb-018680","sophie roston","same_team_name_variant",0,TRUE,TRUE,TRUE,1,,,,,,,,,,,,
"r70135","2024-25","Christian Brothers","Sophie Roston","wbb-025304","sophie roston","same_team_name_variant",0,TRUE,TRUE,TRUE,1,,,,,,,,,,,,
"r70137","2024-25","Christian Brothers","Mariona Pontnou","wbb-009584","mariona pontnou","same_team_name_variant",0,TRUE,TRUE,TRUE,1,,,,,,,,,,,,
"r70137","2024-25","Christian Brothers","Mariona Pontnou","wbb-018681","mariona pontnou","same_team_name_variant",0,TRUE,TRUE,TRUE,1,,,,,,,,,,,,
"r70137","2024-25","Christian Brothers","Mariona Pontnou","wbb-025306","mariona pontnou","same_team_name_variant",0,TRUE,TRUE,TRUE,1,,,,,,,,,,,,
"r57752","2024-25","Georgia Southern","Nicole Gwynn","wbb-017025","nicole gwynn","transfer_name_variant",0,TRUE,TRUE,TRUE,1,,,,,,,,,,,,
"r58426","2024-25","Indiana (PA)","Marin Miller","wbb-004809","marin miller","transfer_name_variant",0,TRUE,TRUE,TRUE,1,,,,,,,,,,,,
"r58426","2024-25","Indiana (PA)","Marin Miller","wbb-020427","marin miller","transfer_name_variant",0,TRUE,TRUE,TRUE,1,,,,,,,,,,,,
"r58426","2024-25","Indiana (PA)","Marin Miller","wbb-023660","marin miller","transfer_name_variant",0,TRUE,TRUE,TRUE,1,,,,,,,,,,,,
"r58547","2024-25","Jacksonville","Priscilla Williams","wbb-007802","priscilla williams","transfer_name_variant",0,TRUE,TRUE,TRUE,1,,,,,,,,,,,,
"r58575","2024-25","New Jersey City","Elainy Pichardo","wbb-001485","elainy pichardo","transfer_name_variant",0,TRUE,TRUE,TRUE,1,,,,,,,,,,,,
"r58575","2024-25","New Jersey City","Elainy Pichardo","wbb-022529","elainy pichardo","transfer_name_variant",0,TRUE,TRUE,TRUE,1,,,,,,,,,,,,
"r60147","2024-25","Montana","Tyler McCliment-Call","wbb-006306","tyler mccliment call","transfer_name_variant",0,TRUE,TRUE,TRUE,1,,,,,,,,,,,,
"r60367","2024-25","UNC Greensboro","Jaila Lee","wbb-023812","jaila lee","transfer_name_variant",0,TRUE,TRUE,TRUE,1,,,,,,,,,,,,
"r60599","2024-25","NYU","Jamie Behar","wbb-004002","jamie behar","transfer_name_variant",0,TRUE,TRUE,TRUE,1,,,,,,,,,,,,
"r60599","2024-25","NYU","Jamie Behar","wbb-018211","jamie behar","transfer_name_variant",0,TRUE,TRUE,TRUE,1,,,,,,,,,,,,
"r60599","2024-25","NYU","Jamie Behar","wbb-023385","jamie behar","transfer_name_variant",0,TRUE,TRUE,TRUE,1,,,,,,,,,,,,
"r60903","2024-25","Northern Kentucky","Abby Wolterman","wbb-010827","abby wolterman","transfer_name_variant",0,TRUE,TRUE,TRUE,1,,,,,,,,,,,,
"r60903","2024-25","Northern Kentucky","Abby Wolterman","wbb-019619","abby wolterman","transfer_name_variant",0,TRUE,TRUE,TRUE,1,,,,,,,,,,,,
"r60903","2024-25","Northern Kentucky","Abby Wolterman","wbb-025818","abby wolterman","transfer_name_variant",0,TRUE,TRUE,TRUE,1,,,,,,,,,,,,
"r60906","2024-25","Northern Kentucky","Jaci Jones","wbb-010825","jaci jones","transfer_name_variant",0,TRUE,TRUE,TRUE,1,,,,,,,,,,,,
"r60906","2024-25","Northern Kentucky","Jaci Jones","wbb-019617","jaci jones","transfer_name_variant",0,TRUE,TRUE,TRUE,1,,,,,,,,,,,,
"r60906","2024-25","Northern Kentucky","Jaci Jones","wbb-025819","jaci jones","transfer_name_variant",0,TRUE,TRUE,TRUE,1,,,,,,,,,,,,
"r63576","2024-25","Tuskegee","Hilani Cantone","wbb-000317","hilani cantone","transfer_name_variant",0,TRUE,TRUE,TRUE,1,,,,,,,,,,,,
"r63576","2024-25","Tuskegee","Hilani Cantone","wbb-003778","hilani cantone","transfer_name_variant",0,TRUE,TRUE,TRUE,1,,,,,,,,,,,,
"r63740","2024-25","Valdosta St.","Kiersten Nelson","wbb-007103","kiersten nelson","transfer_name_variant",0,TRUE,TRUE,TRUE,1,,,,,,,,,,,,
"r63740","2024-25","Valdosta St.","Kiersten Nelson","wbb-018444","kiersten nelson","transfer_name_variant",0,TRUE,TRUE,TRUE,1,,,,,,,,,,,,
"r63740","2024-25","Valdosta St.","Kiersten Nelson","wbb-024469","kiersten nelson","transfer_name_variant",0,TRUE,TRUE,TRUE,1,,,,,,,,,,,,
"r63882","2024-25","Wagner","Hawa Balde-Camara","wbb-011470","hawa balde camara","transfer_name_variant",0,TRUE,TRUE,TRUE,1,,,,,,,,,,,,
"r63882","2024-25","Wagner","Hawa Balde-Camara","wbb-018896","hawa balde camara","transfer_name_variant",0,TRUE,TRUE,TRUE,1,,,,,,,,,,,,
"r64599","2024-25","Wisconsin-Stout","Lexi Wagner","wbb-009298","lexi wagner","transfer_name_variant",0,TRUE,TRUE,TRUE,1,,,,,,,,,,,,
"r67323","2024-25","West Florida","Rylie Stephens","wbb-024470","rylie stephens","transfer_name_variant",0,TRUE,TRUE,TRUE,1,,,,,,,,,,,,
"r68781","2024-25","Union (TN)","Emily Jones","wbb-009579","emily jones","transfer_name_variant",0,TRUE,TRUE,TRUE,1,,,,,,,,,,,,
"r68781","2024-25","Union (TN)","Emily Jones","wbb-018678","emily jones","transfer_name_variant",0,TRUE,TRUE,TRUE,1,,,,,,,,,,,,
"r68781","2024-25","Union (TN)","Emily Jones","wbb-023934","emily jones","transfer_name_variant",0,TRUE,TRUE,TRUE,1,,,,,,,,,,,,
"r69067","2024-25","Belhaven","Kiersten Hudson","wbb-020450","kiersten hudson","transfer_name_variant",0,TRUE,TRUE,TRUE,1,,,,,,,,,,,,
"r70848","2025-26","Alfred","Natalee Collins","wbb-022068","natalee collins","same_team_name_variant",0,TRUE,TRUE,TRUE,1,,,,,,,,,,,,
"r71160","2025-26","Aurora","Kylie Fischbach","wbb-000457","kylie fischbach","same_team_name_variant",0,TRUE,TRUE,TRUE,1,,,,,,,,,,,,
"r71160","2025-26","Aurora","Kylie Fischbach","wbb-020401","kylie fischbach","same_team_name_variant",0,TRUE,TRUE,TRUE,1,,,,,,,,,,,,
"r71160","2025-26","Aurora","Kylie Fischbach","wbb-022159","kylie fischbach","same_team_name_variant",0,TRUE,TRUE,TRUE,1,,,,,,,,,,,,
"r71160","2025-26","Aurora","Kylie Fischbach","wbb-026971","kylie fischbach","same_team_name_variant",0,TRUE,TRUE,TRUE,1,,,,,,,,,,,,
"r71403","2025-26","Baruch","Gabriela Ledesma","wbb-033038","gabriela ledesma","same_team_name_variant",0,TRUE,TRUE,TRUE,1,,,,,,,,,,,,
"r71676","2025-26","Brigham Young","Arielle Mackey-Williams","wbb-013385","arielle mackey williams","same_team_name_variant",0,TRUE,TRUE,TRUE,1,,,,,,,,,,,,
"r71676","2025-26","Brigham Young","Arielle Mackey-Williams","wbb-017988","arielle mackey williams","same_team_name_variant",0,TRUE,TRUE,TRUE,1,,,,,,,,,,,,
"r71676","2025-26","Brigham Young","Arielle Mackey-Williams","wbb-027166","arielle mackey williams","same_team_name_variant",0,TRUE,TRUE,TRUE,1,,,,,,,,,,,,
"r71733","2025-26","Bryant","Martina Boba","wbb-027188","martina boba","same_team_name_variant",0,TRUE,TRUE,TRUE,1,,,,,,,,,,,,
"r71840","2025-26","Cal Poly","Nora Perez","wbb-027249","nora perez","same_team_name_variant",0,TRUE,TRUE,TRUE,1,,,,,,,,,,,,
"r72235","2025-26","Capital","Kendall Spreen","wbb-022474","kendall spreen","same_team_name_variant",0,TRUE,TRUE,TRUE,1,,,,,,,,,,,,
"r74124","2025-26","Rowan","Tuts Davis","wbb-028140","tuts davis","same_team_name_variant",0,TRUE,TRUE,TRUE,1,,,,,,,,,,,,
"r75386","2025-26","Lehigh","Katie Hurt","wbb-004000","katie hurt","same_team_name_variant",0,TRUE,TRUE,TRUE,1,,,,,,,,,,,,
"r75386","2025-26","Lehigh","Katie Hurt","wbb-018209","katie hurt","same_team_name_variant",0,TRUE,TRUE,TRUE,1,,,,,,,,,,,,
"r75386","2025-26","Lehigh","Katie Hurt","wbb-023383","katie hurt","same_team_name_variant",0,TRUE,TRUE,TRUE,1,,,,,,,,,,,,
"r75386","2025-26","Lehigh","Katie Hurt","wbb-028592","katie hurt","same_team_name_variant",0,TRUE,TRUE,TRUE,1,,,,,,,,,,,,
"r75396","2025-26","Lehigh","Lily Fandre","wbb-004011","lily fandre","same_team_name_variant",0,TRUE,TRUE,TRUE,1,,,,,,,,,,,,
"r75396","2025-26","Lehigh","Lily Fandre","wbb-018215","lily fandre","same_team_name_variant",0,TRUE,TRUE,TRUE,1,,,,,,,,,,,,
"r75396","2025-26","Lehigh","Lily Fandre","wbb-023390","lily fandre","same_team_name_variant",0,TRUE,TRUE,TRUE,1,,,,,,,,,,,,
"r75396","2025-26","Lehigh","Lily Fandre","wbb-028599","lily fandre","same_team_name_variant",0,TRUE,TRUE,TRUE,1,,,,,,,,,,,,
"r76327","2025-26","Millersville","Morgan Mahoney","wbb-004820","morgan mahoney","same_team_name_variant",0,TRUE,TRUE,TRUE,1,,,,,,,,,,,,
"r76327","2025-26","Millersville","Morgan Mahoney","wbb-020425","morgan mahoney","same_team_name_variant",0,TRUE,TRUE,TRUE,1,,,,,,,,,,,,
"r76327","2025-26","Millersville","Morgan Mahoney","wbb-023667","morgan mahoney","same_team_name_variant",0,TRUE,TRUE,TRUE,1,,,,,,,,,,,,
"r76327","2025-26","Millersville","Morgan Mahoney","wbb-033142","morgan mahoney","same_team_name_variant",0,TRUE,TRUE,TRUE,1,,,,,,,,,,,,
"r76328","2025-26","Millersville","Jillian Crawford","wbb-004821","jillian crawford","same_team_name_variant",0,TRUE,TRUE,TRUE,1,,,,,,,,,,,,
"r76328","2025-26","Millersville","Jillian Crawford","wbb-020426","jillian crawford","same_team_name_variant",0,TRUE,TRUE,TRUE,1,,,,,,,,,,,,
"r76328","2025-26","Millersville","Jillian Crawford","wbb-023668","jillian crawford","same_team_name_variant",0,TRUE,TRUE,TRUE,1,,,,,,,,,,,,
"r76328","2025-26","Millersville","Jillian Crawford","wbb-033143","jillian crawford","same_team_name_variant",0,TRUE,TRUE,TRUE,1,,,,,,,,,,,,
"r76394","2025-26","Mississippi College","Karly Ivy","wbb-014728","karly ivy","same_team_name_variant",0,TRUE,TRUE,TRUE,1,,,,,,,,,,,,
"r76394","2025-26","Mississippi College","Karly Ivy","wbb-020448","karly ivy","same_team_name_variant",0,TRUE,TRUE,TRUE,1,,,,,,,,,,,,
"r76394","2025-26","Mississippi College","Karly Ivy","wbb-023693","karly ivy","same_team_name_variant",0,TRUE,TRUE,TRUE,1,,,,,,,,,,,,
"r76394","2025-26","Mississippi College","Karly Ivy","wbb-028983","karly ivy","same_team_name_variant",0,TRUE,TRUE,TRUE,1,,,,,,,,,,,,
"r76398","2025-26","Mississippi College","Keller Bigham","wbb-014730","keller bigham","same_team_name_variant",0,TRUE,TRUE,TRUE,1,,,,,,,,,,,,
"r76398","2025-26","Mississippi College","Keller Bigham","wbb-020454","keller bigham","same_team_name_variant",0,TRUE,TRUE,TRUE,1,,,,,,,,,,,,
"r76398","2025-26","Mississippi College","Keller Bigham","wbb-023697","keller bigham","same_team_name_variant",0,TRUE,TRUE,TRUE,1,,,,,,,,,,,,
"r76398","2025-26","Mississippi College","Keller Bigham","wbb-028986","keller bigham","same_team_name_variant",0,TRUE,TRUE,TRUE,1,,,,,,,,,,,,
"r76917","2025-26","New England Col.","Macy Hutton","wbb-029190","macy hutton","same_team_name_variant",0,TRUE,TRUE,TRUE,1,,,,,,,,,,,,
"r77491","2025-26","Notre Dame","Bella Tehrani","wbb-029386","bella tehrani","same_team_name_variant",0,TRUE,TRUE,TRUE,1,,,,,,,,,,,,
"r78954","2025-26","Samford","Alyssa Tarpley","wbb-015493","alyssa tarpley","same_team_name_variant",0,TRUE,TRUE,TRUE,1,,,,,,,,,,,,
"r78954","2025-26","Samford","Alyssa Tarpley","wbb-018442","alyssa tarpley","same_team_name_variant",0,TRUE,TRUE,TRUE,1,,,,,,,,,,,,
"r78954","2025-26","Samford","Alyssa Tarpley","wbb-024467","alyssa tarpley","same_team_name_variant",0,TRUE,TRUE,TRUE,1,,,,,,,,,,,,
"r78954","2025-26","Samford","Alyssa Tarpley","wbb-029941","alyssa tarpley","same_team_name_variant",0,TRUE,TRUE,TRUE,1,,,,,,,,,,,,
"r80931","2025-26","Wilkes","Yamirelis Matos","wbb-008844","yamirelis matos","same_team_name_variant",0,TRUE,TRUE,TRUE,1,,,,,,,,,,,,
"r80931","2025-26","Wilkes","Yamirelis Matos","wbb-021166","yamirelis matos","same_team_name_variant",0,TRUE,TRUE,TRUE,1,,,,,,,,,,,,
"r80931","2025-26","Wilkes","Yamirelis Matos","wbb-025032","yamirelis matos","same_team_name_variant",0,TRUE,TRUE,TRUE,1,,,,,,,,,,,,
"r80931","2025-26","Wilkes","Yamirelis Matos","wbb-030619","yamirelis matos","same_team_name_variant",0,TRUE,TRUE,TRUE,1,,,,,,,,,,,,
"r80932","2025-26","Wilkes","Reagan Holden","wbb-008847","reagan holden","same_team_name_variant",0,TRUE,TRUE,TRUE,1,,,,,,,,,,,,
"r80932","2025-26","Wilkes","Reagan Holden","wbb-021169","reagan holden","same_team_name_variant",0,TRUE,TRUE,TRUE,1,,,,,,,,,,,,
"r80932","2025-26","Wilkes","Reagan Holden","wbb-025035","reagan holden","same_team_name_variant",0,TRUE,TRUE,TRUE,1,,,,,,,,,,,,
"r80932","2025-26","Wilkes","Reagan Holden","wbb-030620","reagan holden","same_team_name_variant",0,TRUE,TRUE,TRUE,1,,,,,,,,,,,,
"r80942","2025-26","Wilkes","Madison Robel","wbb-008855","madison robel","same_team_name_variant",0,TRUE,TRUE,TRUE,1,,,,,,,,,,,,
"r80942","2025-26","Wilkes","Madison Robel","wbb-021165","madison robel","same_team_name_variant",0,TRUE,TRUE,TRUE,1,,,,,,,,,,,,
"r80942","2025-26","Wilkes","Madison Robel","wbb-025042","madison robel","same_team_name_variant",0,TRUE,TRUE,TRUE,1,,,,,,,,,,,,
"r80942","2025-26","Wilkes","Madison Robel","wbb-030626","madison robel","same_team_name_variant",0,TRUE,TRUE,TRUE,1,,,,,,,,,,,,
"r81898","2025-26","East Tex. Baptist","Anna Beamsderfer","wbb-030952","anna beamsderfer","same_team_name_variant",0,TRUE,TRUE,TRUE,1,,,,,,,,,,,,
"r81916","2025-26","Elon","Kamryn Doty","wbb-018747","kamryn doty","same_team_name_variant",0,TRUE,TRUE,TRUE,1,,,,,,,,,,,,
"r81916","2025-26","Elon","Kamryn Doty","wbb-025377","kamryn doty","same_team_name_variant",0,TRUE,TRUE,TRUE,1,,,,,,,,,,,,
"r81916","2025-26","Elon","Kamryn Doty","wbb-030963","kamryn doty","same_team_name_variant",0,TRUE,TRUE,TRUE,1,,,,,,,,,,,,
"r84005","2025-26","West Virginia Wesleyan","Samiah Lynch","wbb-021459","samiah lynch","same_team_name_variant",0,TRUE,TRUE,TRUE,1,,,,,,,,,,,,
"r84009","2025-26","West Virginia Wesleyan","Jasmine Tabor","wbb-021458","jasmine tabor","same_team_name_variant",0,TRUE,TRUE,TRUE,1,,,,,,,,,,,,
"r84033","2025-26","St. Elizabeth","Ty'la Holmes","wbb-021475","ty la holmes","same_team_name_variant",0,TRUE,TRUE,TRUE,1,,,,,,,,,,,,
"r84033","2025-26","St. Elizabeth","Ty'la Holmes","wbb-031863","ty la holmes","same_team_name_variant",0,TRUE,TRUE,TRUE,1,,,,,,,,,,,,
"r84661","2025-26","Felician","Adriana Perez","wbb-026231","adriana perez","same_team_name_variant",0,TRUE,TRUE,TRUE,1,,,,,,,,,,,,
"r84735","2025-26","Penn St.-Altoona","Allyana Stephens","wbb-032181","allyana stephens","same_team_name_variant",0,TRUE,TRUE,TRUE,1,,,,,,,,,,,,
"r84845","2025-26","Lee","Anna Muhonen","wbb-011969","anna muhonen","same_team_name_variant",0,TRUE,TRUE,TRUE,1,,,,,,,,,,,,
"r84845","2025-26","Lee","Anna Muhonen","wbb-019797","anna muhonen","same_team_name_variant",0,TRUE,TRUE,TRUE,1,,,,,,,,,,,,
"r84845","2025-26","Lee","Anna Muhonen","wbb-026289","anna muhonen","same_team_name_variant",0,TRUE,TRUE,TRUE,1,,,,,,,,,,,,
"r84845","2025-26","Lee","Anna Muhonen","wbb-032228","anna muhonen","same_team_name_variant",0,TRUE,TRUE,TRUE,1,,,,,,,,,,,,
"r84848","2025-26","Lee","Bailey Burgess","wbb-011971","bailey burgess","same_team_name_variant",0,TRUE,TRUE,TRUE,1,,,,,,,,,,,,
"r84848","2025-26","Lee","Bailey Burgess","wbb-019800","bailey burgess","same_team_name_variant",0,TRUE,TRUE,TRUE,1,,,,,,,,,,,,
"r84848","2025-26","Lee","Bailey Burgess","wbb-026291","bailey burgess","same_team_name_variant",0,TRUE,TRUE,TRUE,1,,,,,,,,,,,,
"r84848","2025-26","Lee","Bailey Burgess","wbb-032229","bailey burgess","same_team_name_variant",0,TRUE,TRUE,TRUE,1,,,,,,,,,,,,
"r84856","2025-26","Lee","Susanna Rogers","wbb-011972","susanna rogers","same_team_name_variant",0,TRUE,TRUE,TRUE,1,,,,,,,,,,,,
"r84856","2025-26","Lee","Susanna Rogers","wbb-019801","susanna rogers","same_team_name_variant",0,TRUE,TRUE,TRUE,1,,,,,,,,,,,,
"r84856","2025-26","Lee","Susanna Rogers","wbb-026292","susanna rogers","same_team_name_variant",0,TRUE,TRUE,TRUE,1,,,,,,,,,,,,
"r84856","2025-26","Lee","Susanna Rogers","wbb-032234","susanna rogers","same_team_name_variant",0,TRUE,TRUE,TRUE,1,,,,,,,,,,,,
"r86132","2025-26","Belhaven","Jayden Coleman","wbb-021957","jayden coleman","same_team_name_variant",0,TRUE,TRUE,TRUE,1,,,,,,,,,,,,
"r86132","2025-26","Belhaven","Jayden Coleman","wbb-026692","jayden coleman","same_team_name_variant",0,TRUE,TRUE,TRUE,1,,,,,,,,,,,,
"r86132","2025-26","Belhaven","Jayden Coleman","wbb-032821","jayden coleman","same_team_name_variant",0,TRUE,TRUE,TRUE,1,,,,,,,,,,,,
"r86135","2025-26","Belhaven","Savannah Hailey","wbb-032830","savannah hailey","same_team_name_variant",0,TRUE,TRUE,TRUE,1,,,,,,,,,,,,
"r71078","2025-26","Auburn","Angena Belloso","wbb-006824","angena belloso","transfer_name_variant",0,TRUE,TRUE,TRUE,1,,,,,,,,,,,,
"r71078","2025-26","Auburn","Angena Belloso","wbb-022946","angena belloso","transfer_name_variant",0,TRUE,TRUE,TRUE,1,,,,,,,,,,,,
"r71929","2025-26","Fresno State","Djessira Diawara","wbb-023148","djessira diawara","transfer_name_variant",0,TRUE,TRUE,TRUE,1,,,,,,,,,,,,
"r72521","2025-26","Chris. Newport","Kendra Rigo","wbb-033066","kendra rigo","transfer_name_variant",0,TRUE,TRUE,TRUE,1,,,,,,,,,,,,
"r73256","2025-26","Duke","Hailey Johnson","wbb-020696","hailey johnson","transfer_name_variant",0,TRUE,TRUE,TRUE,1,,,,,,,,,,,,
"r76466","2025-26","Mississippi","Latasha Lattimore","wbb-015798","latasha lattimore","transfer_name_variant",0,TRUE,TRUE,TRUE,1,,,,,,,,,,,,
"r77096","2025-26","Nicholls State","Sanaiya Morris","wbb-030906","sanaiya morris","transfer_name_variant",0,TRUE,TRUE,TRUE,1,,,,,,,,,,,,
"r78695","2025-26","Saint Joseph's (PA)","Faith Stinson","wbb-016776","faith stinson","transfer_name_variant",0,TRUE,TRUE,TRUE,1,,,,,,,,,,,,
"r79311","2025-26","South Florida","Katie Davidson","wbb-004699","katie davidson","transfer_name_variant",0,TRUE,TRUE,TRUE,1,,,,,,,,,,,,
"r79311","2025-26","South Florida","Katie Davidson","wbb-016778","katie davidson","transfer_name_variant",0,TRUE,TRUE,TRUE,1,,,,,,,,,,,,
"r81547","2025-26","Berry","Jade Lewis","wbb-031011","jade lewis","transfer_name_variant",0,TRUE,TRUE,TRUE,1,,,,,,,,,,,,
"r82108","2025-26","Grand Canyon","Holly Griffiths","wbb-024127","holly griffiths","transfer_name_variant",0,TRUE,TRUE,TRUE,1,,,,,,,,,,,,
"r83082","2025-26","Western Ore.","Danyell Booker","wbb-013442","danyell booker","transfer_name_variant",0,TRUE,TRUE,TRUE,1,,,,,,,,,,,,
"r83656","2025-26","McMurry","Briley Waters","wbb-028731","briley waters","transfer_name_variant",0,TRUE,TRUE,TRUE,1,,,,,,,,,,,,
"r83941","2025-26","Missouri Western","Ambranette Storr","wbb-018057","ambranette storr","transfer_name_variant",0,TRUE,TRUE,TRUE,1,,,,,,,,,,,,
"r84651","2025-26","Texas-Dallas","Sheridan Kavanagh","wbb-006822","sheridan kavanagh","transfer_name_variant",0,TRUE,TRUE,TRUE,1,,,,,,,,,,,,
"r84651","2025-26","Texas-Dallas","Sheridan Kavanagh","wbb-025665","sheridan kavanagh","transfer_name_variant",0,TRUE,TRUE,TRUE,1,,,,,,,,,,,,
"r87103","2026-27","Binghamton","Kameryn Dorsey","wbb-024359","kameryn dorsey","same_team_name_variant",0,TRUE,TRUE,TRUE,1,,,,,,,,,,,,
"r87269","2026-27","Bryant","Martina Boba","wbb-027188","martina boba","same_team_name_variant",0,TRUE,TRUE,TRUE,1,,,,,,,,,,,,
"r87269","2026-27","Bryant","Martina Boba","wbb-033831","martina boba","same_team_name_variant",0,TRUE,TRUE,TRUE,1,,,,,,,,,,,,
"r87349","2026-27","Cal Poly","Nora Perez","wbb-027249","nora perez","same_team_name_variant",0,TRUE,TRUE,TRUE,1,,,,,,,,,,,,
"r87349","2026-27","Cal Poly","Nora Perez","wbb-033871","nora perez","same_team_name_variant",0,TRUE,TRUE,TRUE,1,,,,,,,,,,,,
"r94629","2026-27","Elon","Kamryn Doty","wbb-018747","kamryn doty","same_team_name_variant",0,TRUE,TRUE,TRUE,1,,,,,,,,,,,,
"r94629","2026-27","Elon","Kamryn Doty","wbb-025377","kamryn doty","same_team_name_variant",0,TRUE,TRUE,TRUE,1,,,,,,,,,,,,
"r94629","2026-27","Elon","Kamryn Doty","wbb-030963","kamryn doty","same_team_name_variant",0,TRUE,TRUE,TRUE,1,,,,,,,,,,,,
"r94629","2026-27","Elon","Kamryn Doty","wbb-037935","kamryn doty","same_team_name_variant",0,TRUE,TRUE,TRUE,1,,,,,,,,,,,,
"r96641","2026-27","Felician","Adriana Perez","wbb-026231","adriana perez","same_team_name_variant",0,TRUE,TRUE,TRUE,1,,,,,,,,,,,,
"r96641","2026-27","Felician","Adriana Perez","wbb-039302","adriana perez","same_team_name_variant",0,TRUE,TRUE,TRUE,1,,,,,,,,,,,,
"r86590","2026-27","Alas. Anchorage","Amber Kartchner","wbb-019957","amber kartchner","transfer_name_variant",0,TRUE,TRUE,TRUE,1,,,,,,,,,,,,
"r90874","2026-27","Mount St. Mary's","Nevaeh Ferrara Horne","wbb-023967","nevaeh ferrara horne","transfer_name_variant",0,TRUE,TRUE,TRUE,1,,,,,,,,,,,,
"r91257","2026-27","NC State","Khady Leye","wbb-030303","khady leye","transfer_name_variant",0,TRUE,TRUE,TRUE,1,,,,,,,,,,,,
"r95328","2026-27","Seattle","Ayanna Jackson","wbb-022418","ayanna jackson","transfer_name_variant",0,TRUE,TRUE,TRUE,1,,,,,,,,,,,,
"r54246","2023-24","Bryn Athyn","Alexa Osafo-Mensah","wbb-020114","alexah osafo mensah","same_team_name_variant",0.010526,TRUE,TRUE,TRUE,0.995,,,,,,,,,,,,
"r64976","2024-25","Catawba","Kairah Dixon-Booker","wbb-025257","kaira dixon booker","same_team_name_variant",0.010526,TRUE,TRUE,TRUE,0.995,,,,,,,,,,,,
"r39655","2022-23","Guilford","Courtney McMillan","wbb-016442","courtney mcmillian","same_team_name_variant",0.011111,TRUE,TRUE,TRUE,0.994,,,,,,,,,,,,
"r44657","2023-24","La Verne","Valentina Limon","wbb-021750","valentina limion","same_team_name_variant",0.0125,TRUE,TRUE,TRUE,0.994,,,,,,,,,,,,
"r64049","2024-25","Webster","Meghan Illingworth","wbb-024959","megan illingworth","same_team_name_variant",0.012963,TRUE,TRUE,TRUE,0.994,,,,,,,,,,,,
"r65659","2024-25","Lenoir-Rhyne","Tilda Lindstroem","wbb-016526","tilda lindstrom","same_team_name_variant",0.0125,TRUE,TRUE,TRUE,0.994,,,,,,,,,,,,
"r69386","2024-25","Aurora","Danielle Antoine","wbb-000453","danielle antione","same_team_name_variant",0.0125,TRUE,TRUE,TRUE,0.994,,,,,,,,,,,,
"r69386","2024-25","Aurora","Danielle Antoine","wbb-020396","danielle antione","same_team_name_variant",0.0125,TRUE,TRUE,TRUE,0.994,,,,,,,,,,,,
"r69386","2024-25","Aurora","Danielle Antoine","wbb-022153","danielle antione","same_team_name_variant",0.0125,TRUE,TRUE,TRUE,0.994,,,,,,,,,,,,
"r82758","2025-26","Rockhurst","Lauren Sandstrom","wbb-033265","lauren sandstorm","same_team_name_variant",0.0125,TRUE,TRUE,TRUE,0.994,,,,,,,,,,,,
"r73937","2025-26","Fredonia","Jakiera Stackhouse","wbb-032401","jakeira stackhouse","transfer_name_variant",0.012963,TRUE,TRUE,TRUE,0.994,,,,,,,,,,,,
"r18585","2021-22","New England Col.","Alissia Corona","wbb-005321","alissa corona","same_team_name_variant",0.014286,TRUE,TRUE,TRUE,0.993,,,,,,,,,,,,
"r21499","2021-22","TCNJ","Kaitlyn Dieter","wbb-008069","kaitlyn deiter","same_team_name_variant",0.014286,TRUE,TRUE,TRUE,0.993,,,,,,,,,,,,
"r25276","2021-22","MSOE","Chloe Kurkjian","wbb-011703","chloe kurkjain","same_team_name_variant",0.014286,TRUE,TRUE,TRUE,0.993,,,,,,,,,,,,
"r37795","2022-23","Texas Southern","Jaelynn Compton","wbb-015768","jaelyn compton","same_team_name_variant",0.013333,TRUE,TRUE,TRUE,0.993,,,,,,,,,,,,
"r39837","2022-23","Bethany (WV)","Marisa Malone","wbb-013279","marissa malone","same_team_name_variant",0.014286,TRUE,TRUE,TRUE,0.993,,,,,,,,,,,,
"r46177","2023-24","Omaha","Brooklynn Smith","wbb-018362","brooklyn smith","same_team_name_variant",0.013333,TRUE,TRUE,TRUE,0.993,,,,,,,,,,,,
"r53187","2023-24","Farmingdale St.","Emily Pohalski","wbb-019698","emily pohlaski","same_team_name_variant",0.014286,TRUE,TRUE,TRUE,0.993,,,,,,,,,,,,
"r53674","2023-24","Tex. Permian Basin","Makala Bingley","wbb-019940","makayla bingley","same_team_name_variant",0.013333,TRUE,TRUE,TRUE,0.993,,,,,,,,,,,,
"r64964","2024-25","Carson-Newman","Karli Haworth","wbb-025254","karli hayworth","same_team_name_variant",0.014286,TRUE,TRUE,TRUE,0.993,,,,,,,,,,,,
"r65120","2024-25","Concordia Wisconsin","Aubrey DeBauch","wbb-025323","aubrey debuach","same_team_name_variant",0.014286,TRUE,TRUE,TRUE,0.993,,,,,,,,,,,,
"r94941","2026-27","LaGrange","Adazha Burrell","wbb-038127","adazhah burrell","same_team_name_variant",0.013333,TRUE,TRUE,TRUE,0.993,,,,,,,,,,,,
"r56705","2024-25","Davis & Elkins","Briyana Sapp","wbb-022687","briyanna sapp","same_team_name_variant",0.015385,TRUE,TRUE,TRUE,0.992,,,,,,,,,,,,
"r68065","2024-25","Palm Beach Atl.","Katelynn Hagy","wbb-026346","katelyn hagy","same_team_name_variant",0.015385,TRUE,TRUE,TRUE,0.992,,,,,,,,,,,,
"r70212","2024-25","Mars Hill","Jadiyah Peoples","wbb-025555","jadyiah peoples","same_team_name_variant",0.015556,TRUE,TRUE,TRUE,0.992,,,,,,,,,,,,
"r16891","2021-22","Johnson C. Smith","Mahaley Holit","wbb-003682","mahley holit","same_team_name_variant",0.017949,TRUE,TRUE,TRUE,0.991,,,,,,,,,,,,
"r35843","2022-23","Miles","Desereia Randle","wbb-000056","dereseia randle","same_team_name_variant",0.017778,TRUE,TRUE,TRUE,0.991,,,,,,,,,,,,
"r36646","2022-23","Penn St.-Behrend","Lexie Moore","wbb-015163","lexi moore","same_team_name_variant",0.018182,TRUE,TRUE,TRUE,0.991,,,,,,,,,,,,
"r43117","2023-24","Edinboro","Madison Yanc","wbb-002416","maddison yanc","same_team_name_variant",0.017949,TRUE,TRUE,TRUE,0.991,,,,,,,,,,,,
"r52148","2023-24","Lake Erie","Grace Lyon","wbb-019185","gracie lyon","transfer_name_variant",0.018182,TRUE,TRUE,TRUE,0.991,,,,,,,,,,,,
"r85226","2025-26","Seton Hill","Clare Cramer","wbb-033341","claire cramer","same_team_name_variant",0.017949,TRUE,TRUE,TRUE,0.991,,,,,,,,,,,,
"r73706","2025-26","Fayetteville St.","Neveah Colon","wbb-027963","nevaeh colon","same_team_name_variant",0.019444,TRUE,TRUE,TRUE,0.99,,,,,,,,,,,,
"r41676","2023-24","Cal St. San Bernardino","Deja Blue","wbb-021402","deja bleu","same_team_name_variant",0.022222,TRUE,TRUE,TRUE,0.989,,,,,,,,,,,,
"r69654","2024-25","Kentucky St.","Jalyn Shelby","wbb-023307","jayln shelby","same_team_name_variant",0.022222,TRUE,TRUE,TRUE,0.989,,,,,,,,,,,,
"r55421","2024-25","Bridgeport","Adalise Caraballo","wbb-022307","adalise carabello","same_team_name_variant",0.023529,TRUE,TRUE,TRUE,0.988,,,,,,,,,,,,
"r33588","2022-23","Lake Erie","CC Cary","wbb-016807","cc carey","same_team_name_variant",0.025,TRUE,TRUE,TRUE,0.987,,,,,,,,,,,,
"r48288","2023-24","Simpson","Isabella Serrano","wbb-020943","isabella seranno","same_team_name_variant",0.025,TRUE,TRUE,TRUE,0.987,,,,,,,,,,,,
"r66941","2024-25","Chowan","Nyeisha Savage","wbb-025981","nyeshia savage","same_team_name_variant",0.025,TRUE,TRUE,TRUE,0.987,,,,,,,,,,,,
"r87738","2026-27","Centenary (LA)","Caitlin Baldwin","wbb-034075","caitlyn baldwin","same_team_name_variant",0.026667,TRUE,TRUE,TRUE,0.987,,,,,,,,,,,,
"r64185","2024-25","McDaniel","Raegan Lenz","wbb-024997","reagan lenz","same_team_name_variant",0.027273,TRUE,TRUE,TRUE,0.986,,,,,,,,,,,,
"r47625","2023-24","Roger Williams","McKalah Gaine","wbb-020804","mckayla gaine","same_team_name_variant",0.030769,TRUE,TRUE,TRUE,0.985,,,,,,,,,,,,
"r68893","2024-25","Berea","Atyia Moss","wbb-026650","aytia moss","same_team_name_variant",0.03,TRUE,TRUE,TRUE,0.985,,,,,,,,,,,,
"r87897","2026-27","Clarion","Amaya Evans","wbb-017729","amaya b evans","transfer_name_variant",0.030769,TRUE,TRUE,TRUE,0.985,,,,,,,,,,,,
"r70402","2024-25","William Peace","Breneá Daye","wbb-019308","brene a daye","same_team_name_variant",0.034848,TRUE,TRUE,TRUE,0.983,,,,,,,,,,,,
"r55054","2024-25","Ball State","Maliyah ""MJ"" Johnson","wbb-007917","maliyah johnson","transfer_name_variant",0.033333,TRUE,TRUE,TRUE,0.983,,,,,,,,,,,,
"r44082","2023-24","Hunter","Leila Nouri","wbb-003329","leila mouri","same_team_name_variant",0.036364,TRUE,TRUE,TRUE,0.982,,,,,,,,,,,,
"r59057","2024-25","West Alabama","Logan McLennan","wbb-023412","loagan mclennan","same_team_name_variant",0.036825,TRUE,TRUE,TRUE,0.982,,,,,,,,,,,,
"r68014","2024-25","North Central (MN)","Brycelyn Brewster","wbb-019856","bryce brewster","same_team_name_variant",0.035294,TRUE,TRUE,TRUE,0.982,,,,,,,,,,,,
"r33981","2022-23","Texas-Tyler","Franzi Prinz","wbb-007699","franziska prinz","transfer_name_variant",0.04,TRUE,TRUE,TRUE,0.98,,,,,,,,,,,,
"r32902","2022-23","Emmanuel (MA)","Cait Barker","wbb-002493","caitlin barker","same_team_name_variant",0.042857,TRUE,TRUE,TRUE,0.979,,,,,,,,,,,,
"r42479","2023-24","Columbus St.","Jasmine Rai Stevens","wbb-016627","jasmine stevens","transfer_name_variant",0.042105,TRUE,TRUE,TRUE,0.979,,,,,,,,,,,,
"r66166","2024-25","Texas Lutheran","Callista Perez","wbb-025709","calli perez","same_team_name_variant",0.042857,TRUE,TRUE,TRUE,0.979,,,,,,,,,,,,
"r94755","2026-27","George Fox","Addi Dippel","wbb-037983","addison dippel","same_team_name_variant",0.042857,TRUE,TRUE,TRUE,0.979,,,,,,,,,,,,
"r63029","2024-25","Springfield","Angie Czeremcha","wbb-015672","angela czeremcha","same_team_name_variant",0.044722,TRUE,TRUE,TRUE,0.978,,,,,,,,,,,,
"r78106","2025-26","Purdue","Madison Layden-Zay","wbb-006384","madison layden","same_team_name_variant",0.044444,TRUE,TRUE,TRUE,0.978,,,,,,,,,,,,
"r40762","2023-24","Alma","Madi Black","wbb-019417","madison black","same_team_name_variant",0.046154,TRUE,TRUE,TRUE,0.977,,,,,,,,,,,,
"r65114","2024-25","Concordia Wisconsin","Sierra Ertman","wbb-025321","sierra eartman","same_team_name_variant",0.045055,TRUE,TRUE,TRUE,0.977,,,,,,,,,,,,
"r80930","2025-26","Wilkes","Addison Place","wbb-033227","addi place","transfer_name_variant",0.046154,TRUE,TRUE,TRUE,0.977,,,,,,,,,,,,
"r90570","2026-27","Millersville","Cassidy Moore","wbb-035685","cass moore","same_team_name_variant",0.046154,TRUE,TRUE,TRUE,0.977,,,,,,,,,,,,
"r55423","2024-25","Bridgeport","Kaleigh Valle","wbb-022308","kaleigh velle","same_team_name_variant",0.047436,TRUE,TRUE,TRUE,0.976,,,,,,,,,,,,
"r95757","2026-27","Colorado St.-Pueblo","Anila Owens","wbb-038643","anyla owens","same_team_name_variant",0.048485,TRUE,TRUE,TRUE,0.976,,,,,,,,,,,,
"r20616","2021-22","Shenandoah","Maddie Kimble","wbb-007240","madisen kimble","same_team_name_variant",0.051282,TRUE,TRUE,TRUE,0.974,,,,,,,,,,,,
"r58159","2024-25","Hollins","Kinzie Henninger","wbb-014199","mackinzie henninger","same_team_name_variant",0.052632,TRUE,TRUE,TRUE,0.974,,,,,,,,,,,,
"r95548","2026-27","Westminster (PA)","Avery Maier","wbb-038517","ave ry maier","same_team_name_variant",0.051263,TRUE,TRUE,TRUE,0.974,,,,,,,,,,,,
"r64248","2024-25","Wheaton (IL)","Grace Kizer","wbb-019779","gracie kizer","transfer_name_variant",0.05303,TRUE,TRUE,TRUE,0.973,,,,,,,,,,,,
"r40611","2023-24","Alabama","Del'Janae 'Burger' Williams","wbb-003474","del janae williams","transfer_name_variant",0.056,TRUE,TRUE,TRUE,0.972,,,,,,,,,,,,
"r64933","2024-25","Caldwell","Jah'Nel Lewis","wbb-025241","jahnel lewis","same_team_name_variant",0.056838,TRUE,TRUE,TRUE,0.972,,,,,,,,,,,,
"r88664","2026-27","FDU-Florham","Allie Costantino","wbb-034608","allie constantino","same_team_name_variant",0.055515,TRUE,TRUE,TRUE,0.972,,,,,,,,,,,,
"r94255","2026-27","Yale","Dora Kastl","wbb-037691","dorka kastl","same_team_name_variant",0.056212,TRUE,TRUE,TRUE,0.972,,,,,,,,,,,,
"r55076","2024-25","Charleston Southern","Laura Ortega","wbb-022206","laura ortega mora","same_team_name_variant",0.058824,TRUE,TRUE,TRUE,0.971,,,,,,,,,,,,
"r65603","2024-25","LaGrange","Kenzie England","wbb-025505","mackenzie england","same_team_name_variant",0.058824,TRUE,TRUE,TRUE,0.971,,,,,,,,,,,,
"r74854","2025-26","Ithaca","Kenzie Perluke","wbb-033104","mackenzie perluke","same_team_name_variant",0.058824,TRUE,TRUE,TRUE,0.971,,,,,,,,,,,,
"r22200","2021-22","Western New Eng.","Alexia Leon","wbb-008775","lexi leon","same_team_name_variant",0.060606,TRUE,TRUE,TRUE,0.97,,,,,,,,,,,,
"r49161","2023-24","Tufts","Sophia Davis","wbb-021665","sophie davis","same_team_name_variant",0.060606,TRUE,TRUE,TRUE,0.97,,,,,,,,,,,,
"r59477","2024-25","Mary Washington","Sophie Pavlech","wbb-014587","sophia pavlech","same_team_name_variant",0.059341,TRUE,TRUE,TRUE,0.97,,,,,,,,,,,,
"r89655","2026-27","Kent State","Da’Nia McClain","wbb-036531","dania mcclain","transfer_name_variant",0.060073,TRUE,TRUE,TRUE,0.97,,,,,,,,,,,,
"r95569","2026-27","Wilmington (DE)","Sophia Kelly","wbb-004627","sophie kelly","transfer_name_variant",0.060606,TRUE,TRUE,TRUE,0.97,,,,,,,,,,,,
"r33025","2022-23","JWU (Providence)","Danielle Oddo","wbb-007073","dani oddo","transfer_name_variant",0.061538,TRUE,TRUE,TRUE,0.969,,,,,,,,,,,,
"r51901","2023-24","Westminster (PA)","Kenzie Powell","wbb-016733","mackenzie powell","same_team_name_variant",0.0625,TRUE,TRUE,TRUE,0.969,,,,,,,,,,,,
"r15844","2021-22","Florida Tech","Makyla Daniels","wbb-002651","makayla daniels","same_team_name_variant",0.065556,TRUE,TRUE,TRUE,0.967,,,,,,,,,,,,
"r47360","2023-24","Radford","Ashlyn Traylor-Walker","wbb-018400","ashlyn traylor","same_team_name_variant",0.066667,TRUE,TRUE,TRUE,0.967,,,,,,,,,,,,
"r60236","2024-25","Mount St. Mary's","Rosa Revueltas Pareja","wbb-023793","rosa revueltas","same_team_name_variant",0.066667,TRUE,TRUE,TRUE,0.967,,,,,,,,,,,,
"r66032","2024-25","Saint Martin's","Mya Hatchett","wbb-019097","mya hatchett groce","same_team_name_variant",0.066667,TRUE,TRUE,TRUE,0.967,,,,,,,,,,,,
"r61465","2024-25","Plymouth St.","Alli Ingalls","wbb-016006","allison ingalls","transfer_name_variant",0.065,TRUE,TRUE,TRUE,0.967,,,,,,,,,,,,
"r64911","2024-25","Bluefield St.","Caiyiah Smith","wbb-024245","caiyah smith","transfer_name_variant",0.065385,TRUE,TRUE,TRUE,0.967,,,,,,,,,,,,
"r73838","2025-26","Florida","KN’isha Godfrey","wbb-015764","knisha godfrey","transfer_name_variant",0.065397,TRUE,TRUE,TRUE,0.967,,,,,,,,,,,,
"r15990","2021-22","Furman","Janay Outten","wbb-002786","jarya outten","same_team_name_variant",0.068687,TRUE,TRUE,TRUE,0.966,,,,,,,,,,,,
"r89752","2026-27","LaSalle","Jana Mbombo Njoya","wbb-035237","jana mbambo njoya","same_team_name_variant",0.067279,TRUE,TRUE,TRUE,0.966,,,,,,,,,,,,
"r92488","2026-27","St. Thomas (MN)","Addie Schliewe","wbb-036713","addison schliewe","same_team_name_variant",0.06717,TRUE,TRUE,TRUE,0.966,,,,,,,,,,,,
"r95531","2026-27","Westminster (MO)","Emelia Cella","wbb-038508","emilia cella","same_team_name_variant",0.068687,TRUE,TRUE,TRUE,0.966,,,,,,,,,,,,
"r23481","2021-22","Huntingdon","AB Davis","wbb-010023","a b davis","same_team_name_variant",0.070833,TRUE,TRUE,TRUE,0.965,,,,,,,,,,,,
"r16181","2021-22","Grambling","DeMya Young","wbb-000353","de mya young","transfer_name_variant",0.070707,TRUE,TRUE,TRUE,0.965,,,,,,,,,,,,
"r39309","2022-23","Minnesota","Mi'Cole Cayton","wbb-005276","micole cayton","transfer_name_variant",0.07033,TRUE,TRUE,TRUE,0.965,,,,,,,,,,,,
"r43707","2023-24","Grambling","DeMya Young","wbb-000353","de mya young","transfer_name_variant",0.070707,TRUE,TRUE,TRUE,0.965,,,,,,,,,,,,
"r67484","2024-25","Rosemont","TeKira Knox-Wagner","wbb-026168","tekira wager knox","same_team_name_variant",0.069935,TRUE,TRUE,TRUE,0.965,,,,,,,,,,,,
"r68582","2024-25","Sioux Falls","Dani Minsaas","wbb-026531","danielle misaas","same_team_name_variant",0.07,TRUE,TRUE,TRUE,0.965,,,,,,,,,,,,
"r84172","2025-26","Colorado Mesa","Olivia Reed Thyne","wbb-018892","olivia reed","same_team_name_variant",0.070588,TRUE,TRUE,TRUE,0.965,,,,,,,,,,,,
"r23380","2021-22","Guilford","J'la Hinson","wbb-009928","jla hinson","same_team_name_variant",0.072273,TRUE,TRUE,TRUE,0.964,,,,,,,,,,,,
"r48168","2023-24","Santa Clara","Danja Stafford Collins","wbb-007186","danja stafford","same_team_name_variant",0.072727,TRUE,TRUE,TRUE,0.964,,,,,,,,,,,,
"r14755","2021-22","Cincinnati","Ta'Ziah Jenks","wbb-008680","taziah jenks","transfer_name_variant",0.076068,TRUE,TRUE,TRUE,0.962,,,,,,,,,,,,
"r58538","2024-25","Jacksonville","Isamery Telleria","wbb-023237","isamery telleria agramonte","same_team_name_variant",0.076923,TRUE,TRUE,TRUE,0.962,,,,,,,,,,,,
"r74985","2025-26","Johnson C. Smith","LaNiya Simes","wbb-025060","la niya simes","transfer_name_variant",0.076068,TRUE,TRUE,TRUE,0.962,,,,,,,,,,,,
"r90084","2026-27","Maine","Emmie Streams-Stevens","wbb-023503","emmie streams","same_team_name_variant",0.07619,TRUE,TRUE,TRUE,0.962,,,,,,,,,,,,
"r45016","2023-24","Luther","Emilee Burcham","wbb-020288","emilee burcham scofield","same_team_name_variant",0.078261,TRUE,TRUE,TRUE,0.961,,,,,,,,,,,,
"r61025","2024-25","Oakland","Naveyah ""Naz"" Damon","wbb-024023","naveyah damon","same_team_name_variant",0.077828,TRUE,TRUE,TRUE,0.961,,,,,,,,,,,,
"r66534","2024-25","Colorado St.-Pueblo","Alisha Little","wbb-025842","alisha davis little","same_team_name_variant",0.078543,TRUE,TRUE,TRUE,0.961,,,,,,,,,,,,
"r57745","2024-25","Georgetown","Chetanna Nweke","wbb-006346","chet nweke","transfer_name_variant",0.077143,TRUE,TRUE,TRUE,0.961,,,,,,,,,,,,
"r57751","2024-25","Georgia Southern","Shanti Simmons","wbb-017830","jashanti simmons","transfer_name_variant",0.077381,TRUE,TRUE,TRUE,0.961,,,,,,,,,,,,
"r73809","2025-26","FIU","Claudia Marina","wbb-033089","claudia marina gonzalez","same_team_name_variant",0.078261,TRUE,TRUE,TRUE,0.961,,,,,,,,,,,,
"r87843","2026-27","Chicago","Christian Sanders","wbb-027527","chris sanders","same_team_name_variant",0.077828,TRUE,TRUE,TRUE,0.961,,,,,,,,,,,,
"r88408","2026-27","East Carolina","Sara-Lee Blair","wbb-034757","sara blair","transfer_name_variant",0.077143,TRUE,TRUE,TRUE,0.961,,,,,,,,,,,,
"r92452","2026-27","St. Olaf","Maren Miller","wbb-014514","megan miller","transfer_name_variant",0.077273,TRUE,TRUE,TRUE,0.961,,,,,,,,,,,,
"r14329","2021-22","Sacramento State","Jazzy Carrasco","wbb-001191","jazmin carrasco","same_team_name_variant",0.08,TRUE,TRUE,TRUE,0.96,,,,,,,,,,,,
"r35801","2022-23","Aurora","Kylie Fischbach","wbb-000474","karli fischbach","same_team_name_variant",0.08,TRUE,TRUE,TRUE,0.96,,,,,,,,,,,,
"r35814","2022-23","Aurora","Karli Fischbach","wbb-000457","kylie fischbach","same_team_name_variant",0.08,TRUE,TRUE,TRUE,0.96,,,,,,,,,,,,
"r41012","2023-24","Aurora","Kylie Fischbach","wbb-000474","karli fischbach","same_team_name_variant",0.08,TRUE,TRUE,TRUE,0.96,,,,,,,,,,,,
"r41012","2023-24","Aurora","Kylie Fischbach","wbb-020407","karli fischbach","same_team_name_variant",0.08,TRUE,TRUE,TRUE,0.96,,,,,,,,,,,,
"r54964","2024-25","Aurora","Kylie Fischbach","wbb-000474","karli fischbach","same_team_name_variant",0.08,TRUE,TRUE,TRUE,0.96,,,,,,,,,,,,
"r54964","2024-25","Aurora","Kylie Fischbach","wbb-020407","karli fischbach","same_team_name_variant",0.08,TRUE,TRUE,TRUE,0.96,,,,,,,,,,,,
"r67056","2024-25","Fort Hays St.","Katie Wagner DeGarmo","wbb-011272","katie wagner","same_team_name_variant",0.08,TRUE,TRUE,TRUE,0.96,,,,,,,,,,,,
"r71160","2025-26","Aurora","Kylie Fischbach","wbb-000474","karli fischbach","same_team_name_variant",0.08,TRUE,TRUE,TRUE,0.96,,,,,,,,,,,,
"r71160","2025-26","Aurora","Kylie Fischbach","wbb-020407","karli fischbach","same_team_name_variant",0.08,TRUE,TRUE,TRUE,0.96,,,,,,,,,,,,
"r78237","2025-26","Regis (CO)","Caitie Turnbow","wbb-031704","caitlin turnbow","transfer_name_variant",0.079414,TRUE,TRUE,TRUE,0.96,,,,,,,,,,,,
"r42895","2023-24","Duquesne","Nae Bernard","wbb-017697","naelle bernard","same_team_name_variant",0.081818,TRUE,TRUE,TRUE,0.959,,,,,,,,,,,,
"r42280","2023-24","Clark Atlanta","DeAsia Reid","wbb-000180","de asia reid","transfer_name_variant",0.082828,TRUE,TRUE,TRUE,0.959,,,,,,,,,,,,
"r46264","2023-24","New Haven","Makaela Johnson","wbb-000130","maky johnson","transfer_name_variant",0.081667,TRUE,TRUE,TRUE,0.959,,,,,,,,,,,,
"r88331","2026-27","Dist. Columbia","Le'Asia Todd","wbb-034421","leasia todd","same_team_name_variant",0.082828,TRUE,TRUE,TRUE,0.959,,,,,,,,,,,,
"r19796","2021-22","Randolph-Macon","Becca Anthony","wbb-006465","becca arrington","same_team_name_variant",0.084103,TRUE,TRUE,TRUE,0.958,,,,,,,,,,,,
"r26592","2021-22","Cal St. San Marcos","Deannah Buckner","wbb-012941","dynnah buckner","same_team_name_variant",0.084505,TRUE,TRUE,TRUE,0.958,,,,,,,,,,,,
"r43413","2023-24","Florida State","Brianna Turnage","wbb-021542","brianna snoop turnage","same_team_name_variant",0.08381,TRUE,TRUE,TRUE,0.958,,,,,,,,,,,,
"r57217","2024-25","Elizabethtown","Jess King","wbb-002431","jessica king","same_team_name_variant",0.083333,TRUE,TRUE,TRUE,0.958,,,,,,,,,,,,
"r59241","2024-25","Loyola-Chicago","Thoranna Kika Hodge-Carr","wbb-003532","thoranna hodge carr","same_team_name_variant",0.083772,TRUE,TRUE,TRUE,0.958,,,,,,,,,,,,
"r77763","2025-26","Otterbein","5 Anna Waskiewicz","wbb-024105","anna waskiewicz","same_team_name_variant",0.08366,TRUE,TRUE,TRUE,0.958,,,,,,,,,,,,
"r75545","2025-26","Loras","Erica Danner","wbb-019256","erin danner","transfer_name_variant",0.083434,TRUE,TRUE,TRUE,0.958,,,,,,,,,,,,
"r94167","2026-27","Wooster","Sav Weiss","wbb-037661","savannah weiss","same_team_name_variant",0.083333,TRUE,TRUE,TRUE,0.958,,,,,,,,,,,,
"r95174","2026-27","Northwest Nazarene","Rylie Edlefsen Kessinger","wbb-031233","rylie edlefsen","same_team_name_variant",0.083333,TRUE,TRUE,TRUE,0.958,,,,,,,,,,,,
"r18349","2021-22","Mount St. Mary's","Maddie McCrea","wbb-005043","madelyn mccrea","transfer_name_variant",0.085897,TRUE,TRUE,TRUE,0.957,,,,,,,,,,,,
"r47085","2023-24","Penn State","Tay Valladay","wbb-004430","taylor valladay","transfer_name_variant",0.085556,TRUE,TRUE,TRUE,0.957,,,,,,,,,,,,
"r58667","2024-25","Kalamazoo","Taylor Dinda","wbb-023279","taylor dinda albright","same_team_name_variant",0.085714,TRUE,TRUE,TRUE,0.957,,,,,,,,,,,,
"r59857","2024-25","Michigan","Yulia Grabovskaia","wbb-023657","iullia grabovskaia","transfer_name_variant",0.087895,TRUE,TRUE,TRUE,0.956,,,,,,,,,,,,
"r60653","2024-25","Nichols","Aydan Gulliver","wbb-022803","aydan mae gulliver","transfer_name_variant",0.087302,TRUE,TRUE,TRUE,0.956,,,,,,,,,,,,
"r78438","2025-26","Rockford","Te Simpson","wbb-016355","te yalla simpson","transfer_name_variant",0.0875,TRUE,TRUE,TRUE,0.956,,,,,,,,,,,,
"r37679","2022-23","Suffolk","Madi Mahoney","wbb-005343","madison mahoney","transfer_name_variant",0.09,TRUE,TRUE,TRUE,0.955,,,,,,,,,,,,
"r47207","2023-24","Portland State","Paige Winter","wbb-018390","paige winter blanchard","same_team_name_variant",0.090909,TRUE,TRUE,TRUE,0.955,,,,,,,,,,,,
"r67490","2024-25","Rosemont","Da'naijah Wise","wbb-011626","danaijah wise","same_team_name_variant",0.090842,TRUE,TRUE,TRUE,0.955,,,,,,,,,,,,
"r62261","2024-25","Saint Mary's (MN)","Breacia Carter","wbb-023673","bre carter","transfer_name_variant",0.09,TRUE,TRUE,TRUE,0.955,,,,,,,,,,,,
"r62822","2024-25","Southeastern Louisiana","Mackenzie Lewis-Thomas","wbb-024579","mackenzie thomas","same_team_name_variant",0.092045,TRUE,TRUE,TRUE,0.954,,,,,,,,,,,,
"r69867","2024-25","Oakland","Naveyah","wbb-024023","naveyah damon","same_team_name_variant",0.092308,TRUE,TRUE,TRUE,0.954,,,,,,,,,,,,
"r75943","2025-26","Maryville (MO)","Yazmeen Whitsitt","wbb-033129","yazzy whitsitt","same_team_name_variant",0.091667,TRUE,TRUE,TRUE,0.954,,,,,,,,,,,,
"r60119","2024-25","Montana State","Katelynn Martin","wbb-005003","katelynn limardo","same_team_name_variant",0.094936,TRUE,TRUE,TRUE,0.953,,,,,,,,,,,,
"r72549","2025-26","Claremont-M-S","Haylie Wang","wbb-027540","kylie wang","same_team_name_variant",0.093939,TRUE,TRUE,TRUE,0.953,,,,,,,,,,,,
"r51243","2023-24","Lakeland","Brooklyn Wayer","wbb-018926","brooke wayer","same_team_name_variant",0.095887,TRUE,TRUE,TRUE,0.952,,,,,,,,,,,,
"r77753","2025-26","Otterbein","2 Abby Rawlings","wbb-024101","abby rawlings","same_team_name_variant",0.095726,TRUE,TRUE,TRUE,0.952,,,,,,,,,,,,
"r60490","2024-25","Southern N.H.","Stephanie Davis","wbb-003243","steph davis","transfer_name_variant",0.098788,TRUE,TRUE,TRUE,0.951,,,,,,,,,,,,
"r23939","2021-22","St. Edward's","Bella Muscoreil","wbb-012374","anabella muscoreil","transfer_name_variant",0.1,TRUE,TRUE,TRUE,0.95,,,,,,,,,,,,
"r30514","2022-23","Central Wash.","Valerie Huerta","wbb-016281","valerie","same_team_name_variant",0.1,TRUE,TRUE,TRUE,0.95,,,,,,,,,,,,
"r61920","2024-25","Roger Williams","Meg Qualey","wbb-024303","meghan qualey","same_team_name_variant",0.100513,TRUE,TRUE,TRUE,0.95,,,,,,,,,,,,
"r94805","2026-27","Grand Canyon","Jana ""Tika"" Sallman","wbb-023590","jana sallman","transfer_name_variant",0.10049,TRUE,TRUE,TRUE,0.95,,,,,,,,,,,,
"r78408","2025-26","RIT","Maddy Ramsgard","wbb-024366","madeline ramsgard","transfer_name_variant",0.101961,TRUE,TRUE,TRUE,0.949,,,,,,,,,,,,
"r97292","2026-27","Sioux Falls","Madalyn Dolliver","wbb-039793","maya dolliver","same_team_name_variant",0.101282,TRUE,TRUE,TRUE,0.949,,,,,,,,,,,,
"r46892","2023-24","Old Dominion","Ivi Nikolova","wbb-001024","ivana nikolova","transfer_name_variant",0.103608,TRUE,TRUE,TRUE,0.948,,,,,,,,,,,,
"r88229","2026-27","Delaware State","Anise Geiger - View Profile","wbb-034380","anise geiger","same_team_name_variant",0.104,TRUE,TRUE,TRUE,0.948,,,,,,,,,,,,
"r75211","2025-26","Kutztown","Madison Siggins","wbb-033070","madi siggins","transfer_name_variant",0.106667,TRUE,TRUE,TRUE,0.947,,,,,,,,,,,,
"r47912","2023-24","St. Mary's (MD)","Sam Blaylock","wbb-020860","samantha blaylock","same_team_name_variant",0.107516,TRUE,TRUE,TRUE,0.946,,,,,,,,,,,,
"r54958","2024-25","Aurora","Dani Antoine","wbb-000453","danielle antione","same_team_name_variant",0.108333,TRUE,TRUE,TRUE,0.946,,,,,,,,,,,,
"r54958","2024-25","Aurora","Dani Antoine","wbb-020396","danielle antione","same_team_name_variant",0.108333,TRUE,TRUE,TRUE,0.946,,,,,,,,,,,,
"r54958","2024-25","Aurora","Dani Antoine","wbb-022153","danielle antione","same_team_name_variant",0.108333,TRUE,TRUE,TRUE,0.946,,,,,,,,,,,,
"r59210","2024-25","Loyola-Maryland","Aminata Hernandez","wbb-023448","ami hernandez","same_team_name_variant",0.108748,TRUE,TRUE,TRUE,0.946,,,,,,,,,,,,
"r66540","2024-25","Colorado St.-Pueblo","Jolene Ramiro","wbb-025846","anjolene ramiro","same_team_name_variant",0.108547,TRUE,TRUE,TRUE,0.946,,,,,,,,,,,,
"r81749","2025-26","College of Charleston","Danielle McTeer","wbb-016039","dani mcteer","transfer_name_variant",0.107879,TRUE,TRUE,TRUE,0.946,,,,,,,,,,,,
"r94174","2026-27","WPI","Fem Jansen","wbb-025162","femke jansen","same_team_name_variant",0.108889,TRUE,TRUE,TRUE,0.946,,,,,,,,,,,,
"r97023","2026-27","Franciscan","Abbi Jannuzi","wbb-032404","abbigail jannuzi","same_team_name_variant",0.108333,TRUE,TRUE,TRUE,0.946,,,,,,,,,,,,
"r46520","2023-24","North Dakota","Kiyah Hurst","wbb-020613","nakiyah hurst","same_team_name_variant",0.111888,TRUE,TRUE,TRUE,0.944,,,,,,,,,,,,
"r75795","2025-26","Mansfield","Amiyah Nguyen","wbb-033126","miya nguyen","same_team_name_variant",0.111888,TRUE,TRUE,TRUE,0.944,,,,,,,,,,,,
"r88902","2026-27","Furman","Tyriana ""Ty"" Berry","wbb-034737","tyriana","same_team_name_variant",0.1125,TRUE,TRUE,TRUE,0.944,,,,,,,,,,,,
"r22609","2021-22","Wooster","Carter Pepa","wbb-009164","caroline pepa","same_team_name_variant",0.114219,TRUE,TRUE,TRUE,0.943,,,,,,,,,,,,
"r81136","2025-26","Wis.-Oshkosh","Addie Hefel","wbb-029036","addison hefel","transfer_name_variant",0.114336,TRUE,TRUE,TRUE,0.943,,,,,,,,,,,,
"r87240","2026-27","Brigham Young","Kambree Taylor","wbb-027160","kambree barber","same_team_name_variant",0.114286,TRUE,TRUE,TRUE,0.943,,,,,,,,,,,,
"r88226","2026-27","Delaware State","Amya Scott - View Profile","wbb-034374","amya scott","same_team_name_variant",0.113043,TRUE,TRUE,TRUE,0.943,,,,,,,,,,,,
"r56197","2024-25","Central Michigan","Jess Lawson","wbb-026356","jessenia lawson","transfer_name_variant",0.11697,TRUE,TRUE,TRUE,0.942,,,,,,,,,,,,
"r77760","2025-26","Otterbein","3 JuJu Grubich","wbb-020674","juju grubich","same_team_name_variant",0.117063,TRUE,TRUE,TRUE,0.941,,,,,,,,,,,,
"r51419","2023-24","Neumann","Terea Tourk","wbb-010297","terea hunt","same_team_name_variant",0.119545,TRUE,TRUE,TRUE,0.94,,,,,,,,,,,,
"r73190","2025-26","Drake","Mylea Monahan","wbb-013862","miah monahan","transfer_name_variant",0.119231,TRUE,TRUE,TRUE,0.94,,,,,,,,,,,,
"r76111","2025-26","Mercy","Allie Regan","wbb-025008","katie regan","transfer_name_variant",0.121212,TRUE,TRUE,TRUE,0.939,,,,,,,,,,,,
"r61501","2024-25","Portland State","Cici Ellington","wbb-004191","ciera ellington","transfer_name_variant",0.124762,TRUE,TRUE,TRUE,0.938,,,,,,,,,,,,
"r80674","2025-26","West Chester","Macie McCracken","wbb-008827","mackenzie mccracken","transfer_name_variant",0.126901,TRUE,TRUE,TRUE,0.937,,,,,,,,,,,,
"r89291","2026-27","Illinois Col.","Madison Nettles","wbb-017427","morgan nettles","transfer_name_variant",0.127857,TRUE,TRUE,TRUE,0.936,,,,,,,,,,,,
"r35958","2022-23","Missouri-St. Louis","Shae Dillavou","wbb-008510","brea dillavou","transfer_name_variant",0.132867,TRUE,TRUE,TRUE,0.934,,,,,,,,,,,,
"r46727","2023-24","Northwood","Lexie Bowers","wbb-014256","kenzie bowers","transfer_name_variant",0.132479,TRUE,TRUE,TRUE,0.934,,,,,,,,,,,,
"r84903","2025-26","Purchase","Kelly Schmidt","wbb-032873","riley schmidt","transfer_name_variant",0.132867,TRUE,TRUE,TRUE,0.934,,,,,,,,,,,,
"r69409","2024-25","Bryant","Brielle Williams","wbb-014898","breezie williams","transfer_name_variant",0.133333,TRUE,TRUE,TRUE,0.933,,,,,,,,,,,,
"r73091","2025-26","Delaware","Lay Fantroy","wbb-024042","laylay fantroy","transfer_name_variant",0.134848,TRUE,TRUE,TRUE,0.933,,,,,,,,,,,,
"r80829","2025-26","Westfield St.","Sophia Rockwood","wbb-004309","olivia rockwood","transfer_name_variant",0.133333,TRUE,TRUE,TRUE,0.933,,,,,,,,,,,,
"r85075","2025-26","Palm Beach Atl.","Maddie Wallhoff","wbb-015652","emma wallhoff","transfer_name_variant",0.133974,TRUE,TRUE,TRUE,0.933,,,,,,,,,,,,
"r85357","2025-26","SUNY Cobleskill","Sydney Delisle","wbb-028227","syd delisle","transfer_name_variant",0.134848,TRUE,TRUE,TRUE,0.933,,,,,,,,,,,,
"r88749","2026-27","Florida Tech","Despy Baltzi","wbb-033995","despoina baltzi","transfer_name_variant",0.133636,TRUE,TRUE,TRUE,0.933,,,,,,,,,,,,
"r23286","2021-22","Gardner-Webb","L’Mia Littlejohn","wbb-008704","mia littlejohn","transfer_name_variant",0.136905,TRUE,TRUE,TRUE,0.932,,,,,,,,,,,,
"r66502","2024-25","North Florida","Jazmine Spencer","wbb-023232","jaz spencer","transfer_name_variant",0.136465,TRUE,TRUE,TRUE,0.932,,,,,,,,,,,,
"r89535","2026-27","Jacksonville St.","Camden Ward","wbb-037090","cam ward","transfer_name_variant",0.136553,TRUE,TRUE,TRUE,0.932,,,,,,,,,,,,
"r88746","2026-27","Florida Tech","Zeynep Oturakci","wbb-023987","ceren oturakci","transfer_name_variant",0.142063,TRUE,TRUE,TRUE,0.929,,,,,,,,,,,,
"r31539","2022-23","Allegheny","Bella Wier","wbb-014032","isabella wier","transfer_name_variant",0.14359,TRUE,TRUE,TRUE,0.928,,,,,,,,,,,,
"r76213","2025-26","Miami Ohio","Emily VanTimmeren","wbb-000769","ally vantimmeren","transfer_name_variant",0.148109,TRUE,TRUE,TRUE,0.926,,,,,,,,,,,,
"r20057","2021-22","Rutgers","Osh Brown","wbb-000545","oshlynn brown","transfer_name_variant",0.149573,TRUE,TRUE,TRUE,0.925,,,,,,,,,,,,
"r80369","2025-26","Virginia Commonwealth","Ty Williams","wbb-015581","tyrielle williams","transfer_name_variant",0.154724,TRUE,TRUE,TRUE,0.923,,,,,,,,,,,,
"r62228","2024-25","Saint Mary's (CA)","Abigail Shoff","wbb-017937","abby shoff","transfer_name_variant",0.155897,TRUE,TRUE,TRUE,0.922,,,,,,,,,,,,
"r82069","2025-26","Ga. Southwestern","Nini Ovalles","wbb-028651","niera ovalles","transfer_name_variant",0.159316,TRUE,TRUE,TRUE,0.92,,,,,,,,,,,,
"r37323","2022-23","Scranton","Sam Rajza","wbb-014385","samantha rajza","transfer_name_variant",0.161111,TRUE,TRUE,TRUE,0.919,,,,,,,,,,,,
"r38945","2022-23","Alvernia","Nicole Etchison","wbb-011054","nikki etchison","transfer_name_variant",0.164618,TRUE,TRUE,TRUE,0.918,,,,,,,,,,,,
"r83571","2025-26","Goldey-Beacom","Rory Ciszkowski","wbb-010291","keeley ciszkowski","transfer_name_variant",0.164706,TRUE,TRUE,TRUE,0.918,,,,,,,,,,,,
"r95698","2026-27","IUPUI","Swynn Jackson","wbb-024865","saniya jackson","transfer_name_variant",0.164985,TRUE,TRUE,TRUE,0.918,,,,,,,,,,,,
"r68275","2024-25","Mary","Ryleigh Wacha","wbb-026513","ashley wacha","transfer_name_variant",0.165812,TRUE,TRUE,TRUE,0.917,,,,,,,,,,,,
"r74641","2025-26","Illinois Col.","Madi Nettles","wbb-017427","morgan nettles","transfer_name_variant",0.165714,TRUE,TRUE,TRUE,0.917,,,,,,,,,,,,
"r16230","2021-22","Grove City","Mara Polczynski","wbb-010705","magen polczynski","transfer_name_variant",0.167607,TRUE,TRUE,TRUE,0.916,,,,,,,,,,,,
"r47909","2023-24","St. Mary's (MD)","Tray Mobray","wbb-019435","tramarie mobray","transfer_name_variant",0.16899,TRUE,TRUE,TRUE,0.916,,,,,,,,,,,,
"r52004","2023-24","Franklin","Brileigh Cardwell","wbb-009349","brookelynn cardwell","transfer_name_variant",0.167468,TRUE,TRUE,TRUE,0.916,,,,,,,,,,,,
"r61370","2024-25","Penn State","Jill Jekot","wbb-014396","julie jekot","transfer_name_variant",0.167879,TRUE,TRUE,TRUE,0.916,,,,,,,,,,,,
"r92813","2026-27","South Florida","Serenity Hardy","wbb-015848","trinity hardy","transfer_name_variant",0.168165,TRUE,TRUE,TRUE,0.916,,,,,,,,,,,,
"r29886","2022-23","Stony Brook","Nyajuok Toang","wbb-006910","ny toang","transfer_name_variant",0.169231,TRUE,TRUE,TRUE,0.915,,,,,,,,,,,,
"r57148","2024-25","Eastern N.M.","Tatiana Platonova","wbb-016030","tanya platonova","transfer_name_variant",0.169599,TRUE,TRUE,TRUE,0.915,,,,,,,,,,,,
"r73216","2025-26","Drew","Molly Chapman","wbb-025668","bailey chapman","transfer_name_variant",0.172161,TRUE,TRUE,TRUE,0.914,,,,,,,,,,,,
"r84047","2025-26","UC-Colo. Springs","Brianne Mansanares","wbb-026085","brooke mansanares","transfer_name_variant",0.172985,TRUE,TRUE,TRUE,0.914,,,,,,,,,,,,
"r69817","2024-25","Charlotte","DeeDee Shephard","wbb-018508","demetria shephard","transfer_name_variant",0.176209,TRUE,TRUE,TRUE,0.912,,,,,,,,,,,,
"r87315","2026-27","Buffalo","Ella Wickstrom","wbb-027385","hannah wickstrom","transfer_name_variant",0.175595,TRUE,TRUE,TRUE,0.912,,,,,,,,,,,,
"r43037","2023-24","Eastern Michigan","Olivia Westphal","wbb-013828","liv westphal","transfer_name_variant",0.177778,TRUE,TRUE,TRUE,0.911,,,,,,,,,,,,
"r71811","2025-26","Buffalo","Liza Field","wbb-015694","elizabeth field","transfer_name_variant",0.177778,TRUE,TRUE,TRUE,0.911,,,,,,,,,,,,
"r74021","2025-26","George Mason","MJ Johnson","wbb-027004","maliyah mj johnson","transfer_name_variant",0.178333,TRUE,TRUE,TRUE,0.911,,,,,,,,,,,,
"r39224","2022-23","Kentucky","Kennedy Cambridge","wbb-008364","jordyn cambridge","transfer_name_variant",0.179393,TRUE,TRUE,TRUE,0.91,,,,,,,,,,,,
"r66320","2024-25","Westminster (PA)","Angelina Brush","wbb-017295","maria brush","transfer_name_variant",0.179654,TRUE,TRUE,TRUE,0.91,,,,,,,,,,,,
"r83861","2025-26","Eastern","Kayla Worsley-Wooten","wbb-005039","mahogany worsley wooten","transfer_name_variant",0.179871,TRUE,TRUE,TRUE,0.91,,,,,,,,,,,,
"r91274","2026-27","North Central (IL)","Mosey Drevline","wbb-013771","mary kate drevline","transfer_name_variant",0.180357,TRUE,TRUE,TRUE,0.91,,,,,,,,,,,,
"r18618","2021-22","New Hampshire","Kenzie Matulonis","wbb-007770","kaleigh matulonis","transfer_name_variant",0.184531,TRUE,TRUE,TRUE,0.908,,,,,,,,,,,,
"r75930","2025-26","Marymount (VA)","Aaliyah Thrash","wbb-029651","amaya thrash","transfer_name_variant",0.18474,TRUE,TRUE,TRUE,0.908,,,,,,,,,,,,
"r55510","2024-25","Bryant","Olivia Fernandez","wbb-019246","tori fernandez","transfer_name_variant",0.186508,TRUE,TRUE,TRUE,0.907,,,,,,,,,,,,
"r30149","2022-23","UMBC","Grace Ceseretti","wbb-001438","bella ceseretti","transfer_name_variant",0.188889,TRUE,TRUE,TRUE,0.906,,,,,,,,,,,,
"r54249","2023-24","Penn College","Emily Woolson","wbb-020493","katie woolson","transfer_name_variant",0.187179,TRUE,TRUE,TRUE,0.906,,,,,,,,,,,,
"r92812","2026-27","South Florida","Gabby Kennerly","wbb-023792","gabrielle kennerly","transfer_name_variant",0.188889,TRUE,TRUE,TRUE,0.906,,,,,,,,,,,,
"r80918","2025-26","Widener","Meredith Dufner","wbb-014524","meghan dufner","transfer_name_variant",0.190427,TRUE,TRUE,TRUE,0.905,,,,,,,,,,,,
"r75108","2025-26","Kent State","Anna Campanelli","wbb-028602","sammi campanelli","transfer_name_variant",0.191667,TRUE,TRUE,TRUE,0.904,,,,,,,,,,,,
"r24736","2021-22","Wis. Lutheran","Olivia Mlada","wbb-003922","liv mlada","transfer_name_variant",0.194444,TRUE,TRUE,TRUE,0.903,,,,,,,,,,,,
"r33624","2022-23","Southwest Baptist","Victoria Hamilton","wbb-007518","tori hamilton","transfer_name_variant",0.193816,TRUE,TRUE,TRUE,0.903,,,,,,,,,,,,
"r75108","2025-26","Kent State","Anna Campanelli","wbb-023395","samantha campanelli","transfer_name_variant",0.193275,TRUE,TRUE,TRUE,0.903,,,,,,,,,,,,
"r32096","2022-23","Waynesburg","Emma Seto","wbb-008513","alie seto","transfer_name_variant",0.195767,TRUE,TRUE,TRUE,0.902,,,,,,,,,,,,
"r40255","2022-23","Western New Eng.","Erin Reen","wbb-000378","meghan reen","transfer_name_variant",0.195286,TRUE,TRUE,TRUE,0.902,,,,,,,,,,,,
"r15660","2021-22","Emmanuel (MA)","Amari Faust","wbb-002485","amari faust","same_team_name_variant",0,TRUE,TRUE,FALSE,0.9,,,,,,,,,,,,
"r16116","2021-22","Georgia","Chloe Chapman","wbb-002903","chloe chapman","same_team_name_variant",0,TRUE,TRUE,FALSE,0.9,,,,,,,,,,,,
"r16118","2021-22","Georgia","Jenna Staiti","wbb-002906","jenna staiti","same_team_name_variant",0,TRUE,TRUE,FALSE,0.9,,,,,,,,,,,,
"r16122","2021-22","Georgia","Malury Bates","wbb-002910","malury bates","same_team_name_variant",0,TRUE,TRUE,FALSE,0.9,,,,,,,,,,,,
"r16126","2021-22","Georgia","Javyn Nicholson","wbb-002913","javyn nicholson","same_team_name_variant",0,TRUE,TRUE,FALSE,0.9,,,,,,,,,,,,
"r16127","2021-22","Georgia","Mikayla Coombs","wbb-002914","mikayla coombs","same_team_name_variant",0,TRUE,TRUE,FALSE,0.9,,,,,,,,,,,,
"r16794","2021-22","Jackson St.","Ti'lan Boler","wbb-003599","ti lan boler","same_team_name_variant",0,TRUE,TRUE,FALSE,0.9,,,,,,,,,,,,
"r16802","2021-22","Jackson St.","Dayzsha Rogan","wbb-003600","dayzsha rogan","same_team_name_variant",0,TRUE,TRUE,FALSE,0.9,,,,,,,,,,,,
"r17001","2021-22","Kentucky St.","Nina Blade","wbb-003783","nina blade","same_team_name_variant",0,TRUE,TRUE,FALSE,0.9,,,,,,,,,,,,
"r18117","2021-22","Minn. Duluth","Maesyn Thiesen","wbb-004867","maesyn thiesen","same_team_name_variant",0,TRUE,TRUE,FALSE,0.9,,,,,,,,,,,,
"r19271","2021-22","Oklahoma","Taylor Robertson","wbb-005967","taylor robertson","same_team_name_variant",0,TRUE,TRUE,FALSE,0.9,,,,,,,,,,,,
"r20757","2021-22","South Carolina St.","Nicole Gwynn","wbb-007354","nicole gwynn","same_team_name_variant",0,TRUE,TRUE,FALSE,0.9,,,,,,,,,,,,
"r22826","2021-22","Bard","Thalia Grandinetti","wbb-009403","thalia grandinetti","same_team_name_variant",0,TRUE,TRUE,FALSE,0.9,,,,,,,,,,,,
"r23138","2021-22","East Tex. Baptist","Erin Berry","wbb-009694","erin berry","same_team_name_variant",0,TRUE,TRUE,FALSE,0.9,,,,,,,,,,,,
"r23138","2021-22","East Tex. Baptist","Erin Berry","wbb-009695","erin berry","same_team_name_variant",0,TRUE,TRUE,FALSE,0.9,,,,,,,,,,,,
"r26434","2021-22","Berea","Destiny Combs","wbb-012793","destiny combs","same_team_name_variant",0,TRUE,TRUE,FALSE,0.9,,,,,,,,,,,,
"r21191","2021-22","Susquehanna","Kenzie Selvaggi","wbb-002591","madeline selvaggi","transfer_name_variant",0.199799,TRUE,TRUE,TRUE,0.9,,,,,,,,,,,,
"r29002","2022-23","Long Island","Zoée Hache","wbb-004086","zoee hache","same_team_name_variant",0,TRUE,TRUE,FALSE,0.9,,,,,,,,,,,,
"r30723","2022-23","East Tex. Baptist","Erin Berry","wbb-009694","erin berry","same_team_name_variant",0,TRUE,TRUE,FALSE,0.9,,,,,,,,,,,,
"r30723","2022-23","East Tex. Baptist","Erin Berry","wbb-009695","erin berry","same_team_name_variant",0,TRUE,TRUE,FALSE,0.9,,,,,,,,,,,,
"r30765","2022-23","Elon","Kamryn Doty","wbb-016367","kamryn doty","same_team_name_variant",0,TRUE,TRUE,FALSE,0.9,,,,,,,,,,,,
"r31196","2022-23","Queens (NC)","Kennedy Fuller","wbb-011469","kennedy fuller","same_team_name_variant",0,TRUE,TRUE,FALSE,0.9,,,,,,,,,,,,
"r34749","2022-23","Berea","Destiny Combs","wbb-017489","destiny combs","same_team_name_variant",0,TRUE,TRUE,FALSE,0.9,,,,,,,,,,,,
"r35909","2022-23","Minn. Duluth","Maesyn Thiesen","wbb-014723","maesyn thiesen","same_team_name_variant",0,TRUE,TRUE,FALSE,0.9,,,,,,,,,,,,
"r37493","2022-23","South Carolina St.","Nicole Gwynn","wbb-007354","nicole gwynn","same_team_name_variant",0,TRUE,TRUE,FALSE,0.9,,,,,,,,,,,,
"r38652","2022-23","McMurry","Kristin Salas","wbb-011091","kristin salas","same_team_name_variant",0,TRUE,TRUE,FALSE,0.9,,,,,,,,,,,,
"r38657","2022-23","McMurry","Mariah Rodriguez","wbb-011092","mariah rodriguez","same_team_name_variant",0,TRUE,TRUE,FALSE,0.9,,,,,,,,,,,,
"r38660","2022-23","McMurry","Kaitlyn Randall","wbb-011100","kaitlyn randall","same_team_name_variant",0,TRUE,TRUE,FALSE,0.9,,,,,,,,,,,,
"r38663","2022-23","McMurry","Kyra Meredith","wbb-016879","kyra meredith","same_team_name_variant",0,TRUE,TRUE,FALSE,0.9,,,,,,,,,,,,
"r39027","2022-23","Bard","Thalia Grandinetti","wbb-009403","thalia grandinetti","same_team_name_variant",0,TRUE,TRUE,FALSE,0.9,,,,,,,,,,,,
"r39415","2022-23","Oklahoma","Taylor Robertson","wbb-005967","taylor robertson","same_team_name_variant",0,TRUE,TRUE,FALSE,0.9,,,,,,,,,,,,
"r39459","2022-23","Georgia","Chloe Chapman","wbb-014074","chloe chapman","same_team_name_variant",0,TRUE,TRUE,FALSE,0.9,,,,,,,,,,,,
"r39466","2022-23","Georgia","Malury Bates","wbb-014079","malury bates","same_team_name_variant",0,TRUE,TRUE,FALSE,0.9,,,,,,,,,,,,
"r39472","2022-23","Georgia","Javyn Nicholson","wbb-014082","javyn nicholson","same_team_name_variant",0,TRUE,TRUE,FALSE,0.9,,,,,,,,,,,,
"r27049","2022-23","Duke","Reigan Richardson","wbb-014078","reigan richardson","transfer_name_variant",0,TRUE,TRUE,FALSE,0.9,,,,,,,,,,,,
"r29935","2022-23","Towson","Alina Sendar","wbb-014081","alina sendar","transfer_name_variant",0,TRUE,TRUE,FALSE,0.9,,,,,,,,,,,,
"r38652","2022-23","McMurry","Kristin Salas","wbb-004274","kristin salas","transfer_name_variant",0,TRUE,TRUE,FALSE,0.9,,,,,,,,,,,,
"r38657","2022-23","McMurry","Mariah Rodriguez","wbb-004275","mariah rodriguez","transfer_name_variant",0,TRUE,TRUE,FALSE,0.9,,,,,,,,,,,,
"r38660","2022-23","McMurry","Kaitlyn Randall","wbb-004283","kaitlyn randall","transfer_name_variant",0,TRUE,TRUE,FALSE,0.9,,,,,,,,,,,,
"r38663","2022-23","McMurry","Kyra Meredith","wbb-014542","kyra meredith","transfer_name_variant",0,TRUE,TRUE,FALSE,0.9,,,,,,,,,,,,
"r41499","2023-24","Brigham Young","Arielle Mackey-Williams","wbb-013385","arielle mackey williams","same_team_name_variant",0,TRUE,TRUE,FALSE,0.9,,,,,,,,,,,,
"r41499","2023-24","Brigham Young","Arielle Mackey-Williams","wbb-017988","arielle mackey williams","same_team_name_variant",0,TRUE,TRUE,FALSE,0.9,,,,,,,,,,,,
"r43248","2023-24","Eureka","Hannah Burkiett","wbb-013937","hannah burkiett","same_team_name_variant",0,TRUE,TRUE,FALSE,0.9,,,,,,,,,,,,
"r43642","2023-24","Georgia","Chloe Chapman","wbb-014074","chloe chapman","same_team_name_variant",0,TRUE,TRUE,FALSE,0.9,,,,,,,,,,,,
"r43652","2023-24","Georgia","Javyn Nicholson","wbb-014082","javyn nicholson","same_team_name_variant",0,TRUE,TRUE,FALSE,0.9,,,,,,,,,,,,
"r50743","2023-24","Defiance","Zadria King","wbb-018712","zadria king","same_team_name_variant",0,TRUE,TRUE,FALSE,0.9,,,,,,,,,,,,
"r50790","2023-24","East Tex. Baptist","Erin Berry","wbb-009694","erin berry","same_team_name_variant",0,TRUE,TRUE,FALSE,0.9,,,,,,,,,,,,
"r50790","2023-24","East Tex. Baptist","Erin Berry","wbb-009695","erin berry","same_team_name_variant",0,TRUE,TRUE,FALSE,0.9,,,,,,,,,,,,
"r50832","2023-24","Elon","Kamryn Doty","wbb-016367","kamryn doty","same_team_name_variant",0,TRUE,TRUE,FALSE,0.9,,,,,,,,,,,,
"r52735","2023-24","Queens (NC)","Kennedy Fuller","wbb-018895","kennedy fuller","same_team_name_variant",0,TRUE,TRUE,FALSE,0.9,,,,,,,,,,,,
"r54417","2023-24","Edward Waters","Kristian Jewsome","wbb-017585","kristian jewsome","same_team_name_variant",0,TRUE,TRUE,FALSE,0.9,,,,,,,,,,,,
"r55472","2024-25","Brigham Young","Arielle Mackey-Williams","wbb-022328","arielle mackey williams","same_team_name_variant",0,TRUE,TRUE,FALSE,0.9,,,,,,,,,,,,
"r55518","2024-25","Bryant","Martina Boba","wbb-022338","martina boba","same_team_name_variant",0,TRUE,TRUE,FALSE,0.9,,,,,,,,,,,,
"r56015","2024-25","Capital","Kendall Spreen","wbb-022474","kendall spreen","same_team_name_variant",0,TRUE,TRUE,FALSE,0.9,,,,,,,,,,,,
"r56339","2024-25","Clark (MA)","Simone Fiore","wbb-022582","simone fiore","same_team_name_variant",0,TRUE,TRUE,FALSE,0.9,,,,,,,,,,,,
"r65223","2024-25","Elon","Kamryn Doty","wbb-016367","kamryn doty","same_team_name_variant",0,TRUE,TRUE,FALSE,0.9,,,,,,,,,,,,
"r67705","2024-25","Felician","Adriana Perez","wbb-026231","adriana perez","same_team_name_variant",0,TRUE,TRUE,FALSE,0.9,,,,,,,,,,,,
"r69458","2024-25","Centenary (LA)","Madison Davis","wbb-021978","madison davis","same_team_name_variant",0,TRUE,TRUE,FALSE,0.9,,,,,,,,,,,,
"r69678","2024-25","La Verne","Kristal Sullivan","wbb-014412","kristal sullivan","same_team_name_variant",0,TRUE,TRUE,FALSE,0.9,,,,,,,,,,,,
"r62466","2024-25","San Fran. St.","Seilala Lautaimi","wbb-022421","seilala lautaimi","transfer_name_variant",0,TRUE,TRUE,FALSE,0.9,,,,,,,,,,,,
"r71676","2025-26","Brigham Young","Arielle Mackey-Williams","wbb-022328","arielle mackey williams","same_team_name_variant",0,TRUE,TRUE,FALSE,0.9,,,,,,,,,,,,
"r71733","2025-26","Bryant","Martina Boba","wbb-022338","martina boba","same_team_name_variant",0,TRUE,TRUE,FALSE,0.9,,,,,,,,,,,,
"r71840","2025-26","Cal Poly","Nora Perez","wbb-033046","nora perez","same_team_name_variant",0,TRUE,TRUE,FALSE,0.9,,,,,,,,,,,,
"r72235","2025-26","Capital","Kendall Spreen","wbb-027417","kendall spreen","same_team_name_variant",0,TRUE,TRUE,FALSE,0.9,,,,,,,,,,,,
"r75455","2025-26","Lincoln (PA)","Hunter Conway","wbb-028636","hunter conway","same_team_name_variant",0,TRUE,TRUE,FALSE,0.9,,,,,,,,,,,,
"r80917","2025-26","Widener","Giada Palmieri","wbb-030607","giada palmieri","same_team_name_variant",0,TRUE,TRUE,FALSE,0.9,,,,,,,,,,,,
"r81916","2025-26","Elon","Kamryn Doty","wbb-016367","kamryn doty","same_team_name_variant",0,TRUE,TRUE,FALSE,0.9,,,,,,,,,,,,
"r83060","2025-26","West Virginia St.","Dream Muhammad","wbb-021033","dream muhammad","same_team_name_variant",0,TRUE,TRUE,FALSE,0.9,,,,,,,,,,,,
"r84299","2025-26","Wilson","Mackenzie Caldwell-Degnon","wbb-031985","mackenzie caldwell degnon","same_team_name_variant",0,TRUE,TRUE,FALSE,0.9,,,,,,,,,,,,
"r84661","2025-26","Felician","Adriana Perez","wbb-032144","adriana perez","same_team_name_variant",0,TRUE,TRUE,FALSE,0.9,,,,,,,,,,,,
"r85100","2025-26","Central St. (OH)","Samara Gibson","wbb-032341","samara gibson","same_team_name_variant",0,TRUE,TRUE,FALSE,0.9,,,,,,,,,,,,
"r86122","2025-26","Belhaven","Zoey Cade","wbb-032823","zoey cade","same_team_name_variant",0,TRUE,TRUE,FALSE,0.9,,,,,,,,,,,,
"r81796","2025-26","Concord","McKayah Stubbs","wbb-031024","mckayah stubbs","transfer_name_variant",0,TRUE,TRUE,FALSE,0.9,,,,,,,,,,,,
"r82010","2025-26","Francis Marion","Tyra Myers","wbb-006817","tyra myers","transfer_name_variant",0,TRUE,TRUE,FALSE,0.9,,,,,,,,,,,,
"r82010","2025-26","Francis Marion","Tyra Myers","wbb-024664","tyra myers","transfer_name_variant",0,TRUE,TRUE,FALSE,0.9,,,,,,,,,,,,
"r87269","2026-27","Bryant","Martina Boba","wbb-022338","martina boba","same_team_name_variant",0,TRUE,TRUE,FALSE,0.9,,,,,,,,,,,,
"r87349","2026-27","Cal Poly","Nora Perez","wbb-033046","nora perez","same_team_name_variant",0,TRUE,TRUE,FALSE,0.9,,,,,,,,,,,,
"r94629","2026-27","Elon","Kamryn Doty","wbb-016367","kamryn doty","same_team_name_variant",0,TRUE,TRUE,FALSE,0.9,,,,,,,,,,,,
"r96641","2026-27","Felician","Adriana Perez","wbb-032144","adriana perez","same_team_name_variant",0,TRUE,TRUE,FALSE,0.9,,,,,,,,,,,,
"r90059","2026-27","MacMurray","Gracie Hunter","wbb-038794","gracie hunter","transfer_name_variant",0,TRUE,TRUE,FALSE,0.9,,,,,,,,,,,,
"r92902","2026-27","SIUE","Alex Nicastro","wbb-018439","mia nicastro","transfer_name_variant",0.199145,TRUE,TRUE,TRUE,0.9,,,,,,,,,,,,
"r94607","2026-27","D'Youville","Antionique Auston","wbb-034026","antionique auston","transfer_name_variant",0,TRUE,TRUE,FALSE,0.9,,,,,,,,,,,,
"r95593","2026-27","Wingate","Senali Moss","wbb-034275","senali moss","transfer_name_variant",0,TRUE,TRUE,FALSE,0.9,,,,,,,,,,,,
"r48161","2023-24","Santa Clara","Maddie Naro","wbb-013319","mackenzie naro","transfer_name_variant",0.202982,TRUE,TRUE,TRUE,0.899,,,,,,,,,,,,
"r49123","2023-24","Trinity (CT)","Madi Forman","wbb-015855","jenna forman","transfer_name_variant",0.20202,TRUE,TRUE,TRUE,0.899,,,,,,,,,,,,
"r62163","2024-25","St. Joseph's (ME)","Grace Ramsdell","wbb-004306","halee ramsdell","transfer_name_variant",0.203463,TRUE,TRUE,TRUE,0.898,,,,,,,,,,,,
"r78874","2025-26","St. Thomas (MN)","Lydia Aalsma","wbb-018416","abbie aalsma","transfer_name_variant",0.203704,TRUE,TRUE,TRUE,0.898,,,,,,,,,,,,
"r72740","2025-26","Colo. Sch. of Mines","Liv Loveland","wbb-030130","olivia loveland","transfer_name_variant",0.205556,TRUE,TRUE,TRUE,0.897,,,,,,,,,,,,
"r19869","2021-22","Rhode Island","Dez Elmore","wbb-007229","desiree elmore","transfer_name_variant",0.210794,TRUE,TRUE,TRUE,0.895,,,,,,,,,,,,
"r30150","2022-23","UMBC","Scoop Smith","wbb-008060","shavonne smith","transfer_name_variant",0.21039,TRUE,TRUE,TRUE,0.895,,,,,,,,,,,,
"r22103","2021-22","West Virginia","Ari Gray","wbb-009252","a riana gray","transfer_name_variant",0.2125,TRUE,TRUE,TRUE,0.894,,,,,,,,,,,,
"r81216","2025-26","Wisconsin-Stevens Point","Egan Bierowski","wbb-024413","avery bierowski","transfer_name_variant",0.211508,TRUE,TRUE,TRUE,0.894,,,,,,,,,,,,
"r73082","2025-26","Delaware Valley","Julianna Harris","wbb-022058","juliana harris","transfer_name_variant",0.013333,TRUE,TRUE,FALSE,0.893,,,,,,,,,,,,
"r63092","2024-25","Stevens","Fiona O'Boyle","wbb-015828","caitlyn o boyle","transfer_name_variant",0.215929,TRUE,TRUE,TRUE,0.892,,,,,,,,,,,,
"r74021","2025-26","George Mason","MJ Johnson","wbb-007917","maliyah johnson","transfer_name_variant",0.216667,TRUE,TRUE,TRUE,0.892,,,,,,,,,,,,
"r77757","2025-26","Otterbein","23 Madilyn Stechschulte","wbb-029411","katelyn stechschulte","transfer_name_variant",0.215388,TRUE,TRUE,TRUE,0.892,,,,,,,,,,,,
"r97378","2026-27","South Dakota Mines","Ava Koch","wbb-029870","julia koch","transfer_name_variant",0.216667,TRUE,TRUE,TRUE,0.892,,,,,,,,,,,,
"r13861","2021-22","Boise State","Averi Adams","wbb-004189","aspyn adams","transfer_name_variant",0.218182,TRUE,TRUE,TRUE,0.891,,,,,,,,,,,,
"r18352","2021-22","Mount St. Mary's","Abby Bailey","wbb-000806","abigail bailey","transfer_name_variant",0.217797,TRUE,TRUE,TRUE,0.891,,,,,,,,,,,,
"r26346","2021-22","Young Harris","Dashaun Jackson","wbb-006903","day jackson","transfer_name_variant",0.219798,TRUE,TRUE,TRUE,0.89,,,,,,,,,,,,
"r82224","2025-26","Holy Family","Kaelah Carter","wbb-006063","lila mchale carter","transfer_name_variant",0.220085,TRUE,TRUE,TRUE,0.89,,,,,,,,,,,,
"r56401","2024-25","Coe","Quinn Grubbs","wbb-015918","tatum grubbs","transfer_name_variant",0.222222,TRUE,TRUE,TRUE,0.889,,,,,,,,,,,,
"r90271","2026-27","Maryville (MO)","Ellie Buss","wbb-022223","sammie buss","transfer_name_variant",0.221212,TRUE,TRUE,TRUE,0.889,,,,,,,,,,,,
"r17096","2021-22","LaSalle","Julie Jekot","wbb-006162","kelly jekot","transfer_name_variant",0.223485,TRUE,TRUE,TRUE,0.888,,,,,,,,,,,,
"r24170","2021-22","West Virginia St.","Caroline Scott","wbb-000613","kathleen scott","transfer_name_variant",0.22381,TRUE,TRUE,TRUE,0.888,,,,,,,,,,,,
"r58250","2024-25","Hunter","Eliah Yode","wbb-003322","elliah yode","same_team_name_variant",0.024242,TRUE,TRUE,FALSE,0.888,,,,,,,,,,,,
"r45141","2023-24","Manhattanville","Caroline Barbalato","wbb-008212","julia barbalato","transfer_name_variant",0.226781,TRUE,TRUE,TRUE,0.887,,,,,,,,,,,,
"r54129","2023-24","SUNY Canton","Abigail Rice","wbb-019510","abby rice","transfer_name_variant",0.227513,TRUE,TRUE,TRUE,0.886,,,,,,,,,,,,
"r96541","2026-27","MSOE","Kacia Caron","wbb-021380","kassandra caron","transfer_name_variant",0.229226,TRUE,TRUE,TRUE,0.885,,,,,,,,,,,,
"r20115","2021-22","St. Anselm","Melanie Hoyt","wbb-002817","madison hoyt","transfer_name_variant",0.233333,TRUE,TRUE,TRUE,0.883,,,,,,,,,,,,
"r40676","2023-24","Albion","Meghan Trewhella","wbb-014687","maryellen trewhella","transfer_name_variant",0.234305,TRUE,TRUE,TRUE,0.883,,,,,,,,,,,,
"r78640","2025-26","St. Cloud St.","Laynie Meister","wbb-017725","lilly meister","transfer_name_variant",0.233167,TRUE,TRUE,TRUE,0.883,,,,,,,,,,,,
"r57182","2024-25","Edinboro","Jess Hetz","wbb-006151","jordyn hetz","transfer_name_variant",0.236364,TRUE,TRUE,TRUE,0.882,,,,,,,,,,,,
"r74759","2025-26","Indiana","Maya Makalusky","wbb-022356","riley makalusky","transfer_name_variant",0.236075,TRUE,TRUE,TRUE,0.882,,,,,,,,,,,,
"r88714","2026-27","Ferrum","Audry Petty","wbb-028723","audra petty","transfer_name_variant",0.036364,TRUE,TRUE,FALSE,0.882,,,,,,,,,,,,
"r35056","2022-23","Jackson St.","Ti'Ian Boler","wbb-003585","ti lan boler","same_team_name_variant",0.038889,TRUE,TRUE,FALSE,0.881,,,,,,,,,,,,
"r35056","2022-23","Jackson St.","Ti'Ian Boler","wbb-003599","ti lan boler","same_team_name_variant",0.038889,TRUE,TRUE,FALSE,0.881,,,,,,,,,,,,
"r35056","2022-23","Jackson St.","Ti'Ian Boler","wbb-014311","ti lan boler","same_team_name_variant",0.038889,TRUE,TRUE,FALSE,0.881,,,,,,,,,,,,
"r41471","2023-24","Bridgewater (VA)","Alexis Edmonds","wbb-008250","imani edmonds","transfer_name_variant",0.238828,TRUE,TRUE,TRUE,0.881,,,,,,,,,,,,
"r71310","2025-26","Bellarmine","Haya Abdel Aal","wbb-027030","hana abdel aal","same_team_name_variant",0.038095,TRUE,TRUE,FALSE,0.881,,,,,,,,,,,,
"r13954","2021-22","Bradley","Abbie Draper","wbb-008509","payton draper","transfer_name_variant",0.239316,TRUE,TRUE,TRUE,0.88,,,,,,,,,,,,
"r48563","2023-24","Southern Miss","Morgan Sieper","wbb-004175","kayla sieper","transfer_name_variant",0.239316,TRUE,TRUE,TRUE,0.88,,,,,,,,,,,,
"r78703","2025-26","Saint Joseph's (PA)","Rian Dotsey","wbb-023505","caroline dotsey","transfer_name_variant",0.240404,TRUE,TRUE,TRUE,0.88,,,,,,,,,,,,
"r95841","2026-27","Roosevelt","City Figlinski","wbb-022766","felicity figlinski","transfer_name_variant",0.240741,TRUE,TRUE,TRUE,0.88,,,,,,,,,,,,
"r43377","2023-24","Florida Tech","Deirdre Miller","wbb-013563","evie miller","transfer_name_variant",0.242208,TRUE,TRUE,TRUE,0.879,,,,,,,,,,,,
"r61895","2024-25","Rochester (NY)","Grace Corelli","wbb-020197","beth corelli","transfer_name_variant",0.241453,TRUE,TRUE,TRUE,0.879,,,,,,,,,,,,
"r84796","2025-26","Lipscomb","Hope Counts","wbb-012478","anna counts","transfer_name_variant",0.242424,TRUE,TRUE,TRUE,0.879,,,,,,,,,,,,
"r18389","2021-22","Muhlenberg","Emily Unger","wbb-003123","caitie unger","transfer_name_variant",0.243687,TRUE,TRUE,TRUE,0.878,,,,,,,,,,,,
"r39722","2022-23","Assumption","Avah Ingalls","wbb-016006","allison ingalls","transfer_name_variant",0.245,TRUE,TRUE,TRUE,0.878,,,,,,,,,,,,
"r45690","2023-24","Minn. Duluth","Grace Counts","wbb-012478","anna counts","transfer_name_variant",0.243687,TRUE,TRUE,TRUE,0.878,,,,,,,,,,,,
"r55170","2024-25","Benedict","Paris Smith","wbb-002902","zoesha smith","transfer_name_variant",0.243687,TRUE,TRUE,TRUE,0.878,,,,,,,,,,,,
"r67745","2024-25","Concordia (TX)","Olivia Dummer","wbb-026245","olivia drummer","same_team_name_variant",0.045055,TRUE,TRUE,FALSE,0.877,,,,,,,,,,,,
"r60371","2024-25","UNCW","Ali Zelaya","wbb-005189","alexandra zelaya","transfer_name_variant",0.247037,TRUE,TRUE,TRUE,0.876,,,,,,,,,,,,
"r78973","2025-26","San Diego State","CJ Latta","wbb-030374","carlie latta","transfer_name_variant",0.248214,TRUE,TRUE,TRUE,0.876,,,,,,,,,,,,
"r45235","2023-24","Marshall","Aislynn Hayes","wbb-021674","acacia hayes","transfer_name_variant",0.252885,TRUE,TRUE,TRUE,0.874,,,,,,,,,,,,
"r38180","2022-23","St. Thomas (MN)","Faith Feuerbach","wbb-003546","kylie feuerbach","transfer_name_variant",0.253535,TRUE,TRUE,TRUE,0.873,,,,,,,,,,,,
"r43035","2023-24","East. Mennonite","Shardae Williams","wbb-006480","jasmin williams","transfer_name_variant",0.253662,TRUE,TRUE,TRUE,0.873,,,,,,,,,,,,
"r47529","2023-24","Richmond","Courtney Swider","wbb-008398","kylie swider","transfer_name_variant",0.253704,TRUE,TRUE,TRUE,0.873,,,,,,,,,,,,
"r64383","2024-25","Williams College","Kathleen Smith","wbb-015959","maggie smith","transfer_name_variant",0.253968,TRUE,TRUE,TRUE,0.873,,,,,,,,,,,,
"r36461","2022-23","Northern Michigan","Reide Osterman","wbb-012032","carsyn osterman","transfer_name_variant",0.256349,TRUE,TRUE,TRUE,0.872,,,,,,,,,,,,
"r89291","2026-27","Illinois Col.","Madison Nettles","wbb-034987","madi nettles","same_team_name_variant",0.056667,TRUE,TRUE,FALSE,0.872,,,,,,,,,,,,
"r94525","2026-27","Coker","Autumn Joseph","wbb-011474","sommer joseph","transfer_name_variant",0.25641,TRUE,TRUE,TRUE,0.872,,,,,,,,,,,,
"r93134","2026-27","Chattanooga","Sinae Hill","wbb-030235","angel hill","transfer_name_variant",0.258333,TRUE,TRUE,TRUE,0.871,,,,,,,,,,,,
"r40566","2023-24","Akron","Leila Jones","wbb-005927","anyssa jones","transfer_name_variant",0.260101,TRUE,TRUE,TRUE,0.87,,,,,,,,,,,,
"r74125","2025-26","Rowan","Natalia Barrera","wbb-020371","angelina barrera","transfer_name_variant",0.260791,TRUE,TRUE,TRUE,0.87,,,,,,,,,,,,
"r75067","2025-26","Kansas","Keeley Parks","wbb-017735","mikayla parks","transfer_name_variant",0.259972,TRUE,TRUE,TRUE,0.87,,,,,,,,,,,,
"r39970","2022-23","Alliance","Josie De Pool","wbb-016594","joselish de pool","same_team_name_variant",0.061699,TRUE,TRUE,FALSE,0.869,,,,,,,,,,,,
"r60438","2024-25","Omaha","Ja Harvey","wbb-022395","deajanae harvey","transfer_name_variant",0.262963,TRUE,TRUE,TRUE,0.869,,,,,,,,,,,,
"r76490","2025-26","Missouri S&T","Ava McCulla","wbb-025645","alivia mcculla","transfer_name_variant",0.064286,TRUE,TRUE,FALSE,0.868,,,,,,,,,,,,
"r84796","2025-26","Lipscomb","Hope Counts","wbb-023684","grace counts","transfer_name_variant",0.26452,TRUE,TRUE,TRUE,0.868,,,,,,,,,,,,
"r38415","2022-23","Wisconsin-Stevens Point","Kayla Will","wbb-010121","megan will","transfer_name_variant",0.266667,TRUE,TRUE,TRUE,0.867,,,,,,,,,,,,
"r61239","2024-25","Oregon","Katie Fiso","wbb-004759","meghan fiso","transfer_name_variant",0.268831,TRUE,TRUE,TRUE,0.866,,,,,,,,,,,,
"r23118","2021-22","D'Youville","Anna Jankovic","wbb-006746","stephanie jankovic","transfer_name_variant",0.271821,TRUE,TRUE,TRUE,0.864,,,,,,,,,,,,
"r80891","2025-26","Whittier","Yaneli Rosales Beltran","wbb-030592","yaneli rosales","same_team_name_variant",0.072727,TRUE,TRUE,FALSE,0.864,,,,,,,,,,,,
"r75810","2025-26","Marietta","Brooke Lehmkuhl","wbb-010929","alexis lehmkuhl","transfer_name_variant",0.272222,TRUE,TRUE,TRUE,0.864,,,,,,,,,,,,
"r82593","2025-26","U New England","Sydney Jenisch","wbb-023547","maddy jenisch","transfer_name_variant",0.272161,TRUE,TRUE,TRUE,0.864,,,,,,,,,,,,
"r47666","2023-24","Rutgers","Jillian Huerter","wbb-015238","meghan huerter","transfer_name_variant",0.273016,TRUE,TRUE,TRUE,0.863,,,,,,,,,,,,
"r64487","2024-25","Wisconsin","Alie Bisballe","wbb-002980","rylie bisballe","transfer_name_variant",0.07326,TRUE,TRUE,FALSE,0.863,,,,,,,,,,,,
"r80511","2025-26","Washington & Jefferson","Alayna Wagner","wbb-008034","lexy wagner","transfer_name_variant",0.274281,TRUE,TRUE,TRUE,0.863,,,,,,,,,,,,
"r80511","2025-26","Washington & Jefferson","Alayna Wagner","wbb-021058","lexy wagner","transfer_name_variant",0.274281,TRUE,TRUE,TRUE,0.863,,,,,,,,,,,,
"r80511","2025-26","Washington & Jefferson","Alayna Wagner","wbb-024773","lexy wagner","transfer_name_variant",0.274281,TRUE,TRUE,TRUE,0.863,,,,,,,,,,,,
"r38717","2022-23","Southwestern (TX)","Jay Hollie","wbb-016899","jada hollie","same_team_name_variant",0.075152,TRUE,TRUE,FALSE,0.862,,,,,,,,,,,,
"r83192","2025-26","Wingate","Bree Hughes","wbb-033275","bri hughes","same_team_name_variant",0.075152,TRUE,TRUE,FALSE,0.862,,,,,,,,,,,,
"r71984","2025-26","Cal State LA","Nia Johnson","wbb-013450","simone johnson","transfer_name_variant",0.275541,TRUE,TRUE,TRUE,0.862,,,,,,,,,,,,
"r82598","2025-26","U New England","Aisling Harrington","wbb-031808","ceilagh harrington","transfer_name_variant",0.277778,TRUE,TRUE,TRUE,0.861,,,,,,,,,,,,
"r95698","2026-27","IUPUI","Swynn Jackson","wbb-024864","nevaeh jackson","transfer_name_variant",0.277167,TRUE,TRUE,TRUE,0.861,,,,,,,,,,,,
"r18263","2021-22","Monmouth","Antonia Panayides","wbb-007732","annetta panayides","transfer_name_variant",0.080523,TRUE,TRUE,FALSE,0.86,,,,,,,,,,,,
"r90830","2026-27","Montana","Dominique (Dom) Nesland","wbb-032064","dom nesland","transfer_name_variant",0.280997,TRUE,TRUE,TRUE,0.86,,,,,,,,,,,,
"r92064","2026-27","Rhode Island","Katie Liggio","wbb-037224","christina liggio","transfer_name_variant",0.280556,TRUE,TRUE,TRUE,0.86,,,,,,,,,,,,
"r65113","2024-25","Concord","Amaya Smith","wbb-019188","makayla smith","transfer_name_variant",0.081585,TRUE,TRUE,FALSE,0.859,,,,,,,,,,,,
"r74490","2025-26","Holy Cross","Asia Wilson","wbb-013412","saniaa wilson","transfer_name_variant",0.081585,TRUE,TRUE,FALSE,0.859,,,,,,,,,,,,
"r95548","2026-27","Westminster (PA)","Avery Maier","wbb-019911","makenna maier","transfer_name_variant",0.281614,TRUE,TRUE,TRUE,0.859,,,,,,,,,,,,
"r96891","2026-27","Salem (NC)","My'Asia Simms","wbb-037562","taniya simms","transfer_name_variant",0.282479,TRUE,TRUE,TRUE,0.859,,,,,,,,,,,,
"r59134","2024-25","Loras","Mila Van Weelden","wbb-015874","ella van weelden","transfer_name_variant",0.083333,TRUE,TRUE,FALSE,0.858,,,,,,,,,,,,
"r76656","2025-26","Mount St. Mary's","Erin Edmonds","wbb-022312","alexis edmonds","transfer_name_variant",0.284127,TRUE,TRUE,TRUE,0.858,,,,,,,,,,,,
"r77921","2025-26","Pittsburgh","Macie Arzner","wbb-016726","kylee arzner","transfer_name_variant",0.284722,TRUE,TRUE,TRUE,0.858,,,,,,,,,,,,
"r61669","2024-25","Ramapo","Jocelyn Huancaya","wbb-006703","eliana huancaya","transfer_name_variant",0.288889,TRUE,TRUE,TRUE,0.856,,,,,,,,,,,,
"r72558","2025-26","Clarion","Zoe Guice","wbb-026493","nelia guice","transfer_name_variant",0.290524,TRUE,TRUE,TRUE,0.855,,,,,,,,,,,,
"r60435","2024-25","Omaha","Kendyl Delimont","wbb-018668","bria delimont","transfer_name_variant",0.291453,TRUE,TRUE,TRUE,0.854,,,,,,,,,,,,
"r84431","2025-26","Rivier","Erika Fantauzzi","wbb-021004","mia fantauzzi","transfer_name_variant",0.092308,TRUE,TRUE,FALSE,0.854,,,,,,,,,,,,
"r84459","2025-26","High Point","Cheyenne Brand","wbb-022977","lyneta brand","transfer_name_variant",0.294974,TRUE,TRUE,TRUE,0.853,,,,,,,,,,,,
"r65902","2024-25","Pacific Lutheran","Ashley Akamine","wbb-015082","abi akamine","transfer_name_variant",0.295022,TRUE,TRUE,TRUE,0.852,,,,,,,,,,,,
"r91274","2026-27","North Central (IL)","Mosey Drevline","wbb-002088","rosie drevline","transfer_name_variant",0.095238,TRUE,TRUE,FALSE,0.852,,,,,,,,,,,,
"r28702","2022-23","Georgia Southern","Shy Booker","wbb-000477","d shara booker","transfer_name_variant",0.300529,TRUE,TRUE,TRUE,0.85,,,,,,,,,,,,
"r32707","2022-23","DeSales","Lindsay Bednarek","wbb-001465","maggie bednarek","transfer_name_variant",0.299116,TRUE,TRUE,TRUE,0.85,,,,,,,,,,,,
"r51912","2023-24","Westminster (PA)","Grace Cano","wbb-003024","nina cano","transfer_name_variant",0.3,TRUE,TRUE,TRUE,0.85,,,,,,,,,,,,
"r56159","2024-25","Central (IA)","Greta Larsen","wbb-000941","olivia larsen","transfer_name_variant",0.301816,TRUE,TRUE,TRUE,0.849,,,,,,,,,,,,
"r32947","2022-23","Eureka","Madi Jernigan","wbb-013934","madison jernigan","same_team_name_variant",0.106731,TRUE,TRUE,FALSE,0.847,,,,,,,,,,,,
"r85905","2025-26","Southern Va.","KT Okonkwo","wbb-026631","kasi okonkwo","same_team_name_variant",0.105,TRUE,TRUE,FALSE,0.847,,,,,,,,,,,,
"r84429","2025-26","Rivier","Sydney Perry","wbb-021762","reese perry","transfer_name_variant",0.306187,TRUE,TRUE,TRUE,0.847,,,,,,,,,,,,
"r56154","2024-25","Central (IA)","Anna Newton","wbb-000956","emily newton","transfer_name_variant",0.30772,TRUE,TRUE,TRUE,0.846,,,,,,,,,,,,
"r13228","2021-22","Albion","Natalie Sweetland","wbb-000144","nicole sweetland","same_team_name_variant",0.11187,TRUE,TRUE,FALSE,0.844,,,,,,,,,,,,
"r42778","2023-24","Detroit Mercy","Cyd Rivera","wbb-006186","cydney rivera","transfer_name_variant",0.112179,TRUE,TRUE,FALSE,0.844,,,,,,,,,,,,
"r64768","2024-25","York (PA)","Alyssa Dougherty","wbb-009286","alyssa hocker","same_team_name_variant",0.111451,TRUE,TRUE,FALSE,0.844,,,,,,,,,,,,
"r13963","2021-22","Brandeis","Mollie Obar","wbb-000656","brooke obar","transfer_name_variant",0.313853,TRUE,TRUE,TRUE,0.843,,,,,,,,,,,,
"r54062","2023-24","Union (TN)","Olivia Lee","wbb-015492","macey lee","transfer_name_variant",0.314815,TRUE,TRUE,TRUE,0.843,,,,,,,,,,,,
"r41320","2023-24","Bloomsburg","Leah Kale","wbb-013309","ella kale","same_team_name_variant",0.115741,TRUE,TRUE,FALSE,0.842,,,,,,,,,,,,
"r85245","2025-26","Saint Vincent","Emily Glass","wbb-003018","abby glass","transfer_name_variant",0.31645,TRUE,TRUE,TRUE,0.842,,,,,,,,,,,,
"r48486","2023-24","Southern Conn. St.","Marissa Nudd","wbb-004622","kellie nudd","transfer_name_variant",0.318182,TRUE,TRUE,TRUE,0.841,,,,,,,,,,,,
"r69905","2024-25","Regis (CO)","Autorriah Thomas","wbb-018742","auto thomas","transfer_name_variant",0.117045,TRUE,TRUE,FALSE,0.841,,,,,,,,,,,,
"r83990","2025-26","SUNY Poly","Alysa Jackson","wbb-031852","alana jackson","same_team_name_variant",0.118415,TRUE,TRUE,FALSE,0.841,,,,,,,,,,,,
"r91500","2026-27","Northwestern","Xyanna Walton","wbb-029370","xamiya walton","same_team_name_variant",0.11958,TRUE,TRUE,FALSE,0.84,,,,,,,,,,,,
"r88456","2026-27","Eastern Illinois","Dalia Grandberry","wbb-028711","roisin grandberry","transfer_name_variant",0.320261,TRUE,TRUE,TRUE,0.84,,,,,,,,,,,,
"r50213","2023-24","Wisconsin-Whitewater","Emily Crandall","wbb-003975","libby crandall","transfer_name_variant",0.123016,TRUE,TRUE,FALSE,0.838,,,,,,,,,,,,
"r46891","2023-24","Old Dominion","De'Shawnti Thomas","wbb-018228","de asia thomas","transfer_name_variant",0.125415,TRUE,TRUE,FALSE,0.837,,,,,,,,,,,,
"r95339","2026-27","Southeastern Okla.","Karlee Konarik","wbb-019554","kenslee konarik","transfer_name_variant",0.127857,TRUE,TRUE,FALSE,0.836,,,,,,,,,,,,
"r76656","2025-26","Mount St. Mary's","Erin Edmonds","wbb-008250","imani edmonds","transfer_name_variant",0.132479,TRUE,TRUE,FALSE,0.834,,,,,,,,,,,,
"r46391","2023-24","Nichols","Summer Klein","wbb-006719","maya klein","transfer_name_variant",0.334127,TRUE,TRUE,TRUE,0.833,,,,,,,,,,,,
"r40255","2022-23","Western New Eng.","Erin Reen","wbb-006661","kay reen","transfer_name_variant",0.339815,TRUE,TRUE,TRUE,0.83,,,,,,,,,,,,
"r41224","2023-24","Benedict","Katherine Robinson","wbb-008180","kaitlyn robinson","transfer_name_variant",0.140212,TRUE,TRUE,FALSE,0.83,,,,,,,,,,,,
"r84395","2025-26","Misericordia","Emily Romanowski","wbb-002425","kaeli romanowski","transfer_name_variant",0.142857,TRUE,TRUE,FALSE,0.829,,,,,,,,,,,,
"r72819","2025-26","Concordia-Moorhead","Paige Evans","wbb-016112","hailie evans","transfer_name_variant",0.143939,TRUE,TRUE,FALSE,0.828,,,,,,,,,,,,
"r52056","2023-24","North Florida","Kirsten Clark","wbb-009248","nia clark","transfer_name_variant",0.346968,TRUE,TRUE,TRUE,0.827,,,,,,,,,,,,
"r52666","2023-24","Chatham","Mari Faust","wbb-002485","amari faust","transfer_name_variant",0.14697,TRUE,TRUE,FALSE,0.827,,,,,,,,,,,,
"r52666","2023-24","Chatham","Mari Faust","wbb-013916","amari faust","transfer_name_variant",0.14697,TRUE,TRUE,FALSE,0.827,,,,,,,,,,,,
"r62667","2024-25","Slippery Rock","Rebecca Goetz","wbb-003026","kat goetz","transfer_name_variant",0.346968,TRUE,TRUE,TRUE,0.827,,,,,,,,,,,,
"r87897","2026-27","Clarion","Amaya Evans","wbb-037021","bre evans","transfer_name_variant",0.34596,TRUE,TRUE,TRUE,0.827,,,,,,,,,,,,
"r43991","2023-24","Holy Cross","Hannah Griffin","wbb-015423","kaylie griffin","transfer_name_variant",0.349206,TRUE,TRUE,TRUE,0.825,,,,,,,,,,,,
"r44769","2023-24","Lebanon Valley","Alexa Holcomb","wbb-002923","kylie holcomb","transfer_name_variant",0.153846,TRUE,TRUE,FALSE,0.823,,,,,,,,,,,,
"r81796","2025-26","Concord","McKayah Stubbs","wbb-031020","kenyah stubbs","transfer_name_variant",0.153014,TRUE,TRUE,FALSE,0.823,,,,,,,,,,,,
"r30629","2022-23","Concordia Wisconsin","Lily Guerra","wbb-009063","liliana guerra","transfer_name_variant",0.157879,TRUE,TRUE,FALSE,0.821,,,,,,,,,,,,
"r57150","2024-25","Eastern N.M.","Kaitlyn Edmondson","wbb-021428","sarah edmondson","transfer_name_variant",0.358051,TRUE,TRUE,TRUE,0.821,,,,,,,,,,,,
"r66830","2024-25","N.M. Highlands","Kapiolani Anitielu","wbb-016175","kiiyani anitielu","transfer_name_variant",0.157738,TRUE,TRUE,FALSE,0.821,,,,,,,,,,,,
"r75100","2025-26","Keene St.","Ruby Dasaro","wbb-015455","caitlyn dasaro","transfer_name_variant",0.358766,TRUE,TRUE,TRUE,0.821,,,,,,,,,,,,
"r76267","2025-26","Michigan","Ciara Byars","wbb-022560","brianna byars","transfer_name_variant",0.157226,TRUE,TRUE,FALSE,0.821,,,,,,,,,,,,
"r47139","2023-24","Jefferson","Emily Spratt","wbb-011717","abbey spratt","transfer_name_variant",0.166667,TRUE,TRUE,FALSE,0.817,,,,,,,,,,,,
"r47186","2023-24","Plattsburgh St.","Lauren LaFountain","wbb-006322","caroline lafountain","transfer_name_variant",0.165989,TRUE,TRUE,FALSE,0.817,,,,,,,,,,,,
"r64175","2024-25","McDaniel","Lauren Cavoli","wbb-020902","megan cavoli","transfer_name_variant",0.165812,TRUE,TRUE,FALSE,0.817,,,,,,,,,,,,
"r76001","2025-26","MIT","Riley O'Sullivan","wbb-030805","maeve o sullivan","transfer_name_variant",0.166667,TRUE,TRUE,FALSE,0.817,,,,,,,,,,,,
"r60187","2024-25","Morehead State","Myla Benton","wbb-003806","robyn benton","transfer_name_variant",0.368687,TRUE,TRUE,TRUE,0.816,,,,,,,,,,,,
"r91391","2026-27","Northern Arizona","Naomi Johnson","wbb-005299","nia johnson","transfer_name_variant",0.168881,TRUE,TRUE,FALSE,0.816,,,,,,,,,,,,
"r52643","2023-24","Shepherd","Katie Christ","wbb-000285","jackie christ","transfer_name_variant",0.169969,TRUE,TRUE,FALSE,0.815,,,,,,,,,,,,
"r27489","2022-23","Purdue","Lilly Stoddard","wbb-000983","abby stoddard","transfer_name_variant",0.172161,TRUE,TRUE,FALSE,0.814,,,,,,,,,,,,
"r59395","2024-25","Minnesota St.","Mallory Czinano","wbb-003567","monika czinano","transfer_name_variant",0.171558,TRUE,TRUE,FALSE,0.814,,,,,,,,,,,,
"r75802","2025-26","Mansfield","Maya Dickerson","wbb-018326","marlie dickerson","transfer_name_variant",0.171429,TRUE,TRUE,FALSE,0.814,,,,,,,,,,,,
"r80675","2025-26","West Chester","Lena Stein","wbb-028528","anna stein","transfer_name_variant",0.175,TRUE,TRUE,FALSE,0.812,,,,,,,,,,,,
"r38205","2022-23","Widener","Lindsay Kutz","wbb-002251","julia kutz","transfer_name_variant",0.177778,TRUE,TRUE,FALSE,0.811,,,,,,,,,,,,
"r13317","2021-22","Alma","Reagan Thorr","wbb-009170","riley thorr","transfer_name_variant",0.181818,TRUE,TRUE,FALSE,0.809,,,,,,,,,,,,
"r17096","2021-22","LaSalle","Julie Jekot","wbb-006876","katie jekot","transfer_name_variant",0.181818,TRUE,TRUE,FALSE,0.809,,,,,,,,,,,,
"r40414","2022-23","Stevenson","Mia Martinez","wbb-008883","jade martinez","transfer_name_variant",0.182479,TRUE,TRUE,FALSE,0.809,,,,,,,,,,,,
"r47345","2023-24","Quinnipiac","Emma Carman","wbb-017634","ally carman","transfer_name_variant",0.181818,TRUE,TRUE,FALSE,0.809,,,,,,,,,,,,
"r64175","2024-25","McDaniel","Lauren Cavoli","wbb-010776","julia cavoli","transfer_name_variant",0.182479,TRUE,TRUE,FALSE,0.809,,,,,,,,,,,,
"r53346","2023-24","Crown (MN)","Sydney Cotten","wbb-012092","skylar cotten","transfer_name_variant",0.184615,TRUE,TRUE,FALSE,0.808,,,,,,,,,,,,
"r56743","2024-25","DePaul","Angelina Smith","wbb-013658","gabriella smith","transfer_name_variant",0.18373,TRUE,TRUE,FALSE,0.808,,,,,,,,,,,,
"r59183","2024-25","Louisville","Rebekah Graves","wbb-024755","sarah graves","transfer_name_variant",0.184127,TRUE,TRUE,FALSE,0.808,,,,,,,,,,,,
"r61465","2024-25","Plymouth St.","Alli Ingalls","wbb-021679","avah ingalls","transfer_name_variant",0.183333,TRUE,TRUE,FALSE,0.808,,,,,,,,,,,,
"r61582","2024-25","Providence","Audrey Shields","wbb-018202","emma shields","transfer_name_variant",0.184127,TRUE,TRUE,FALSE,0.808,,,,,,,,,,,,
"r73309","2025-26","East Stroudsburg","McKayla Strunk","wbb-015319","emily strunk","transfer_name_variant",0.184127,TRUE,TRUE,FALSE,0.808,,,,,,,,,,,,
"r87267","2026-27","Bryant","Sammie Sullivan","wbb-033110","katie sullivan","transfer_name_variant",0.18373,TRUE,TRUE,FALSE,0.808,,,,,,,,,,,,
"r87591","2026-27","UC Davis","Marta Forsline","wbb-020831","kora forsline","transfer_name_variant",0.183317,TRUE,TRUE,FALSE,0.808,,,,,,,,,,,,
"r95850","2026-27","Roosevelt","Leila Torres","wbb-024002","braelyn torres","transfer_name_variant",0.184127,TRUE,TRUE,FALSE,0.808,,,,,,,,,,,,
"r60517","2024-25","New Haven","Katie Drozd","wbb-014557","lindsay drozd","transfer_name_variant",0.385781,TRUE,TRUE,TRUE,0.807,,,,,,,,,,,,
"r77170","2025-26","North Carolina Central","Dianna Blake","wbb-015266","vanessa blake","transfer_name_variant",0.185897,TRUE,TRUE,FALSE,0.807,,,,,,,,,,,,
"r91597","2026-27","Ohio","Blossom Wallace","wbb-003774","bexley wallace","transfer_name_variant",0.185714,TRUE,TRUE,FALSE,0.807,,,,,,,,,,,,
"r73092","2025-26","Delaware","Kailah Correa","wbb-017326","giahny correa","transfer_name_variant",0.187179,TRUE,TRUE,FALSE,0.806,,,,,,,,,,,,
"r86357","2025-26","Westmont","Skyler Knight","wbb-001803","aubrey knight","transfer_name_variant",0.187179,TRUE,TRUE,FALSE,0.806,,,,,,,,,,,,
"r54435","2024-25","Abilene Christian","Carlota Gomez","wbb-018538","marta gomez","transfer_name_variant",0.190559,TRUE,TRUE,FALSE,0.805,,,,,,,,,,,,
"r72558","2025-26","Clarion","Zoe Guice","wbb-005933","peyton guice","transfer_name_variant",0.189815,TRUE,TRUE,FALSE,0.805,,,,,,,,,,,,
"r13758","2021-22","Bentley","Amanda Kabantu","wbb-000585","davina kabantu","transfer_name_variant",0.19246,TRUE,TRUE,FALSE,0.804,,,,,,,,,,,,
"r56961","2024-25","Duke","Arianna Roberson","wbb-018497","aaliyah roberson","transfer_name_variant",0.193269,TRUE,TRUE,FALSE,0.803,,,,,,,,,,,,
"r93548","2026-27","Valdosta St.","Vilma Eklund","wbb-014850","selma eklund","transfer_name_variant",0.194444,TRUE,TRUE,FALSE,0.803,,,,,,,,,,,,
"r93548","2026-27","Valdosta St.","Vilma Eklund","wbb-018370","selma eklund","transfer_name_variant",0.194444,TRUE,TRUE,FALSE,0.803,,,,,,,,,,,,
"r62260","2024-25","Saint Mary's (MN)","Rylie Sternquist","wbb-006767","reagan sternquist","transfer_name_variant",0.196069,TRUE,TRUE,FALSE,0.802,,,,,,,,,,,,
"r16991","2021-22","Kentucky St.","Gracen Kerr","wbb-003780","gracen kerr","same_team_name_variant",0,FALSE,TRUE,TRUE,0.8,,,,,,,,,,,,
"r17287","2021-22","Lock Haven","Selena Mann","wbb-004067","selena mann","same_team_name_variant",0,TRUE,FALSE,TRUE,0.8,,,,,,,,,,,,
"r23750","2021-22","Mount Olive","Michelle Stewart","wbb-010275","michelle stewart","same_team_name_variant",0,TRUE,FALSE,TRUE,0.8,,,,,,,,,,,,
"r13102","2021-22","Adelphi","Stavriana Dimitrakopoulou","wbb-012282","stavriana dimitrakopoulou","transfer_name_variant",0,TRUE,FALSE,TRUE,0.8,,,,,,,,,,,,
"r14258","2021-22","Cal State Fullerton","Nancy Panagiotopoulou-Andritsopoulou","wbb-003437","nancy panagiotopoulou andritsopoulou","transfer_name_variant",0,TRUE,FALSE,TRUE,0.8,,,,,,,,,,,,
"r14289","2021-22","Long Beach State","Teodora Popovic","wbb-002824","teodora popovic","transfer_name_variant",0,TRUE,FALSE,TRUE,0.8,,,,,,,,,,,,
"r14640","2021-22","Centenary (LA)","Salma Eddahiri","wbb-006446","salma eddahiri","transfer_name_variant",0,TRUE,FALSE,TRUE,0.8,,,,,,,,,,,,
"r15387","2021-22","Duquesne","Fatou Pouye","wbb-008728","fatou pouye","transfer_name_variant",0,TRUE,FALSE,TRUE,0.8,,,,,,,,,,,,
"r15490","2021-22","Eastern Kentucky","Arina Khlopkova","wbb-008005","arina khlopkova","transfer_name_variant",0,TRUE,FALSE,TRUE,0.8,,,,,,,,,,,,
"r15723","2021-22","Evansville","Celine Dupont","wbb-005416","celine dupont","transfer_name_variant",0,TRUE,FALSE,TRUE,0.8,,,,,,,,,,,,
"r15967","2021-22","Fredonia","Mary Culeton","wbb-006002","clara culeton","transfer_name_variant",0.199145,TRUE,TRUE,FALSE,0.8,,,,,,,,,,,,
"r16639","2021-22","Illinois","Sara Anastasieska","wbb-002189","sara anastasieska","transfer_name_variant",0,TRUE,FALSE,TRUE,0.8,,,,,,,,,,,,
"r16755","2021-22","Iowa State","Beatriz Jordão","wbb-007410","beatriz jordao","transfer_name_variant",0,TRUE,FALSE,TRUE,0.8,,,,,,,,,,,,
"r17824","2021-22","McNeese State","Clara Rosini","wbb-002324","clara rosini","transfer_name_variant",0,TRUE,FALSE,TRUE,0.8,,,,,,,,,,,,
"r17827","2021-22","McNeese State","Zuzanna Kulinska","wbb-001797","zuzanna kulinska","transfer_name_variant",0,TRUE,FALSE,TRUE,0.8,,,,,,,,,,,,
"r17831","2021-22","McNeese State","Cristina Gil","wbb-000757","cristina gil","transfer_name_variant",0,TRUE,FALSE,TRUE,0.8,,,,,,,,,,,,
"r18024","2021-22","Middle Tennessee","Dor Saar","wbb-004313","dor saar","transfer_name_variant",0,TRUE,FALSE,TRUE,0.8,,,,,,,,,,,,
"r18326","2021-22","Morehead State","Julan McDonald","wbb-004598","julan mcdonald","transfer_name_variant",0,TRUE,FALSE,TRUE,0.8,,,,,,,,,,,,
"r18999","2021-22","Northern Colorado","Zoe Campbell","wbb-011282","zoe campbell","transfer_name_variant",0,TRUE,FALSE,TRUE,0.8,,,,,,,,,,,,
"r19931","2021-22","Rider","Jessika Schiffer","wbb-000970","jessika schiffer","transfer_name_variant",0,TRUE,FALSE,TRUE,0.8,,,,,,,,,,,,
"r20151","2021-22","St. Bonaventure","Ene Adams","wbb-008817","ene adams","transfer_name_variant",0,TRUE,FALSE,TRUE,0.8,,,,,,,,,,,,
"r20816","2021-22","South Florida","Dulcy Fankam Mendjiadeu","wbb-004596","dulcy fankam mendjiadeu","transfer_name_variant",0,TRUE,FALSE,TRUE,0.8,,,,,,,,,,,,
"r20913","2021-22","SIUE","Gabby Nikitinaite","wbb-002839","gabby nikitinaite","transfer_name_variant",0,TRUE,FALSE,TRUE,0.8,,,,,,,,,,,,
"r21380","2021-22","Texas Tech","Ella Tofaeono","wbb-007914","ella tofaeono","transfer_name_variant",0,TRUE,FALSE,TRUE,0.8,,,,,,,,,,,,
"r23776","2021-22","Newberry","Giulia Bongiorno","wbb-002667","giulia bongiorno","transfer_name_variant",0,TRUE,FALSE,TRUE,0.8,,,,,,,,,,,,
"r24076","2021-22","Tarleton St.","Jenna Dick","wbb-002396","jenna dick","transfer_name_variant",0,TRUE,FALSE,TRUE,0.8,,,,,,,,,,,,
"r24544","2021-22","Washburn","Shae Sanchez","wbb-011533","shae sanchez","transfer_name_variant",0,TRUE,FALSE,TRUE,0.8,,,,,,,,,,,,
"r31564","2022-23","Mount Olive","Michelle Stewart","wbb-016568","michelle stewart","same_team_name_variant",0,TRUE,FALSE,TRUE,0.8,,,,,,,,,,,,
"r34616","2022-23","Fresno Pacific","Maesyn Rix","wbb-012630","maesyn rix","same_team_name_variant",0,TRUE,FALSE,TRUE,0.8,,,,,,,,,,,,
"r34622","2022-23","Fresno Pacific","Vanessa Cochrane","wbb-012637","vanessa cochrane","same_team_name_variant",0,TRUE,FALSE,TRUE,0.8,,,,,,,,,,,,
"r34624","2022-23","Fresno Pacific","Jada Oatman","wbb-012639","jada oatman","same_team_name_variant",0,TRUE,FALSE,TRUE,0.8,,,,,,,,,,,,
"r35193","2022-23","Kentucky St.","Gracen Kerr","wbb-003780","gracen kerr","same_team_name_variant",0,TRUE,FALSE,TRUE,0.8,,,,,,,,,,,,
"r35196","2022-23","Kentucky St.","Nina Blade","wbb-003783","nina blade","same_team_name_variant",0,TRUE,FALSE,TRUE,0.8,,,,,,,,,,,,
"r35399","2022-23","Lock Haven","Selena Mann","wbb-014469","selena mann","same_team_name_variant",0,TRUE,FALSE,TRUE,0.8,,,,,,,,,,,,
"r35917","2022-23","Mississippi College","Kiersten Hudson","wbb-014744","kiersten hudson","same_team_name_variant",0,TRUE,FALSE,TRUE,0.8,,,,,,,,,,,,
"r35928","2022-23","Mississippi College","Danielle Tennant","wbb-014738","danielle tennant","same_team_name_variant",0,TRUE,FALSE,TRUE,0.8,,,,,,,,,,,,
"r26762","2022-23","Arizona","Esmery Martinez","wbb-008681","esmery martinez","transfer_name_variant",0,TRUE,FALSE,TRUE,0.8,,,,,,,,,,,,
"r26834","2022-23","Oregon State","Shalexxus Aaron","wbb-007465","shalexxus aaron","transfer_name_variant",0,TRUE,FALSE,TRUE,0.8,,,,,,,,,,,,
"r26902","2022-23","California Baptist","Sila Finau","wbb-005722","mele finau","transfer_name_variant",0.2,TRUE,TRUE,FALSE,0.8,,,,,,,,,,,,
"r26905","2022-23","California Baptist","Georgia Kehoe","wbb-010514","georgia kehoe","transfer_name_variant",0,TRUE,FALSE,TRUE,0.8,,,,,,,,,,,,
"r27589","2022-23","Texas","Khadija Faye","wbb-007959","khadija faye","transfer_name_variant",0,TRUE,FALSE,TRUE,0.8,,,,,,,,,,,,
"r27721","2022-23","South Florida","Priscilla Williams","wbb-007802","priscilla williams","transfer_name_variant",0,TRUE,FALSE,TRUE,0.8,,,,,,,,,,,,
"r27782","2022-23","Virginia Commonwealth","Jennifer Ezeh","wbb-002193","jennifer ezeh","transfer_name_variant",0,TRUE,FALSE,TRUE,0.8,,,,,,,,,,,,
"r28048","2022-23","Presbyterian College","Dagne Apsite","wbb-008010","dagne apsite","transfer_name_variant",0,TRUE,FALSE,TRUE,0.8,,,,,,,,,,,,
"r28049","2022-23","Presbyterian College","Núria Cunill","wbb-002386","nuria cunill","transfer_name_variant",0,TRUE,FALSE,TRUE,0.8,,,,,,,,,,,,
"r28274","2022-23","Cal State Bakersfield","Shaunae Brown","wbb-001343","shaunae brown","transfer_name_variant",0,TRUE,FALSE,TRUE,0.8,,,,,,,,,,,,
"r28328","2022-23","Davidson","Millie Prior","wbb-014014","millie prior","transfer_name_variant",0,TRUE,FALSE,TRUE,0.8,,,,,,,,,,,,
"r28551","2022-23","Fresno State","Thea Mikkelsen","wbb-013473","thea mikkelsen","transfer_name_variant",0,TRUE,FALSE,TRUE,0.8,,,,,,,,,,,,
"r29079","2022-23","McNeese State","Alicja Falkowska","wbb-013484","alicja falkowska","transfer_name_variant",0,TRUE,FALSE,TRUE,0.8,,,,,,,,,,,,
"r29184","2022-23","Montana State","Grace Beasley","wbb-008579","grace beasley","transfer_name_variant",0,TRUE,FALSE,TRUE,0.8,,,,,,,,,,,,
"r29326","2022-23","New Mexico State","Ene Adams","wbb-008817","ene adams","transfer_name_variant",0,TRUE,FALSE,TRUE,0.8,,,,,,,,,,,,
"r29326","2022-23","New Mexico State","Ene Adams","wbb-015399","ene adams","transfer_name_variant",0,TRUE,FALSE,TRUE,0.8,,,,,,,,,,,,
"r29399","2022-23","Ohio State","Karla Vres","wbb-000257","karla vres","transfer_name_variant",0,TRUE,FALSE,TRUE,0.8,,,,,,,,,,,,
"r29450","2022-23","North Florida","Selma Eklund","wbb-014850","selma eklund","transfer_name_variant",0,TRUE,FALSE,TRUE,0.8,,,,,,,,,,,,
"r30009","2022-23","UC Davis","Tova Sabel","wbb-006154","tova sabel","transfer_name_variant",0,TRUE,FALSE,TRUE,0.8,,,,,,,,,,,,
"r30023","2022-23","UC Irvine","Diaba Konate","wbb-003339","diaba konate","transfer_name_variant",0,TRUE,FALSE,TRUE,0.8,,,,,,,,,,,,
"r30111","2022-23","Incarnate Word","Yuliyana Valcheva","wbb-008028","yuliyana valcheva","transfer_name_variant",0,TRUE,FALSE,TRUE,0.8,,,,,,,,,,,,
"r30121","2022-23","Louisiana Monroe","Rhi Ockwell","wbb-014494","rhi ockwell","transfer_name_variant",0,TRUE,FALSE,TRUE,0.8,,,,,,,,,,,,
"r30483","2022-23","Central Okla.","Kassie Boorer","wbb-009467","kassie boorer","transfer_name_variant",0,TRUE,FALSE,TRUE,0.8,,,,,,,,,,,,
"r30496","2022-23","Central Okla.","Eliana Bravington","wbb-012545","eliana bravington","transfer_name_variant",0,TRUE,FALSE,TRUE,0.8,,,,,,,,,,,,
"r31114","2022-23","S.C. Aiken","Marta Rivera","wbb-006406","marta rivera","transfer_name_variant",0,TRUE,FALSE,TRUE,0.8,,,,,,,,,,,,
"r31854","2022-23","St. Edward's","Rebeka Renczes","wbb-014909","rebeka renczes","transfer_name_variant",0,TRUE,FALSE,TRUE,0.8,,,,,,,,,,,,
"r33049","2022-23","Florida A&M","Ivet Subirats","wbb-000539","ivet subirats","transfer_name_variant",0,TRUE,FALSE,TRUE,0.8,,,,,,,,,,,,
"r33255","2022-23","Nova Southeastern","Zeyno Seren","wbb-014910","zeyno seren","transfer_name_variant",0,TRUE,FALSE,TRUE,0.8,,,,,,,,,,,,
"r33976","2022-23","Texas-Tyler","Meagan Mendazona","wbb-008304","meagan mendazona","transfer_name_variant",0,FALSE,TRUE,TRUE,0.8,,,,,,,,,,,,
"r34693","2022-23","Union (TN)","Naomi Van Nes","wbb-004612","naomi van nes","transfer_name_variant",0,TRUE,FALSE,TRUE,0.8,,,,,,,,,,,,
"r35091","2022-23","James Madison","Caroline Germond","wbb-007929","caroline germond","transfer_name_variant",0,TRUE,FALSE,TRUE,0.8,,,,,,,,,,,,
"r36434","2022-23","Northeastern","Derin Erdogan","wbb-000299","derin erdogan","transfer_name_variant",0,TRUE,FALSE,TRUE,0.8,,,,,,,,,,,,
"r36494","2022-23","Oakland","Raquel Ferrer-Bernad","wbb-002660","raquel ferrer bernad","transfer_name_variant",0,TRUE,FALSE,TRUE,0.8,,,,,,,,,,,,
"r39531","2022-23","Akron","Faith Stinson","wbb-016776","faith stinson","transfer_name_variant",0,TRUE,FALSE,TRUE,0.8,,,,,,,,,,,,
"r39711","2022-23","Western Ky.","Odeth Betancourt","wbb-015608","odeth betancourt","transfer_name_variant",0,TRUE,FALSE,TRUE,0.8,,,,,,,,,,,,
"r44547","2023-24","Kentucky St.","Gracen Kerr","wbb-003780","gracen kerr","same_team_name_variant",0,TRUE,FALSE,TRUE,0.8,,,,,,,,,,,,
"r45222","2023-24","Marquette","Claire Kaifes","wbb-004421","claire kaifes","same_team_name_variant",0,FALSE,TRUE,TRUE,0.8,,,,,,,,,,,,
"r45222","2023-24","Marquette","Claire Kaifes","wbb-021531","claire kaifes","same_team_name_variant",0,FALSE,TRUE,TRUE,0.8,,,,,,,,,,,,
"r45715","2023-24","Mississippi College","Taylor Ben","wbb-014729","taylor ben","same_team_name_variant",0,TRUE,FALSE,TRUE,0.8,,,,,,,,,,,,
"r45715","2023-24","Mississippi College","Taylor Ben","wbb-020452","taylor ben","same_team_name_variant",0,TRUE,FALSE,TRUE,0.8,,,,,,,,,,,,
"r45716","2023-24","Mississippi College","Kyiah Julian","wbb-004889","kyiah julian","same_team_name_variant",0,TRUE,FALSE,TRUE,0.8,,,,,,,,,,,,
"r45716","2023-24","Mississippi College","Kyiah Julian","wbb-020453","kyiah julian","same_team_name_variant",0,TRUE,FALSE,TRUE,0.8,,,,,,,,,,,,
"r45726","2023-24","Mississippi College","Kiersten Hudson","wbb-014744","kiersten hudson","same_team_name_variant",0,TRUE,FALSE,TRUE,0.8,,,,,,,,,,,,
"r45726","2023-24","Mississippi College","Kiersten Hudson","wbb-020450","kiersten hudson","same_team_name_variant",0,TRUE,FALSE,TRUE,0.8,,,,,,,,,,,,
"r48082","2023-24","Samford","Rylie Stephens","wbb-002555","rylie stephens","same_team_name_variant",0,TRUE,FALSE,TRUE,0.8,,,,,,,,,,,,
"r48082","2023-24","Samford","Rylie Stephens","wbb-015495","rylie stephens","same_team_name_variant",0,TRUE,FALSE,TRUE,0.8,,,,,,,,,,,,
"r51404","2023-24","Mount Olive","Asia Smith","wbb-010282","asia smith","same_team_name_variant",0,TRUE,FALSE,TRUE,0.8,,,,,,,,,,,,
"r52736","2023-24","Queens (NC)","Hawa Balde-Camara","wbb-011470","hawa balde camara","same_team_name_variant",0,TRUE,FALSE,TRUE,0.8,,,,,,,,,,,,
"r52736","2023-24","Queens (NC)","Hawa Balde-Camara","wbb-018896","hawa balde camara","same_team_name_variant",0,TRUE,FALSE,TRUE,0.8,,,,,,,,,,,,
"r52737","2023-24","Queens (NC)","Alexandria Johnson","wbb-011471","alexandria johnson","same_team_name_variant",0,TRUE,FALSE,TRUE,0.8,,,,,,,,,,,,
"r52739","2023-24","Queens (NC)","Kinley Brown","wbb-011473","kinley brown","same_team_name_variant",0,TRUE,FALSE,TRUE,0.8,,,,,,,,,,,,
"r52739","2023-24","Queens (NC)","Kinley Brown","wbb-018898","kinley brown","same_team_name_variant",0,TRUE,FALSE,TRUE,0.8,,,,,,,,,,,,
"r52843","2023-24","Centenary (NJ)","Brie Opdyke","wbb-001473","brie opdyke","same_team_name_variant",0,FALSE,TRUE,TRUE,0.8,,,,,,,,,,,,
"r53278","2023-24","Lee","Mia Hurst","wbb-011973","mia hurst","same_team_name_variant",0,TRUE,FALSE,TRUE,0.8,,,,,,,,,,,,
"r53278","2023-24","Lee","Mia Hurst","wbb-015753","mia hurst","same_team_name_variant",0,TRUE,FALSE,TRUE,0.8,,,,,,,,,,,,
"r53279","2023-24","Lee","Mallory Hampton","wbb-007095","mallory hampton","same_team_name_variant",0,TRUE,FALSE,TRUE,0.8,,,,,,,,,,,,
"r53279","2023-24","Lee","Mallory Hampton","wbb-011974","mallory hampton","same_team_name_variant",0,TRUE,FALSE,TRUE,0.8,,,,,,,,,,,,
"r53988","2023-24","Fresno Pacific","Maesyn Rix","wbb-020031","maesyn rix","same_team_name_variant",0,TRUE,FALSE,TRUE,0.8,,,,,,,,,,,,
"r53994","2023-24","Fresno Pacific","Aaliyah Seuell","wbb-012636","aaliyah seuell","same_team_name_variant",0,TRUE,FALSE,TRUE,0.8,,,,,,,,,,,,
"r53995","2023-24","Fresno Pacific","Vanessa Cochrane","wbb-020036","vanessa cochrane","same_team_name_variant",0,TRUE,FALSE,TRUE,0.8,,,,,,,,,,,,
"r53997","2023-24","Fresno Pacific","Jada Oatman","wbb-020038","jada oatman","same_team_name_variant",0,TRUE,FALSE,TRUE,0.8,,,,,,,,,,,,
"r40706","2023-24","Alcorn State","Milia Gibson","wbb-001188","milia gibson","transfer_name_variant",0,FALSE,TRUE,TRUE,0.8,,,,,,,,,,,,
"r40706","2023-24","Alcorn State","Milia Gibson","wbb-004922","milia gibson","transfer_name_variant",0,FALSE,TRUE,TRUE,0.8,,,,,,,,,,,,
"r40865","2023-24","Arkansas St.","Emma Imevbore","wbb-003958","emma imevbore","transfer_name_variant",0,TRUE,FALSE,TRUE,0.8,,,,,,,,,,,,
"r41694","2023-24","Chico St.","Jadence Clifton","wbb-014222","jadence clifton","transfer_name_variant",0,FALSE,TRUE,TRUE,0.8,,,,,,,,,,,,
"r42108","2023-24","Centenary (LA)","Brie Opdyke","wbb-001473","brie opdyke","transfer_name_variant",0,FALSE,TRUE,TRUE,0.8,,,,,,,,,,,,
"r42329","2023-24","Cleveland State","Filippa Goula","wbb-018458","filippa goula","transfer_name_variant",0,TRUE,FALSE,TRUE,0.8,,,,,,,,,,,,
"r42695","2023-24","Delaware State","Victoria Eniafe","wbb-014105","victoria eniafe","transfer_name_variant",0,TRUE,FALSE,TRUE,0.8,,,,,,,,,,,,
"r43079","2023-24","Eastern N.M.","Jamila Nansikombi-Gunter","wbb-017835","jamila nansikombi gunter","transfer_name_variant",0,TRUE,FALSE,TRUE,0.8,,,,,,,,,,,,
"r43100","2023-24","Eckerd","Martyna Kowalska","wbb-019768","martyna kowalska","transfer_name_variant",0,TRUE,FALSE,TRUE,0.8,,,,,,,,,,,,
"r43103","2023-24","Eckerd","Bella Green","wbb-006823","bella green","transfer_name_variant",0,TRUE,FALSE,TRUE,0.8,,,,,,,,,,,,
"r43254","2023-24","Evansville","Madlena Gerke","wbb-014000","madlena gerke","transfer_name_variant",0,TRUE,FALSE,TRUE,0.8,,,,,,,,,,,,
"r43351","2023-24","Florida A&M","Aina Subirats","wbb-018302","aina subirats","transfer_name_variant",0,TRUE,FALSE,TRUE,0.8,,,,,,,,,,,,
"r43519","2023-24","Furman","Hanna Hansson","wbb-018526","hanna hansson","transfer_name_variant",0,TRUE,FALSE,TRUE,0.8,,,,,,,,,,,,
"r43889","2023-24","Harvard","Mona Zarić","wbb-014277","mona zaric","transfer_name_variant",0,TRUE,FALSE,TRUE,0.8,,,,,,,,,,,,
"r44038","2023-24","Houston","Shalexxus Aaron","wbb-017635","shalexxus aaron","transfer_name_variant",0,TRUE,FALSE,TRUE,0.8,,,,,,,,,,,,
"r44945","2023-24","UMass Lowell","Sophie Baydanov","wbb-018297","sophie baydanov","transfer_name_variant",0,TRUE,FALSE,TRUE,0.8,,,,,,,,,,,,
"r44956","2023-24","UMass Lowell","Alex Gitchenko","wbb-014070","alex gitchenko","transfer_name_variant",0,TRUE,FALSE,TRUE,0.8,,,,,,,,,,,,
"r44976","2023-24","Loyola Marymount","Soufia Inoussa","wbb-005402","soufia inoussa","transfer_name_variant",0,TRUE,FALSE,TRUE,0.8,,,,,,,,,,,,
"r45130","2023-24","Manhattan","Caroline de Klauman","wbb-016051","caroline de klauman","transfer_name_variant",0,TRUE,FALSE,TRUE,0.8,,,,,,,,,,,,
"r45133","2023-24","Manhattan","Nitzan Amar","wbb-014840","nitzan amar","transfer_name_variant",0,TRUE,FALSE,TRUE,0.8,,,,,,,,,,,,
"r45394","2023-24","McNeese State","Emilia Tenbrock","wbb-001833","emilia tenbrock","transfer_name_variant",0,TRUE,FALSE,TRUE,0.8,,,,,,,,,,,,
"r45397","2023-24","McNeese State","Julia Puente","wbb-018394","julia puente","transfer_name_variant",0,TRUE,FALSE,TRUE,0.8,,,,,,,,,,,,
"r46307","2023-24","New Mexico","Charlotte Kohl","wbb-004904","charlotte kohl","transfer_name_variant",0,TRUE,FALSE,TRUE,0.8,,,,,,,,,,,,
"r46315","2023-24","New Orleans","Evangelia Davlakou","wbb-020179","evangelia davlakou","transfer_name_variant",0,TRUE,FALSE,TRUE,0.8,,,,,,,,,,,,
"r46961","2023-24","Oregon State","Kelsey Rees","wbb-008326","kelsey rees","transfer_name_variant",0,TRUE,FALSE,TRUE,0.8,,,,,,,,,,,,
"r46973","2023-24","Oregon","Priscilla Williams","wbb-007802","priscilla williams","transfer_name_variant",0,TRUE,FALSE,TRUE,0.8,,,,,,,,,,,,
"r47632","2023-24","Roger Williams","Abrielle Racine","wbb-014647","abrielle racine","transfer_name_variant",0,TRUE,FALSE,TRUE,0.8,,,,,,,,,,,,
"r47874","2023-24","Saint Leo","Andjela Pavicevic","wbb-016414","andjela pavicevic","transfer_name_variant",0,TRUE,FALSE,TRUE,0.8,,,,,,,,,,,,
"r47992","2023-24","Saint Peter's","Maria Fux","wbb-005386","maria fux","transfer_name_variant",0,TRUE,FALSE,TRUE,0.8,,,,,,,,,,,,
"r48917","2023-24","Tex. A&M-Kingsville","Aina Maynou","wbb-019354","aina maynou","transfer_name_variant",0,TRUE,FALSE,TRUE,0.8,,,,,,,,,,,,
"r49039","2023-24","Texas-El Paso","Jane Asinde","wbb-016028","jane asinde","transfer_name_variant",0,TRUE,FALSE,TRUE,0.8,,,,,,,,,,,,
"r49498","2023-24","Wagner","Maite Lara Garcia","wbb-018060","maite lara garcia","transfer_name_variant",0,TRUE,FALSE,TRUE,0.8,,,,,,,,,,,,
"r49722","2023-24","West Virginia","Ainhoa Holzer","wbb-017800","ainhoa holzer","transfer_name_variant",0,TRUE,FALSE,TRUE,0.8,,,,,,,,,,,,
"r49723","2023-24","West Virginia","Danelle Arigbabu","wbb-001154","danelle arigbabu","transfer_name_variant",0,TRUE,FALSE,TRUE,0.8,,,,,,,,,,,,
"r50437","2023-24","Arkansas Tech","Maisa Marcal","wbb-018130","maisa marcal","transfer_name_variant",0,TRUE,FALSE,TRUE,0.8,,,,,,,,,,,,
"r50758","2023-24","Drury","Beth Matas Martin","wbb-015257","beth matas martin","transfer_name_variant",0,TRUE,FALSE,TRUE,0.8,,,,,,,,,,,,
"r50780","2023-24","D'Youville","Carla Torrubia Cano","wbb-019044","carla torrubia cano","transfer_name_variant",0,TRUE,FALSE,TRUE,0.8,,,,,,,,,,,,
"r50997","2023-24","Grand Canyon","Kristyna Jeskeova","wbb-001147","kristyna jeskeova","transfer_name_variant",0,TRUE,FALSE,TRUE,0.8,,,,,,,,,,,,
"r51323","2023-24","Marian (WI)","Sara Majorosova","wbb-007506","sara majorosova","transfer_name_variant",0,TRUE,FALSE,TRUE,0.8,,,,,,,,,,,,
"r51585","2023-24","St. Edward's","Abbey Morton","wbb-018079","abbey morton","transfer_name_variant",0,TRUE,FALSE,TRUE,0.8,,,,,,,,,,,,
"r51782","2023-24","Wayne St. (NE)","Carsyn Boswell","wbb-003333","carsyn boswell","transfer_name_variant",0,FALSE,TRUE,TRUE,0.8,,,,,,,,,,,,
"r52096","2023-24","Colorado St.-Pueblo","Autumn Watts","wbb-005421","autumn watts","transfer_name_variant",0,TRUE,FALSE,TRUE,0.8,,,,,,,,,,,,
"r52198","2023-24","Albertus Magnus","Hannah Barrientos","wbb-013857","hannah barrientos","transfer_name_variant",0,FALSE,TRUE,TRUE,0.8,,,,,,,,,,,,
"r52775","2023-24","West Florida","Delaney Trushel","wbb-011434","delaney trushel","transfer_name_variant",0,TRUE,FALSE,TRUE,0.8,,,,,,,,,,,,
"r53304","2023-24","Utah Valley","Jenna Dick","wbb-016676","jenna dick","transfer_name_variant",0,TRUE,FALSE,TRUE,0.8,,,,,,,,,,,,
"r53803","2023-24","Academy of Art","Alba Rovira Ayuso","wbb-018105","alba rovira ayuso","transfer_name_variant",0,TRUE,FALSE,TRUE,0.8,,,,,,,,,,,,
"r53805","2023-24","Academy of Art","Yasmine Sifaoui","wbb-006614","yasmine sifaoui","transfer_name_variant",0,TRUE,FALSE,TRUE,0.8,,,,,,,,,,,,
"r53907","2023-24","California Baptist","Emily Sewell","wbb-015214","emily sewell","transfer_name_variant",0,TRUE,FALSE,TRUE,0.8,,,,,,,,,,,,
"r53913","2023-24","California Baptist","Nhug Bosch Duran","wbb-016029","nhug bosch duran","transfer_name_variant",0,TRUE,FALSE,TRUE,0.8,,,,,,,,,,,,
"r54301","2023-24","Cal St. San Marcos","Camille Johnson","wbb-007328","camille johnson","transfer_name_variant",0,TRUE,FALSE,TRUE,0.8,,,,,,,,,,,,
"r67880","2024-25","Lee","Mia Hurst","wbb-011973","mia hurst","same_team_name_variant",0,TRUE,FALSE,TRUE,0.8,,,,,,,,,,,,
"r67880","2024-25","Lee","Mia Hurst","wbb-026293","mia hurst","same_team_name_variant",0,TRUE,FALSE,TRUE,0.8,,,,,,,,,,,,
"r67881","2024-25","Lee","Mallory Hampton","wbb-011974","mallory hampton","same_team_name_variant",0,TRUE,FALSE,TRUE,0.8,,,,,,,,,,,,
"r67881","2024-25","Lee","Mallory Hampton","wbb-026294","mallory hampton","same_team_name_variant",0,TRUE,FALSE,TRUE,0.8,,,,,,,,,,,,
"r68711","2024-25","Fresno Pacific","Aaliyah Seuell","wbb-012636","aaliyah seuell","same_team_name_variant",0,TRUE,FALSE,TRUE,0.8,,,,,,,,,,,,
"r69458","2024-25","Centenary (LA)","Madison Davis","wbb-022524","madison davis","same_team_name_variant",0,TRUE,FALSE,TRUE,0.8,,,,,,,,,,,,
"r70130","2024-25","Christian Brothers","Haven Cooper","wbb-025300","haven cooper","same_team_name_variant",0,TRUE,FALSE,TRUE,0.8,,,,,,,,,,,,
"r70134","2024-25","Christian Brothers","Ever Walker","wbb-015735","ever walker","same_team_name_variant",0,TRUE,FALSE,TRUE,0.8,,,,,,,,,,,,
"r70596","2024-25","SUNY Delhi","Afsah Diabate","wbb-026735","afsah diabate","same_team_name_variant",0,FALSE,TRUE,TRUE,0.8,,,,,,,,,,,,
"r54779","2024-25","Appalachian State","Mara Neira","wbb-017960","mara neira","transfer_name_variant",0,TRUE,FALSE,TRUE,0.8,,,,,,,,,,,,
"r54784","2024-25","Appalachian State","Georgia Gray","wbb-023174","georgia gray","transfer_name_variant",0,TRUE,FALSE,TRUE,0.8,,,,,,,,,,,,
"r54848","2024-25","Arkansas-Little Rock","Perina Leime","wbb-013852","perina leime","transfer_name_variant",0,TRUE,FALSE,TRUE,0.8,,,,,,,,,,,,
"r55148","2024-25","Bemidji St.","Janette Hanni","wbb-018975","janette hanni","transfer_name_variant",0,TRUE,FALSE,TRUE,0.8,,,,,,,,,,,,
"r55420","2024-25","Bridgeport","Ana Gascon","wbb-020604","ana gascon","transfer_name_variant",0,TRUE,FALSE,TRUE,0.8,,,,,,,,,,,,
"r55683","2024-25","Cal State Bakersfield","Melissa Secchiaroli","wbb-016027","melissa secchiaroli","transfer_name_variant",0,TRUE,FALSE,TRUE,0.8,,,,,,,,,,,,
"r55720","2024-25","Fresno State","Holly Griffiths","wbb-024127","holly griffiths","transfer_name_variant",0,TRUE,FALSE,TRUE,0.8,,,,,,,,,,,,
"r55826","2024-25","UC Santa Barbara","Martha Pietsch","wbb-017640","martha pietsch","transfer_name_variant",0,TRUE,FALSE,TRUE,0.8,,,,,,,,,,,,
"r55882","2024-25","UC Davis","Sahana Kanagasabay","wbb-024190","sahana kanagasabay","transfer_name_variant",0,TRUE,FALSE,TRUE,0.8,,,,,,,,,,,,
"r55991","2024-25","Canisius","Jaela Johnson","wbb-013252","jaela johnson","transfer_name_variant",0,TRUE,FALSE,TRUE,0.8,,,,,,,,,,,,
"r55991","2024-25","Canisius","Jaela Johnson","wbb-016785","jaela johnson","transfer_name_variant",0,TRUE,FALSE,TRUE,0.8,,,,,,,,,,,,
"r55999","2024-25","Canisius","Franka Wittenberg","wbb-018116","franka wittenberg","transfer_name_variant",0,TRUE,FALSE,TRUE,0.8,,,,,,,,,,,,
"r56149","2024-25","Central (IA)","Gabby Moore","wbb-000458","gabby moore","transfer_name_variant",0,TRUE,FALSE,TRUE,0.8,,,,,,,,,,,,
"r56149","2024-25","Central (IA)","Gabby Moore","wbb-020397","gabby moore","transfer_name_variant",0,TRUE,FALSE,TRUE,0.8,,,,,,,,,,,,
"r56363","2024-25","Clemson","Summah Evans","wbb-010857","summah evans","transfer_name_variant",0,TRUE,FALSE,TRUE,0.8,,,,,,,,,,,,
"r56381","2024-25","Coastal Carolina","Emilia Tenbrock","wbb-001833","emilia tenbrock","transfer_name_variant",0,TRUE,FALSE,TRUE,0.8,,,,,,,,,,,,
"r56381","2024-25","Coastal Carolina","Emilia Tenbrock","wbb-023586","emilia tenbrock","transfer_name_variant",0,TRUE,FALSE,TRUE,0.8,,,,,,,,,,,,
"r56843","2024-25","Denver","Laia Monclova","wbb-023330","laia monclova","transfer_name_variant",0,TRUE,FALSE,TRUE,0.8,,,,,,,,,,,,
"r57083","2024-25","Eastern Illinois","Kiyley Flowers","wbb-016421","kiyley flowers","transfer_name_variant",0,TRUE,FALSE,TRUE,0.8,,,,,,,,,,,,
"r57083","2024-25","Eastern Illinois","Kiyley Flowers","wbb-017778","kiyley flowers","transfer_name_variant",0,FALSE,TRUE,TRUE,0.8,,,,,,,,,,,,
"r57348","2024-25","Evansville","Claudia Clement","wbb-025065","claudia clement","transfer_name_variant",0,TRUE,FALSE,TRUE,0.8,,,,,,,,,,,,
"r57375","2024-25","FDU-Florham","Kolby Lynch","wbb-016966","kolby lynch","transfer_name_variant",0,TRUE,FALSE,TRUE,0.8,,,,,,,,,,,,
"r57375","2024-25","FDU-Florham","Kolby Lynch","wbb-026039","kolby lynch","transfer_name_variant",0,TRUE,FALSE,TRUE,0.8,,,,,,,,,,,,
"r57448","2024-25","Florida A&M","Sabou Gueye","wbb-018336","sabou gueye","transfer_name_variant",0,TRUE,FALSE,TRUE,0.8,,,,,,,,,,,,
"r57767","2024-25","Georgia State","Clara Rosini","wbb-002324","clara rosini","transfer_name_variant",0,TRUE,FALSE,TRUE,0.8,,,,,,,,,,,,
"r57767","2024-25","Georgia State","Clara Rosini","wbb-014629","clara rosini","transfer_name_variant",0,TRUE,FALSE,TRUE,0.8,,,,,,,,,,,,
"r57835","2024-25","Gonzaga","Tayla Dalton","wbb-006923","tayla dalton","transfer_name_variant",0,TRUE,FALSE,TRUE,0.8,,,,,,,,,,,,
"r58237","2024-25","Cal Poly Humboldt","Andjela Pavicevic","wbb-016414","andjela pavicevic","transfer_name_variant",0,TRUE,FALSE,TRUE,0.8,,,,,,,,,,,,
"r58237","2024-25","Cal Poly Humboldt","Andjela Pavicevic","wbb-024381","andjela pavicevic","transfer_name_variant",0,TRUE,FALSE,TRUE,0.8,,,,,,,,,,,,
"r58243","2024-25","Cal Poly Humboldt","Shira Hagag","wbb-022736","shira hagag","transfer_name_variant",0,TRUE,FALSE,TRUE,0.8,,,,,,,,,,,,
"r58273","2024-25","Idaho St.","Ruby Sweeney-Spitzeck","wbb-018766","ruby sweeney spitzeck","transfer_name_variant",0,TRUE,FALSE,TRUE,0.8,,,,,,,,,,,,
"r58547","2024-25","Jacksonville","Priscilla Williams","wbb-017860","priscilla williams","transfer_name_variant",0,TRUE,FALSE,TRUE,0.8,,,,,,,,,,,,
"r58547","2024-25","Jacksonville","Priscilla Williams","wbb-024094","priscilla williams","transfer_name_variant",0,TRUE,FALSE,TRUE,0.8,,,,,,,,,,,,
"r59000","2024-25","Lewis","Mercy Lasu","wbb-025348","mercy lasu","transfer_name_variant",0,TRUE,FALSE,TRUE,0.8,,,,,,,,,,,,
"r59003","2024-25","Lewis","Ana Haklicka","wbb-001558","ana haklicka","transfer_name_variant",0,TRUE,FALSE,TRUE,0.8,,,,,,,,,,,,
"r59358","2024-25","Maine","Asta Blauenfeldt","wbb-018491","asta blauenfeldt","transfer_name_variant",0,TRUE,FALSE,TRUE,0.8,,,,,,,,,,,,
"r59844","2024-25","Michigan Tech","Janie Tormanen","wbb-019695","janie tormanen","transfer_name_variant",0,TRUE,FALSE,TRUE,0.8,,,,,,,,,,,,
"r60116","2024-25","Monmouth","Kemari Reynolds","wbb-006169","kemari reynolds","transfer_name_variant",0,FALSE,TRUE,TRUE,0.8,,,,,,,,,,,,
"r60116","2024-25","Monmouth","Kemari Reynolds","wbb-013396","kemari reynolds","transfer_name_variant",0,TRUE,FALSE,TRUE,0.8,,,,,,,,,,,,
"r60147","2024-25","Montana","Tyler McCliment-Call","wbb-015680","tyler mccliment call","transfer_name_variant",0,FALSE,TRUE,TRUE,0.8,,,,,,,,,,,,
"r60367","2024-25","UNC Greensboro","Jaila Lee","wbb-006820","jaila lee","transfer_name_variant",0,FALSE,TRUE,TRUE,0.8,,,,,,,,,,,,
"r60507","2024-25","New Hampshire","Sydney Lusher","wbb-014440","sydney lusher","transfer_name_variant",0,TRUE,FALSE,TRUE,0.8,,,,,,,,,,,,
"r60507","2024-25","New Hampshire","Sydney Lusher","wbb-023373","sydney lusher","transfer_name_variant",0,TRUE,FALSE,TRUE,0.8,,,,,,,,,,,,
"r60555","2024-25","New Mexico State","Diarrah Sissoko","wbb-024460","diarrah sissoko","transfer_name_variant",0,TRUE,FALSE,TRUE,0.8,,,,,,,,,,,,
"r60838","2024-25","Northeastern","Abby Jegede","wbb-024882","abby jegede","transfer_name_variant",0,TRUE,FALSE,TRUE,0.8,,,,,,,,,,,,
"r61226","2024-25","Oregon State","Catarina Ferreira","wbb-021516","catarina ferreira","transfer_name_variant",0,TRUE,FALSE,TRUE,0.8,,,,,,,,,,,,
"r61231","2024-25","Oregon State","Lucia Navarro","wbb-022955","lucia navarro","transfer_name_variant",0,TRUE,FALSE,TRUE,0.8,,,,,,,,,,,,
"r61244","2024-25","Oregon","Nani Falatea","wbb-013383","nani falatea","transfer_name_variant",0,TRUE,FALSE,TRUE,0.8,,,,,,,,,,,,
"r61244","2024-25","Oregon","Nani Falatea","wbb-017986","nani falatea","transfer_name_variant",0,TRUE,FALSE,TRUE,0.8,,,,,,,,,,,,
"r61431","2024-25","Pittsburgh","Khadija Faye","wbb-007959","khadija faye","transfer_name_variant",0,TRUE,FALSE,TRUE,0.8,,,,,,,,,,,,
"r61431","2024-25","Pittsburgh","Khadija Faye","wbb-017828","khadija faye","transfer_name_variant",0,TRUE,FALSE,TRUE,0.8,,,,,,,,,,,,
"r61779","2024-25","Rhode Island","Cia Eklöf","wbb-017892","cia eklof","transfer_name_variant",0,TRUE,FALSE,TRUE,0.8,,,,,,,,,,,,
"r61872","2024-25","Robert Morris","Raissa Nsabua","wbb-018141","raissa nsabua","transfer_name_variant",0,TRUE,FALSE,TRUE,0.8,,,,,,,,,,,,
"r62146","2024-25","St. John's","Jade Blagrove","wbb-007401","jade blagrove","transfer_name_variant",0,TRUE,FALSE,TRUE,0.8,,,,,,,,,,,,
"r62214","2024-25","Saint Louis","Marilena Triantafylli","wbb-024698","marilena triantafylli","transfer_name_variant",0,TRUE,FALSE,TRUE,0.8,,,,,,,,,,,,
"r62403","2024-25","Sam Houston State","Kyleigh McGuire","wbb-024768","kyleigh mcguire","transfer_name_variant",0,TRUE,FALSE,TRUE,0.8,,,,,,,,,,,,
"r62413","2024-25","Sam Houston State","Deborah Ogayemi","wbb-018602","deborah ogayemi","transfer_name_variant",0,TRUE,FALSE,TRUE,0.8,,,,,,,,,,,,
"r62482","2024-25","San Francisco","Emma Trawally Porta","wbb-013781","emma trawally porta","transfer_name_variant",0,TRUE,FALSE,TRUE,0.8,,,,,,,,,,,,
"r62493","2024-25","San Jose State","Djessira Diawara","wbb-023148","djessira diawara","transfer_name_variant",0,TRUE,FALSE,TRUE,0.8,,,,,,,,,,,,
"r62494","2024-25","San Jose State","Hennie Van Schaik","wbb-013452","hennie van schaik","transfer_name_variant",0,TRUE,FALSE,TRUE,0.8,,,,,,,,,,,,
"r62708","2024-25","South Alabama","Daniela Gonzalez","wbb-017864","daniela gonzalez","transfer_name_variant",0,TRUE,FALSE,TRUE,0.8,,,,,,,,,,,,
"r62732","2024-25","South Carolina St.","Angie Juste-Jean","wbb-013661","angie juste jean","transfer_name_variant",0,TRUE,FALSE,TRUE,0.8,,,,,,,,,,,,
"r62865","2024-25","Southern Conn. St.","Ally Sentance","wbb-018009","ally sentance","transfer_name_variant",0,TRUE,FALSE,TRUE,0.8,,,,,,,,,,,,
"r63449","2024-25","Towson","Masyn Marchbanks","wbb-015494","masyn marchbanks","transfer_name_variant",0,TRUE,FALSE,TRUE,0.8,,,,,,,,,,,,
"r63449","2024-25","Towson","Masyn Marchbanks","wbb-018440","masyn marchbanks","transfer_name_variant",0,TRUE,FALSE,TRUE,0.8,,,,,,,,,,,,
"r63449","2024-25","Towson","Masyn Marchbanks","wbb-024468","masyn marchbanks","transfer_name_variant",0,TRUE,FALSE,TRUE,0.8,,,,,,,,,,,,
"r63565","2024-25","Tuskegee","Alexandria Johnson","wbb-018894","alexandria johnson","transfer_name_variant",0,TRUE,FALSE,TRUE,0.8,,,,,,,,,,,,
"r63659","2024-25","Upper Iowa","Anna Soler","wbb-017956","anna soler","transfer_name_variant",0,TRUE,FALSE,TRUE,0.8,,,,,,,,,,,,
"r63882","2024-25","Wagner","Hawa Balde-Camara","wbb-026089","hawa balde camara","transfer_name_variant",0,TRUE,FALSE,TRUE,0.8,,,,,,,,,,,,
"r63883","2024-25","Wagner","Raneem Elbarky","wbb-020259","raneem elbarky","transfer_name_variant",0,TRUE,FALSE,TRUE,0.8,,,,,,,,,,,,
"r64030","2024-25","Weber State","Antoniette Emma-Nnopu","wbb-018574","antoniette emma nnopu","transfer_name_variant",0,TRUE,FALSE,TRUE,0.8,,,,,,,,,,,,
"r64425","2024-25","Winthrop","Nuria Cunill","wbb-002386","nuria cunill","transfer_name_variant",0,TRUE,FALSE,TRUE,0.8,,,,,,,,,,,,
"r64425","2024-25","Winthrop","Nuria Cunill","wbb-017964","nuria cunill","transfer_name_variant",0,TRUE,FALSE,TRUE,0.8,,,,,,,,,,,,
"r65675","2024-25","Lenoir-Rhyne","Vanessa Jurewicz","wbb-025086","vanessa jurewicz","transfer_name_variant",0,TRUE,FALSE,TRUE,0.8,,,,,,,,,,,,
"r66237","2024-25","West Liberty","Karli Anker","wbb-017384","karli anker","transfer_name_variant",0,FALSE,TRUE,TRUE,0.8,,,,,,,,,,,,
"r66237","2024-25","West Liberty","Karli Anker","wbb-019997","karli anker","transfer_name_variant",0,TRUE,FALSE,TRUE,0.8,,,,,,,,,,,,
"r67323","2024-25","West Florida","Rylie Stephens","wbb-002555","rylie stephens","transfer_name_variant",0,TRUE,FALSE,TRUE,0.8,,,,,,,,,,,,
"r67323","2024-25","West Florida","Rylie Stephens","wbb-015495","rylie stephens","transfer_name_variant",0,TRUE,FALSE,TRUE,0.8,,,,,,,,,,,,
"r67360","2024-25","Wheeling","Mah Minthe","wbb-024726","mah minthe","transfer_name_variant",0,TRUE,FALSE,TRUE,0.8,,,,,,,,,,,,
"r67743","2024-25","Concordia (TX)","Destiny Mathews","wbb-004280","destiny mathews","transfer_name_variant",0,TRUE,FALSE,TRUE,0.8,,,,,,,,,,,,
"r67743","2024-25","Concordia (TX)","Destiny Mathews","wbb-011097","destiny mathews","transfer_name_variant",0,TRUE,FALSE,TRUE,0.8,,,,,,,,,,,,
"r68152","2024-25","Cal St. Monterey Bay","Ella Doherty","wbb-015808","ella doherty","transfer_name_variant",0,TRUE,FALSE,TRUE,0.8,,,,,,,,,,,,
"r68613","2024-25","California Baptist","Emma Johansson","wbb-017863","emma johansson","transfer_name_variant",0,TRUE,FALSE,TRUE,0.8,,,,,,,,,,,,
"r68790","2024-25","Union (TN)","Jeremia Montgomery","wbb-016303","jeremia montgomery","transfer_name_variant",0,TRUE,FALSE,TRUE,0.8,,,,,,,,,,,,
"r68790","2024-25","Union (TN)","Jeremia Montgomery","wbb-018676","jeremia montgomery","transfer_name_variant",0,TRUE,FALSE,TRUE,0.8,,,,,,,,,,,,
"r68790","2024-25","Union (TN)","Jeremia Montgomery","wbb-025297","jeremia montgomery","transfer_name_variant",0,TRUE,FALSE,TRUE,0.8,,,,,,,,,,,,
"r68797","2024-25","Young Harris","Ivona Miljanic","wbb-018343","ivona miljanic","transfer_name_variant",0,TRUE,FALSE,TRUE,0.8,,,,,,,,,,,,
"r68820","2024-25","Houghton","Sam Barrett","wbb-000454","sam barrett","transfer_name_variant",0,FALSE,TRUE,TRUE,0.8,,,,,,,,,,,,
"r68820","2024-25","Houghton","Sam Barrett","wbb-020399","sam barrett","transfer_name_variant",0,FALSE,TRUE,TRUE,0.8,,,,,,,,,,,,
"r68820","2024-25","Houghton","Sam Barrett","wbb-022154","sam barrett","transfer_name_variant",0,FALSE,TRUE,TRUE,0.8,,,,,,,,,,,,
"r69067","2024-25","Belhaven","Kiersten Hudson","wbb-014744","kiersten hudson","transfer_name_variant",0,TRUE,FALSE,TRUE,0.8,,,,,,,,,,,,
"r69067","2024-25","Belhaven","Kiersten Hudson","wbb-023701","kiersten hudson","transfer_name_variant",0,TRUE,FALSE,TRUE,0.8,,,,,,,,,,,,
"r69160","2024-25","Purdue Northwest","Takiya Howard","wbb-007524","takiya howard","transfer_name_variant",0,FALSE,TRUE,TRUE,0.8,,,,,,,,,,,,
"r69160","2024-25","Purdue Northwest","Takiya Howard","wbb-014820","takiya howard","transfer_name_variant",0,TRUE,FALSE,TRUE,0.8,,,,,,,,,,,,
"r69261","2024-25","Jessup","Andrea Jovicevic","wbb-005302","andrea jovicevic","transfer_name_variant",0,TRUE,FALSE,TRUE,0.8,,,,,,,,,,,,
"r69312","2024-25","Spring Hill","Marta Duda","wbb-021429","marta duda","transfer_name_variant",0,TRUE,FALSE,TRUE,0.8,,,,,,,,,,,,
"r69352","2024-25","Alabama A&M","Maori Davenport","wbb-002907","maori davenport","transfer_name_variant",0,TRUE,FALSE,TRUE,0.8,,,,,,,,,,,,
"r69352","2024-25","Alabama A&M","Maori Davenport","wbb-018512","maori davenport","transfer_name_variant",0,FALSE,TRUE,TRUE,0.8,,,,,,,,,,,,
"r69440","2024-25","UC Irvine","Daniela Falcón Hernández","wbb-024856","daniela falcon hernandez","transfer_name_variant",0,TRUE,FALSE,TRUE,0.8,,,,,,,,,,,,
"r70026","2024-25","Virginia","Latasha Lattimore","wbb-015798","latasha lattimore","transfer_name_variant",0,TRUE,FALSE,TRUE,0.8,,,,,,,,,,,,
"r70035","2024-25","Weber State","Kaitlin Burgess","wbb-013314","kaitlin burgess","transfer_name_variant",0,TRUE,FALSE,TRUE,0.8,,,,,,,,,,,,
"r72768","2025-26","Colorado","JoJo Nworie","wbb-027606","jojo nworie","same_team_name_variant",0,FALSE,TRUE,TRUE,0.8,,,,,,,,,,,,
"r75119","2025-26","Kentucky St.","Amyah Adair-Mars","wbb-028502","amyah adair mars","same_team_name_variant",0,TRUE,FALSE,TRUE,0.8,,,,,,,,,,,,
"r85767","2025-26","Fresno Pacific","Aaliyah Seuell","wbb-001081","aaliyah seuell","same_team_name_variant",0,TRUE,FALSE,TRUE,0.8,,,,,,,,,,,,
"r85767","2025-26","Fresno Pacific","Aaliyah Seuell","wbb-012636","aaliyah seuell","same_team_name_variant",0,TRUE,FALSE,TRUE,0.8,,,,,,,,,,,,
"r85767","2025-26","Fresno Pacific","Aaliyah Seuell","wbb-026583","aaliyah seuell","same_team_name_variant",0,TRUE,FALSE,TRUE,0.8,,,,,,,,,,,,
"r85767","2025-26","Fresno Pacific","Aaliyah Seuell","wbb-032647","aaliyah seuell","same_team_name_variant",0,TRUE,FALSE,TRUE,0.8,,,,,,,,,,,,
"r70621","2025-26","Adelphi","Adout Ring","wbb-031265","adout ring","transfer_name_variant",0,TRUE,FALSE,TRUE,0.8,,,,,,,,,,,,
"r70710","2025-26","Alabama","Waiata Jennings","wbb-027024","waiata jennings","transfer_name_variant",0,TRUE,FALSE,TRUE,0.8,,,,,,,,,,,,
"r71022","2025-26","Arkansas","Maria Anais Rodriguez","wbb-029435","maria anais rodriguez","transfer_name_variant",0,TRUE,FALSE,TRUE,0.8,,,,,,,,,,,,
"r71088","2025-26","Auburn","Khady Leye","wbb-030303","khady leye","transfer_name_variant",0,TRUE,FALSE,TRUE,0.8,,,,,,,,,,,,
"r71147","2025-26","Augustana (SD)","Miranda Lomax","wbb-020128","miranda lomax","transfer_name_variant",0,TRUE,FALSE,TRUE,0.8,,,,,,,,,,,,
"r71147","2025-26","Augustana (SD)","Miranda Lomax","wbb-026799","miranda lomax","transfer_name_variant",0,TRUE,FALSE,TRUE,0.8,,,,,,,,,,,,
"r71184","2025-26","Austin Peay","Ines Gnahore","wbb-027372","ines gnahore","transfer_name_variant",0,TRUE,FALSE,TRUE,0.8,,,,,,,,,,,,
"r71301","2025-26","Baylor","Ella Brow","wbb-018469","ella brow","transfer_name_variant",0,TRUE,FALSE,TRUE,0.8,,,,,,,,,,,,
"r71445","2025-26","Bethune-Cookman","Alexandria Johnson","wbb-018894","alexandria johnson","transfer_name_variant",0,TRUE,FALSE,TRUE,0.8,,,,,,,,,,,,
"r71445","2025-26","Bethune-Cookman","Alexandria Johnson","wbb-030334","alexandria johnson","transfer_name_variant",0,TRUE,FALSE,TRUE,0.8,,,,,,,,,,,,
"r71529","2025-26","Boston College","Lily Carmody","wbb-027239","lily carmody","transfer_name_variant",0,TRUE,FALSE,TRUE,0.8,,,,,,,,,,,,
"r71620","2025-26","Bridgeport","Merci Turner","wbb-012956","merci turner","transfer_name_variant",0,FALSE,TRUE,TRUE,0.8,,,,,,,,,,,,
"r71620","2025-26","Bridgeport","Merci Turner","wbb-025788","merci turner","transfer_name_variant",0,TRUE,FALSE,TRUE,0.8,,,,,,,,,,,,
"r71893","2025-26","Cal State Bakersfield","Maria Dias","wbb-023167","maria dias","transfer_name_variant",0,TRUE,FALSE,TRUE,0.8,,,,,,,,,,,,
"r71922","2025-26","Fresno State","Ashlyn Rean","wbb-026790","ashlyn rean","transfer_name_variant",0,TRUE,FALSE,TRUE,0.8,,,,,,,,,,,,
"r71929","2025-26","Fresno State","Djessira Diawara","wbb-029960","djessira diawara","transfer_name_variant",0,TRUE,FALSE,TRUE,0.8,,,,,,,,,,,,
"r71989","2025-26","CSUN","Jite Gbemuotor","wbb-029028","jite gbemuotor","transfer_name_variant",0,TRUE,FALSE,TRUE,0.8,,,,,,,,,,,,
"r72002","2025-26","CSUN","Rita Nazário","wbb-029850","rita nazario","transfer_name_variant",0,TRUE,FALSE,TRUE,0.8,,,,,,,,,,,,
"r72006","2025-26","Sacramento State","Pinja Paananen","wbb-026916","pinja paananen","transfer_name_variant",0,TRUE,FALSE,TRUE,0.8,,,,,,,,,,,,
"r72039","2025-26","UC Santa Barbara","Zoe Shaw","wbb-029787","zoe shaw","transfer_name_variant",0,TRUE,FALSE,TRUE,0.8,,,,,,,,,,,,
"r72218","2025-26","Canisius","Evie van der Woude","wbb-022940","evie van der woude","transfer_name_variant",0,TRUE,FALSE,TRUE,0.8,,,,,,,,,,,,
"r72423","2025-26","Central Michigan","Zareia Chevre","wbb-004995","zareia chevre","transfer_name_variant",0,FALSE,TRUE,TRUE,0.8,,,,,,,,,,,,
"r72423","2025-26","Central Michigan","Zareia Chevre","wbb-017886","zareia chevre","transfer_name_variant",0,TRUE,FALSE,TRUE,0.8,,,,,,,,,,,,
"r72521","2025-26","Chris. Newport","Kendra Rigo","wbb-028438","kendra rigo","transfer_name_variant",0,FALSE,TRUE,TRUE,0.8,,,,,,,,,,,,
"r72619","2025-26","Clemson","Rusne Augustinaite","wbb-023019","rusne augustinaite","transfer_name_variant",0,TRUE,FALSE,TRUE,0.8,,,,,,,,,,,,
"r72634","2025-26","Cleveland State","Izabella Zingaro","wbb-029061","izabella zingaro","transfer_name_variant",0,TRUE,FALSE,TRUE,0.8,,,,,,,,,,,,
"r72768","2025-26","Colorado","JoJo Nworie","wbb-018200","jojo nworie","transfer_name_variant",0,TRUE,FALSE,TRUE,0.8,,,,,,,,,,,,
"r72783","2025-26","Columbia","Hilke Feldrappe","wbb-023728","hilke feldrappe","transfer_name_variant",0,TRUE,FALSE,TRUE,0.8,,,,,,,,,,,,
"r72798","2025-26","Columbus St.","Senali Moss","wbb-024661","senali moss","transfer_name_variant",0,TRUE,FALSE,TRUE,0.8,,,,,,,,,,,,
"r73143","2025-26","Denver","Ana Conde","wbb-030011","ana conde","transfer_name_variant",0,TRUE,FALSE,TRUE,0.8,,,,,,,,,,,,
"r73326","2025-26","East Tennessee State","Daniela López","wbb-025183","daniela lopez","transfer_name_variant",0,TRUE,FALSE,TRUE,0.8,,,,,,,,,,,,
"r73382","2025-26","Eastern Kentucky","Ella Bradley","wbb-019811","ella bradley","transfer_name_variant",0,TRUE,FALSE,TRUE,0.8,,,,,,,,,,,,
"r73385","2025-26","Eastern Kentucky","Joseana Vaz","wbb-021621","joseana vaz","transfer_name_variant",0,TRUE,FALSE,TRUE,0.8,,,,,,,,,,,,
"r73737","2025-26","Ferrum","Jezreel Reynolds","wbb-013956","jezreel reynolds","transfer_name_variant",0,TRUE,FALSE,TRUE,0.8,,,,,,,,,,,,
"r73737","2025-26","Ferrum","Jezreel Reynolds","wbb-033357","jezreel reynolds","transfer_name_variant",0,TRUE,FALSE,TRUE,0.8,,,,,,,,,,,,
"r73760","2025-26","Florida A&M","Breazia Robinson","wbb-013757","breazia robinson","transfer_name_variant",0,TRUE,FALSE,TRUE,0.8,,,,,,,,,,,,
"r74056","2025-26","Georgia Southern","Destiny Garrett","wbb-031018","destiny garrett","transfer_name_variant",0,TRUE,FALSE,TRUE,0.8,,,,,,,,,,,,
"r74086","2025-26","Georgia Tech","Jada Crawshaw","wbb-022407","jada crawshaw","transfer_name_variant",0,TRUE,FALSE,TRUE,0.8,,,,,,,,,,,,
"r74104","2025-26","Georgia","Vera Ojenuwa","wbb-026918","vera ojenuwa","transfer_name_variant",0,TRUE,FALSE,TRUE,0.8,,,,,,,,,,,,
"r74157","2025-26","Grambling","Alieghya Bartholomew","wbb-033068","alieghya bartholomew","transfer_name_variant",0,TRUE,FALSE,TRUE,0.8,,,,,,,,,,,,
"r74519","2025-26","Houston Christian","Remi Langmaid","wbb-031934","remi langmaid","transfer_name_variant",0,TRUE,FALSE,TRUE,0.8,,,,,,,,,,,,
"r74699","2025-26","Illinois","Gisela Segura","wbb-028663","gisela segura","transfer_name_variant",0,TRUE,FALSE,TRUE,0.8,,,,,,,,,,,,
"r74743","2025-26","Indiana State","Clemisha Prackett","wbb-022012","clemisha prackett","transfer_name_variant",0,TRUE,FALSE,TRUE,0.8,,,,,,,,,,,,
"r74992","2025-26","Johnson C. Smith","Somer Wilson","wbb-007346","somer wilson","transfer_name_variant",0,TRUE,FALSE,TRUE,0.8,,,,,,,,,,,,
"r75075","2025-26","Kean","Rae McClarty","wbb-020551","rae mcclarty","transfer_name_variant",0,TRUE,FALSE,TRUE,0.8,,,,,,,,,,,,
"r75509","2025-26","Long Island","Laura Molnarova","wbb-028432","laura molnarova","transfer_name_variant",0,TRUE,FALSE,TRUE,0.8,,,,,,,,,,,,
"r75617","2025-26","Loyola Marymount","Lova Lagerlid","wbb-027603","lova lagerlid","transfer_name_variant",0,TRUE,FALSE,TRUE,0.8,,,,,,,,,,,,
"r75622","2025-26","Loyola Marymount","Andjela Matic","wbb-018612","andjela matic","transfer_name_variant",0,TRUE,FALSE,TRUE,0.8,,,,,,,,,,,,
"r75628","2025-26","Loyola Marymount","Ana Milanovic","wbb-028951","ana milanovic","transfer_name_variant",0,TRUE,FALSE,TRUE,0.8,,,,,,,,,,,,
"r76068","2025-26","Memphis","Amauri Williams","wbb-021614","amauri williams","transfer_name_variant",0,TRUE,FALSE,TRUE,0.8,,,,,,,,,,,,
"r76216","2025-26","Miami Ohio","Clara Gonzalez Planella","wbb-028422","clara gonzalez planella","transfer_name_variant",0,TRUE,FALSE,TRUE,0.8,,,,,,,,,,,,
"r76466","2025-26","Mississippi","Latasha Lattimore","wbb-033210","latasha lattimore","transfer_name_variant",0,TRUE,FALSE,TRUE,0.8,,,,,,,,,,,,
"r76618","2025-26","Morehead State","Circe Rubio Remolar","wbb-022711","circe rubio remolar","transfer_name_variant",0,TRUE,FALSE,TRUE,0.8,,,,,,,,,,,,
"r77096","2025-26","Nicholls State","Sanaiya Morris","wbb-025428","sanaiya morris","transfer_name_variant",0,FALSE,TRUE,TRUE,0.8,,,,,,,,,,,,
"r77285","2025-26","Louisiana Monroe","Vanessa Schwarzmann","wbb-023076","vanessa schwarzmann","transfer_name_variant",0,TRUE,FALSE,TRUE,0.8,,,,,,,,,,,,
"r77317","2025-26","Northeastern","Andrea Martinez","wbb-025413","andrea martinez","transfer_name_variant",0,TRUE,FALSE,TRUE,0.8,,,,,,,,,,,,
"r77333","2025-26","Northern Arizona","Valentina Saric","wbb-018304","valentina saric","transfer_name_variant",0,TRUE,FALSE,TRUE,0.8,,,,,,,,,,,,
"r77356","2025-26","Northern Illinois","Teresa Mbemba","wbb-033264","teresa mbemba","transfer_name_variant",0,TRUE,FALSE,TRUE,0.8,,,,,,,,,,,,
"r77508","2025-26","Oakland","Filippa Goula","wbb-018458","filippa goula","transfer_name_variant",0,TRUE,FALSE,TRUE,0.8,,,,,,,,,,,,
"r77508","2025-26","Oakland","Filippa Goula","wbb-022594","filippa goula","transfer_name_variant",0,TRUE,FALSE,TRUE,0.8,,,,,,,,,,,,
"r77706","2025-26","Oregon State","Lizzy Williamson","wbb-007606","lizzy williamson","transfer_name_variant",0,TRUE,FALSE,TRUE,0.8,,,,,,,,,,,,
"r77714","2025-26","Oregon State","Néné Sow","wbb-017868","nene sow","transfer_name_variant",0,TRUE,FALSE,TRUE,0.8,,,,,,,,,,,,
"r77798","2025-26","Pacific","Winner Bartholomew","wbb-029692","winner bartholomew","transfer_name_variant",0,TRUE,FALSE,TRUE,0.8,,,,,,,,,,,,
"r78300","2025-26","Rhode Island","Valentina Ojeda","wbb-024884","valentina ojeda","transfer_name_variant",0,TRUE,FALSE,TRUE,0.8,,,,,,,,,,,,
"r78491","2025-26","Rutgers","Faith Blackstone","wbb-007798","faith blackstone","transfer_name_variant",0,TRUE,FALSE,TRUE,0.8,,,,,,,,,,,,
"r78491","2025-26","Rutgers","Faith Blackstone","wbb-030177","faith blackstone","transfer_name_variant",0,FALSE,TRUE,TRUE,0.8,,,,,,,,,,,,
"r78695","2025-26","Saint Joseph's (PA)","Faith Stinson","wbb-021618","faith stinson","transfer_name_variant",0,TRUE,FALSE,TRUE,0.8,,,,,,,,,,,,
"r79012","2025-26","San Francisco","Michelle Ugwah","wbb-023776","michelle ugwah","transfer_name_variant",0,TRUE,FALSE,TRUE,0.8,,,,,,,,,,,,
"r79016","2025-26","San Francisco","Candy Edokpaigbe","wbb-031328","candy edokpaigbe","transfer_name_variant",0,TRUE,FALSE,TRUE,0.8,,,,,,,,,,,,
"r79125","2025-26","Shaw","Constance Ogbeide","wbb-024521","constance ogbeide","transfer_name_variant",0,TRUE,FALSE,TRUE,0.8,,,,,,,,,,,,
"r79274","2025-26","South Carolina","Madina Okot","wbb-028997","madina okot","transfer_name_variant",0,TRUE,FALSE,TRUE,0.8,,,,,,,,,,,,
"r79344","2025-26","Southeast Missouri State","Raissa Nsabua","wbb-018141","raissa nsabua","transfer_name_variant",0,TRUE,FALSE,TRUE,0.8,,,,,,,,,,,,
"r79344","2025-26","Southeast Missouri State","Raissa Nsabua","wbb-029710","raissa nsabua","transfer_name_variant",0,TRUE,FALSE,TRUE,0.8,,,,,,,,,,,,
"r79424","2025-26","SIUE","Adriana Blazquez","wbb-029133","adriana blazquez","transfer_name_variant",0,TRUE,FALSE,TRUE,0.8,,,,,,,,,,,,
"r79467","2025-26","Southern Methodist","Mailien Rolf","wbb-026907","mailien rolf","transfer_name_variant",0,TRUE,FALSE,TRUE,0.8,,,,,,,,,,,,
"r79550","2025-26","Louisiana","Marina Artero","wbb-024362","marina artero","transfer_name_variant",0,TRUE,FALSE,TRUE,0.8,,,,,,,,,,,,
"r79680","2025-26","Stony Brook","Sandra Frau Garcia","wbb-023197","sandra frau garcia","transfer_name_variant",0,TRUE,FALSE,TRUE,0.8,,,,,,,,,,,,
"r79728","2025-26","Syracuse","Aurora Almón","wbb-023642","aurora almon","transfer_name_variant",0,TRUE,FALSE,TRUE,0.8,,,,,,,,,,,,
"r79891","2025-26","Texas Tech","Mariam Sanogo","wbb-027408","mariam sanogo","transfer_name_variant",0,TRUE,FALSE,TRUE,0.8,,,,,,,,,,,,
"r79986","2025-26","Toledo","Miriam Diala","wbb-028108","miriam diala","transfer_name_variant",0,TRUE,FALSE,TRUE,0.8,,,,,,,,,,,,
"r80081","2025-26","Tulane","Jordyn Weaver","wbb-011466","jordyn weaver","transfer_name_variant",0,FALSE,TRUE,TRUE,0.8,,,,,,,,,,,,
"r80081","2025-26","Tulane","Jordyn Weaver","wbb-015488","jordyn weaver","transfer_name_variant",0,FALSE,TRUE,TRUE,0.8,,,,,,,,,,,,
"r80212","2025-26","Upper Iowa","Ellie Foster","wbb-008961","ellie foster","transfer_name_variant",0,TRUE,FALSE,TRUE,0.8,,,,,,,,,,,,
"r80212","2025-26","Upper Iowa","Ellie Foster","wbb-018577","ellie foster","transfer_name_variant",0,TRUE,FALSE,TRUE,0.8,,,,,,,,,,,,
"r80326","2025-26","Vanderbilt","Aalyah Del Rosario","wbb-023434","aalyah del rosario","transfer_name_variant",0,TRUE,FALSE,TRUE,0.8,,,,,,,,,,,,
"r80378","2025-26","Virginia Commonwealth","Katarina Kneževic","wbb-026909","katarina knezevic","transfer_name_variant",0,TRUE,FALSE,TRUE,0.8,,,,,,,,,,,,
"r80445","2025-26","Virginia","Raiane Dias Dos Santos","wbb-028009","raiane dias dos santos","transfer_name_variant",0,TRUE,FALSE,TRUE,0.8,,,,,,,,,,,,
"r80448","2025-26","Virginia","Danelle Arigbabu","wbb-001154","danelle arigbabu","transfer_name_variant",0,TRUE,FALSE,TRUE,0.8,,,,,,,,,,,,
"r80448","2025-26","Virginia","Danelle Arigbabu","wbb-024981","danelle arigbabu","transfer_name_variant",0,TRUE,FALSE,TRUE,0.8,,,,,,,,,,,,
"r80614","2025-26","Weber State","Celestine Segretain","wbb-022423","celestine segretain","transfer_name_variant",0,TRUE,FALSE,TRUE,0.8,,,,,,,,,,,,
"r80695","2025-26","West Georgia","Georgia Gray","wbb-023174","georgia gray","transfer_name_variant",0,TRUE,FALSE,TRUE,0.8,,,,,,,,,,,,
"r80695","2025-26","West Georgia","Georgia Gray","wbb-026902","georgia gray","transfer_name_variant",0,TRUE,FALSE,TRUE,0.8,,,,,,,,,,,,
"r80911","2025-26","Wichita State","Sophie Benharouga","wbb-003112","sophie benharouga","transfer_name_variant",0,TRUE,FALSE,TRUE,0.8,,,,,,,,,,,,
"r81102","2025-26","Wisconsin","Gift Uchenna","wbb-030122","gift uchenna","transfer_name_variant",0,TRUE,FALSE,TRUE,0.8,,,,,,,,,,,,
"r81355","2025-26","Wright St.","Grace Okih","wbb-031559","grace okih","transfer_name_variant",0,TRUE,FALSE,TRUE,0.8,,,,,,,,,,,,
"r81367","2025-26","Wyoming","Henna Sandvik","wbb-017724","henna sandvik","transfer_name_variant",0,TRUE,FALSE,TRUE,0.8,,,,,,,,,,,,
"r81490","2025-26","Arkansas Tech","Perina Leime","wbb-013852","perina leime","transfer_name_variant",0,TRUE,FALSE,TRUE,0.8,,,,,,,,,,,,
"r81490","2025-26","Arkansas Tech","Perina Leime","wbb-026921","perina leime","transfer_name_variant",0,TRUE,FALSE,TRUE,0.8,,,,,,,,,,,,
"r81879","2025-26","D'Youville","Xanthippi Karatasiou","wbb-013536","xanthippi karatasiou","transfer_name_variant",0,TRUE,FALSE,TRUE,0.8,,,,,,,,,,,,
"r82108","2025-26","Grand Canyon","Holly Griffiths","wbb-027286","holly griffiths","transfer_name_variant",0,TRUE,FALSE,TRUE,0.8,,,,,,,,,,,,
"r82277","2025-26","Neb.-Kearney","Malgorzata Byczkowska","wbb-025704","malgorzata byczkowska","transfer_name_variant",0,TRUE,FALSE,TRUE,0.8,,,,,,,,,,,,
"r82291","2025-26","Kennesaw State","Fanta Daffe","wbb-024363","fanta daffe","transfer_name_variant",0,TRUE,FALSE,TRUE,0.8,,,,,,,,,,,,
"r82389","2025-26","Lincoln Memorial","Maleiya Hill","wbb-025530","maleiya hill","transfer_name_variant",0,TRUE,FALSE,TRUE,0.8,,,,,,,,,,,,
"r82459","2025-26","Mars Hill","Stella McIntyre","wbb-031847","stella mcintyre","transfer_name_variant",0,TRUE,FALSE,TRUE,0.8,,,,,,,,,,,,
"r82607","2025-26","Newberry","Daria Clet","wbb-019809","daria clet","transfer_name_variant",0,TRUE,FALSE,TRUE,0.8,,,,,,,,,,,,
"r82852","2025-26","St. Thomas Aquinas","Vega Gil","wbb-028533","vega gil","transfer_name_variant",0,TRUE,FALSE,TRUE,0.8,,,,,,,,,,,,
"r83030","2025-26","West Liberty","Ana-Isabel Andersson","wbb-026302","ana isabel andersson","transfer_name_variant",0,TRUE,FALSE,TRUE,0.8,,,,,,,,,,,,
"r83323","2025-26","Kansas City","Carleigh Andrews","wbb-018039","carleigh andrews","transfer_name_variant",0,FALSE,TRUE,TRUE,0.8,,,,,,,,,,,,
"r83323","2025-26","Kansas City","Carleigh Andrews","wbb-032326","carleigh andrews","transfer_name_variant",0,TRUE,FALSE,TRUE,0.8,,,,,,,,,,,,
"r83369","2025-26","Colorado St.-Pueblo","Ruby Sweeney-Spitzeck","wbb-018766","ruby sweeney spitzeck","transfer_name_variant",0,TRUE,FALSE,TRUE,0.8,,,,,,,,,,,,
"r83369","2025-26","Colorado St.-Pueblo","Ruby Sweeney-Spitzeck","wbb-028317","ruby sweeney spitzeck","transfer_name_variant",0,TRUE,FALSE,TRUE,0.8,,,,,,,,,,,,
"r83656","2025-26","McMurry","Briley Waters","wbb-033284","briley waters","transfer_name_variant",0,FALSE,TRUE,TRUE,0.8,,,,,,,,,,,,
"r84111","2025-26","Sage Colleges","Kyla Smith","wbb-019515","kyla smith","transfer_name_variant",0,TRUE,FALSE,TRUE,0.8,,,,,,,,,,,,
"r84126","2025-26","S.C. Aiken","Monique Emelifeonwu","wbb-026282","monique emelifeonwu","transfer_name_variant",0,TRUE,FALSE,TRUE,0.8,,,,,,,,,,,,
"r84128","2025-26","S.C. Aiken","Nika Kurdija","wbb-018613","nika kurdija","transfer_name_variant",0,TRUE,FALSE,TRUE,0.8,,,,,,,,,,,,
"r84133","2025-26","S.C. Aiken","Zenia Palaska","wbb-024880","zenia palaska","transfer_name_variant",0,TRUE,FALSE,TRUE,0.8,,,,,,,,,,,,
"r84448","2025-26","Salem (WV)","Batoul Khaleefah","wbb-027743","batoul khaleefah","transfer_name_variant",0,TRUE,FALSE,TRUE,0.8,,,,,,,,,,,,
"r84753","2025-26","A&M-Corpus Christi","Tamar voor de Poort","wbb-024346","tamar voor de poort","transfer_name_variant",0,TRUE,FALSE,TRUE,0.8,,,,,,,,,,,,
"r84799","2025-26","Lipscomb","Hannah Richardson","wbb-029788","hannah richardson","transfer_name_variant",0,TRUE,FALSE,TRUE,0.8,,,,,,,,,,,,
"r85076","2025-26","Palm Beach Atl.","Breeje Schuler","wbb-018093","breeje schuler","transfer_name_variant",0,TRUE,FALSE,TRUE,0.8,,,,,,,,,,,,
"r85209","2025-26","Seton Hill","Emma Steidle","wbb-024311","emma steidle","transfer_name_variant",0,TRUE,FALSE,TRUE,0.8,,,,,,,,,,,,
"r85335","2025-26","Point Park","Lucia Hervia","wbb-031798","lucia hervia","transfer_name_variant",0,TRUE,FALSE,TRUE,0.8,,,,,,,,,,,,
"r85654","2025-26","California Baptist","Paula Haw","wbb-022425","paula haw","transfer_name_variant",0,TRUE,FALSE,TRUE,0.8,,,,,,,,,,,,
"r85669","2025-26","Lindenwood (MO)","Noah Garcia","wbb-029221","noah garcia","transfer_name_variant",0,TRUE,FALSE,TRUE,0.8,,,,,,,,,,,,
"r85778","2025-26","Point Loma","Ruby Vlahov","wbb-024385","ruby vlahov","transfer_name_variant",0,TRUE,FALSE,TRUE,0.8,,,,,,,,,,,,
"r85783","2025-26","Point Loma","Izzy Navarro","wbb-026702","izzy navarro","transfer_name_variant",0,TRUE,FALSE,TRUE,0.8,,,,,,,,,,,,
"r86209","2025-26","Biola","Hanne Nybo","wbb-028619","hanne nybo","transfer_name_variant",0,TRUE,FALSE,TRUE,0.8,,,,,,,,,,,,
"r86271","2025-26","Warren Wilson","Candela Perez-Castellanos","wbb-019456","candela perez castellanos","transfer_name_variant",0,TRUE,FALSE,TRUE,0.8,,,,,,,,,,,,
"r86376","2025-26","Jessup","Claudia Jiménez","wbb-028760","claudia jimenez","transfer_name_variant",0,TRUE,FALSE,TRUE,0.8,,,,,,,,,,,,
"r86509","2026-27","Akron","Jessie Joaquim","wbb-035926","jessie joaquim","transfer_name_variant",0,TRUE,FALSE,TRUE,0.8,,,,,,,,,,,,
"r86514","2026-27","Akron","Ofir Parpara","wbb-029156","ofir parpara","transfer_name_variant",0,TRUE,FALSE,TRUE,0.8,,,,,,,,,,,,
"r86567","2026-27","UAB","Viktoria Ranisavljevic","wbb-036295","viktoria ranisavljevic","transfer_name_variant",0,TRUE,FALSE,TRUE,0.8,,,,,,,,,,,,
"r86575","2026-27","UAB","Emilia Dannebauer","wbb-030282","emilia dannebauer","transfer_name_variant",0,TRUE,FALSE,TRUE,0.8,,,,,,,,,,,,
"r86590","2026-27","Alas. Anchorage","Amber Kartchner","wbb-013384","amber kartchner","transfer_name_variant",0,TRUE,FALSE,TRUE,0.8,,,,,,,,,,,,
"r86607","2026-27","Alas. Fairbanks","Denae Skelton","wbb-030380","denae skelton","transfer_name_variant",0,TRUE,FALSE,TRUE,0.8,,,,,,,,,,,,
"r86805","2026-27","Arkansas-Little Rock","Tyla Fautua","wbb-036275","tyla fautua","transfer_name_variant",0,TRUE,FALSE,TRUE,0.8,,,,,,,,,,,,
"r86996","2026-27","Barry","Dominique Garcia Blackwood","wbb-018104","dominique garcia blackwood","transfer_name_variant",0,TRUE,FALSE,TRUE,0.8,,,,,,,,,,,,
"r86997","2026-27","Barry","Sarah Racaud","wbb-034525","sarah racaud","transfer_name_variant",0,TRUE,FALSE,TRUE,0.8,,,,,,,,,,,,
"r87005","2026-27","Barry","Jovana Nikolic","wbb-030762","jovana nikolic","transfer_name_variant",0,TRUE,FALSE,TRUE,0.8,,,,,,,,,,,,
"r87108","2026-27","Binghamton","Emma Hákonardóttir","wbb-026817","emma hakonardottir","transfer_name_variant",0,TRUE,FALSE,TRUE,0.8,,,,,,,,,,,,
"r87133","2026-27","Boise State","Grace Foster","wbb-030382","grace foster","transfer_name_variant",0,TRUE,FALSE,TRUE,0.8,,,,,,,,,,,,
"r87234","2026-27","Brigham Young","Liza Astakhova","wbb-035846","liza astakhova","transfer_name_variant",0,TRUE,FALSE,TRUE,0.8,,,,,,,,,,,,
"r87474","2026-27","CSUN","Hodaya Kabada","wbb-035882","hodaya kabada","transfer_name_variant",0,TRUE,FALSE,TRUE,0.8,,,,,,,,,,,,
"r87623","2026-27","UC Riverside","Amy Pateman","wbb-036764","amy pateman","transfer_name_variant",0,TRUE,FALSE,TRUE,0.8,,,,,,,,,,,,
"r87779","2026-27","Central Florida","Candace Kpetikou","wbb-024931","candace kpetikou","transfer_name_variant",0,TRUE,FALSE,TRUE,0.8,,,,,,,,,,,,
"r87783","2026-27","Central Florida","Vittoria Blasigh","wbb-024570","vittoria blasigh","transfer_name_variant",0,TRUE,FALSE,TRUE,0.8,,,,,,,,,,,,
"r88037","2026-27","Colorado St.","Sophie Sene","wbb-015306","sophie sene","transfer_name_variant",0,TRUE,FALSE,TRUE,0.8,,,,,,,,,,,,
"r88048","2026-27","Colorado","Anete Adler","wbb-018419","anete adler","transfer_name_variant",0,TRUE,FALSE,TRUE,0.8,,,,,,,,,,,,
"r88077","2026-27","Columbus St.","Stella McIntyre","wbb-031847","stella mcintyre","transfer_name_variant",0,TRUE,FALSE,TRUE,0.8,,,,,,,,,,,,
"r88077","2026-27","Columbus St.","Stella McIntyre","wbb-038206","stella mcintyre","transfer_name_variant",0,TRUE,FALSE,TRUE,0.8,,,,,,,,,,,,
"r88319","2026-27","Detroit Mercy","Paula Lopez","wbb-022347","paula lopez","transfer_name_variant",0,TRUE,FALSE,TRUE,0.8,,,,,,,,,,,,
"r88455","2026-27","Eastern Illinois","Lana Koricanac","wbb-037171","lana koricanac","transfer_name_variant",0,TRUE,FALSE,TRUE,0.8,,,,,,,,,,,,
"r88525","2026-27","Eastern N.M.","Cacia Antonio","wbb-035922","cacia antonio","transfer_name_variant",0,TRUE,FALSE,TRUE,0.8,,,,,,,,,,,,
"r88975","2026-27","Georgia Tech","Penda Dieng","wbb-037687","penda dieng","transfer_name_variant",0,TRUE,FALSE,TRUE,0.8,,,,,,,,,,,,
"r89239","2026-27","Idaho St.","Bojana Radnjic","wbb-027337","bojana radnjic","transfer_name_variant",0,TRUE,FALSE,TRUE,0.8,,,,,,,,,,,,
"r89252","2026-27","Idaho St.","Lilly Parke","wbb-019950","lilly parke","transfer_name_variant",0,TRUE,FALSE,TRUE,0.8,,,,,,,,,,,,
"r89361","2026-27","Illinois-Chicago","Salma Khedr","wbb-030555","salma khedr","transfer_name_variant",0,TRUE,FALSE,TRUE,0.8,,,,,,,,,,,,
"r89436","2026-27","UIndy","Andjela Colic","wbb-032529","andjela colic","transfer_name_variant",0,TRUE,FALSE,TRUE,0.8,,,,,,,,,,,,
"r89473","2026-27","Iowa State","Gift Ezekiel","wbb-034683","gift ezekiel","transfer_name_variant",0,TRUE,FALSE,TRUE,0.8,,,,,,,,,,,,
"r89634","2026-27","Kansas State","Téa Cléante","wbb-036292","tea cleante","transfer_name_variant",0,TRUE,FALSE,TRUE,0.8,,,,,,,,,,,,
"r89694","2026-27","Kentucky","Jemma Amoore","wbb-027323","jemma amoore","transfer_name_variant",0,TRUE,FALSE,TRUE,0.8,,,,,,,,,,,,
"r89920","2026-27","Lincoln (MO)","Whitney Smith","wbb-018237","sydni smith","transfer_name_variant",0.200207,TRUE,TRUE,FALSE,0.8,,,,,,,,,,,,
"r90021","2026-27","Loyola Marymount","Erica Finney","wbb-035013","erica finney","transfer_name_variant",0,TRUE,FALSE,TRUE,0.8,,,,,,,,,,,,
"r90031","2026-27","Loyola-Chicago","Mireia Jurado","wbb-033541","mireia jurado","transfer_name_variant",0,TRUE,FALSE,TRUE,0.8,,,,,,,,,,,,
"r90036","2026-27","Loyola-Chicago","Vasiliki Cholopoulou","wbb-034266","vasiliki cholopoulou","transfer_name_variant",0,TRUE,FALSE,TRUE,0.8,,,,,,,,,,,,
"r90037","2026-27","Loyola-Chicago","Hailey Johnson","wbb-020696","hailey johnson","transfer_name_variant",0,TRUE,FALSE,TRUE,0.8,,,,,,,,,,,,
"r90037","2026-27","Loyola-Chicago","Hailey Johnson","wbb-034442","hailey johnson","transfer_name_variant",0,TRUE,FALSE,TRUE,0.8,,,,,,,,,,,,
"r90163","2026-27","Marquette","Yu Han Lin","wbb-035661","yu han lin","transfer_name_variant",0,TRUE,FALSE,TRUE,0.8,,,,,,,,,,,,
"r90322","2026-27","Massachusetts","Alba Caballero","wbb-033641","alba caballero","transfer_name_variant",0,TRUE,FALSE,TRUE,0.8,,,,,,,,,,,,
"r90336","2026-27","McNeese State","Mariam Coulibaly","wbb-027123","mariam coulibaly","transfer_name_variant",0,TRUE,FALSE,TRUE,0.8,,,,,,,,,,,,
"r90437","2026-27","Merrimack","Naomi Wilson","wbb-037564","naomi wilson","transfer_name_variant",0,TRUE,FALSE,TRUE,0.8,,,,,,,,,,,,
"r90439","2026-27","Merrimack","Emma Dibarboure","wbb-037468","emma dibarboure","transfer_name_variant",0,TRUE,FALSE,TRUE,0.8,,,,,,,,,,,,
"r90501","2026-27","Miami","Dayana Mendes","wbb-030481","dayana mendes","transfer_name_variant",0,TRUE,FALSE,TRUE,0.8,,,,,,,,,,,,
"r90560","2026-27","Middle Tennessee","Elisa Mehyar","wbb-029465","elisa mehyar","transfer_name_variant",0,TRUE,FALSE,TRUE,0.8,,,,,,,,,,,,
"r90862","2026-27","Morgan St.","Mercy Lasu","wbb-025348","mercy lasu","transfer_name_variant",0,TRUE,FALSE,TRUE,0.8,,,,,,,,,,,,
"r90862","2026-27","Morgan St.","Mercy Lasu","wbb-028603","mercy lasu","transfer_name_variant",0,TRUE,FALSE,TRUE,0.8,,,,,,,,,,,,
"r91005","2026-27","Nebraska","Arek Angui","wbb-027495","arek angui","transfer_name_variant",0,TRUE,FALSE,TRUE,0.8,,,,,,,,,,,,
"r91009","2026-27","Nebraska","Edessa Noyan","wbb-024906","edessa noyan","transfer_name_variant",0,TRUE,FALSE,TRUE,0.8,,,,,,,,,,,,
"r91107","2026-27","New Haven","Carla Ramirez","wbb-037818","carla ramirez","transfer_name_variant",0,TRUE,FALSE,TRUE,0.8,,,,,,,,,,,,
"r91110","2026-27","New Haven","Claudia Lazaro-Carrasco","wbb-036516","claudia lazaro carrasco","transfer_name_variant",0,TRUE,FALSE,TRUE,0.8,,,,,,,,,,,,
"r91123","2026-27","New Jersey Institute of Technology","Matilde Baron","wbb-020578","matilde baron","transfer_name_variant",0,TRUE,FALSE,TRUE,0.8,,,,,,,,,,,,
"r91136","2026-27","New Mexico State","Aimée Michel","wbb-036496","aimee michel","transfer_name_variant",0,TRUE,FALSE,TRUE,0.8,,,,,,,,,,,,
"r91137","2026-27","New Mexico State","Lilyana Fontcha","wbb-036495","lilyana fontcha","transfer_name_variant",0,TRUE,FALSE,TRUE,0.8,,,,,,,,,,,,
"r91139","2026-27","New Mexico State","Raina Tomasicka","wbb-030086","raina tomasicka","transfer_name_variant",0,TRUE,FALSE,TRUE,0.8,,,,,,,,,,,,
"r91173","2026-27","Niagara","Violeta Rojas","wbb-033639","violeta rojas","transfer_name_variant",0,TRUE,FALSE,TRUE,0.8,,,,,,,,,,,,
"r91257","2026-27","NC State","Khady Leye","wbb-033575","khady leye","transfer_name_variant",0,TRUE,FALSE,TRUE,0.8,,,,,,,,,,,,
"r91378","2026-27","Northeastern","Anja Bukvic","wbb-020282","anja bukvic","transfer_name_variant",0,TRUE,FALSE,TRUE,0.8,,,,,,,,,,,,
"r91385","2026-27","Northeastern","Summer Bostock","wbb-023553","summer bostock","transfer_name_variant",0,TRUE,FALSE,TRUE,0.8,,,,,,,,,,,,
"r91602","2026-27","Oklahoma State","Yuting Deng","wbb-026936","yuting deng","transfer_name_variant",0,TRUE,FALSE,TRUE,0.8,,,,,,,,,,,,
"r91603","2026-27","Oklahoma State","Nene Ndiaye","wbb-022276","nene ndiaye","transfer_name_variant",0,TRUE,FALSE,TRUE,0.8,,,,,,,,,,,,
"r91716","2026-27","Pacific","JoJo Nworie","wbb-018200","jojo nworie","transfer_name_variant",0,TRUE,FALSE,TRUE,0.8,,,,,,,,,,,,
"r91716","2026-27","Pacific","JoJo Nworie","wbb-034262","jojo nworie","transfer_name_variant",0,TRUE,FALSE,TRUE,0.8,,,,,,,,,,,,
"r91729","2026-27","Pacific","Yana Karamfilova","wbb-030085","yana karamfilova","transfer_name_variant",0,TRUE,FALSE,TRUE,0.8,,,,,,,,,,,,
"r91764","2026-27","Penn State","Petra Božan","wbb-029174","petra bozan","transfer_name_variant",0,TRUE,FALSE,TRUE,0.8,,,,,,,,,,,,
"r92066","2026-27","Rhode Island","Anaïs Levasseur","wbb-033467","anais levasseur","transfer_name_variant",0,TRUE,FALSE,TRUE,0.8,,,,,,,,,,,,
"r92069","2026-27","Rhode Island","Martina Borrellas","wbb-026818","martina borrellas","transfer_name_variant",0,TRUE,FALSE,TRUE,0.8,,,,,,,,,,,,
"r92075","2026-27","Rhode Island","Queen Ikhiuwu","wbb-024809","queen ikhiuwu","transfer_name_variant",0,TRUE,FALSE,TRUE,0.8,,,,,,,,,,,,
"r92346","2026-27","St. John's","Asia Donald","wbb-023200","asia donald","transfer_name_variant",0,TRUE,FALSE,TRUE,0.8,,,,,,,,,,,,
"r92346","2026-27","St. John's","Asia Donald","wbb-037430","asia donald","transfer_name_variant",0,FALSE,TRUE,TRUE,0.8,,,,,,,,,,,,
"r92417","2026-27","Saint Mary's (CA)","Lihi Azouri","wbb-036911","lihi azouri","transfer_name_variant",0,TRUE,FALSE,TRUE,0.8,,,,,,,,,,,,
"r92541","2026-27","San Diego State","Nayli Padilla","wbb-029225","nayli padilla","transfer_name_variant",0,TRUE,FALSE,TRUE,0.8,,,,,,,,,,,,
"r92571","2026-27","San Francisco","Jayda Queeley","wbb-036323","jayda queeley","transfer_name_variant",0,TRUE,FALSE,TRUE,0.8,,,,,,,,,,,,
"r92580","2026-27","San Francisco","Lucia Yenes","wbb-018339","lucia yenes","transfer_name_variant",0,TRUE,FALSE,TRUE,0.8,,,,,,,,,,,,
"r92587","2026-27","San Jose State","Cristina Sánchez Cerqueira","wbb-022117","cristina sanchez cerqueira","transfer_name_variant",0,TRUE,FALSE,TRUE,0.8,,,,,,,,,,,,
"r92591","2026-27","San Jose State","Isa Hämäläinen","wbb-034259","isa hamalainen","transfer_name_variant",0,TRUE,FALSE,TRUE,0.8,,,,,,,,,,,,
"r92605","2026-27","Santa Clara","Emma Najjuma","wbb-035925","emma najjuma","transfer_name_variant",0,TRUE,FALSE,TRUE,0.8,,,,,,,,,,,,
"r92608","2026-27","Santa Clara","Joana Magalhaes","wbb-029226","joana magalhaes","transfer_name_variant",0,TRUE,FALSE,TRUE,0.8,,,,,,,,,,,,
"r92762","2026-27","South Carolina St.","Adena Webster","wbb-030225","adena webster","transfer_name_variant",0,TRUE,FALSE,TRUE,0.8,,,,,,,,,,,,
"r92978","2026-27","Texas State","Sofia Ceppellotti","wbb-029275","sofia ceppellotti","transfer_name_variant",0,TRUE,FALSE,TRUE,0.8,,,,,,,,,,,,
"r92983","2026-27","Texas State","Lucija Milkovic","wbb-023729","lucija milkovic","transfer_name_variant",0,TRUE,FALSE,TRUE,0.8,,,,,,,,,,,,
"r93035","2026-27","Stetson","Sofia Moschen","wbb-033772","sofia moschen","transfer_name_variant",0,TRUE,FALSE,TRUE,0.8,,,,,,,,,,,,
"r93059","2026-27","Stony Brook","Raiane Dias Dos Santos","wbb-028009","raiane dias dos santos","transfer_name_variant",0,TRUE,FALSE,TRUE,0.8,,,,,,,,,,,,
"r93059","2026-27","Stony Brook","Raiane Dias Dos Santos","wbb-037328","raiane dias dos santos","transfer_name_variant",0,TRUE,FALSE,TRUE,0.8,,,,,,,,,,,,
"r93112","2026-27","Tennessee St.","Nandinkhusel Nyamjav","wbb-034663","nandinkhusel nyamjav","transfer_name_variant",0,TRUE,FALSE,TRUE,0.8,,,,,,,,,,,,
"r93530","2026-27","Utah","Olivia Bradley","wbb-022431","olivia bradley","transfer_name_variant",0,TRUE,FALSE,TRUE,0.8,,,,,,,,,,,,
"r93531","2026-27","Utah","Filipa Barros","wbb-017655","filipa barros","transfer_name_variant",0,TRUE,FALSE,TRUE,0.8,,,,,,,,,,,,
"r93533","2026-27","Utah","Laia Conesa","wbb-023290","laia conesa","transfer_name_variant",0,TRUE,FALSE,TRUE,0.8,,,,,,,,,,,,
"r93546","2026-27","Valdosta St.","Monna Julkunen","wbb-028125","monna julkunen","transfer_name_variant",0,TRUE,FALSE,TRUE,0.8,,,,,,,,,,,,
"r93564","2026-27","Valparaiso","Maddie Vejsicky","wbb-021519","maddie vejsicky","transfer_name_variant",0,FALSE,TRUE,TRUE,0.8,,,,,,,,,,,,
"r93564","2026-27","Valparaiso","Maddie Vejsicky","wbb-026766","maddie vejsicky","transfer_name_variant",0,TRUE,FALSE,TRUE,0.8,,,,,,,,,,,,
"r94057","2026-27","Green Bay","Elisa Mevius","wbb-020915","elisa mevius","transfer_name_variant",0,TRUE,FALSE,TRUE,0.8,,,,,,,,,,,,
"r94210","2026-27","Wyoming","Ophelia Powell","wbb-033901","ophelia powell","transfer_name_variant",0,TRUE,FALSE,TRUE,0.8,,,,,,,,,,,,
"r94227","2026-27","Xavier","Maria Anais Rodriguez","wbb-029435","maria anais rodriguez","transfer_name_variant",0,TRUE,FALSE,TRUE,0.8,,,,,,,,,,,,
"r94227","2026-27","Xavier","Maria Anais Rodriguez","wbb-033547","maria anais rodriguez","transfer_name_variant",0,TRUE,FALSE,TRUE,0.8,,,,,,,,,,,,
"r94235","2026-27","Xavier","Hila Karsh","wbb-036402","hila karsh","transfer_name_variant",0,TRUE,FALSE,TRUE,0.8,,,,,,,,,,,,
"r94254","2026-27","Yale","Cloe Vecina","wbb-029467","cloe vecina","transfer_name_variant",0,TRUE,FALSE,TRUE,0.8,,,,,,,,,,,,
"r94735","2026-27","Francis Marion","Mykey Avni","wbb-031581","mykey avni","transfer_name_variant",0,TRUE,FALSE,TRUE,0.8,,,,,,,,,,,,
"r94753","2026-27","Gardner-Webb","Circe Rubio Remolar","wbb-022711","circe rubio remolar","transfer_name_variant",0,TRUE,FALSE,TRUE,0.8,,,,,,,,,,,,
"r94753","2026-27","Gardner-Webb","Circe Rubio Remolar","wbb-035788","circe rubio remolar","transfer_name_variant",0,TRUE,FALSE,TRUE,0.8,,,,,,,,,,,,
"r95046","2026-27","Mars Hill","Aquarius Pettaway","wbb-038857","aquarius pettaway","transfer_name_variant",0,TRUE,FALSE,TRUE,0.8,,,,,,,,,,,,
"r95058","2026-27","Midwestern St.","Elina Syniakova","wbb-028683","elina syniakova","transfer_name_variant",0,TRUE,FALSE,TRUE,0.8,,,,,,,,,,,,
"r95134","2026-27","Newberry","Blanche Toualeu","wbb-039520","blanche toualeu","transfer_name_variant",0,TRUE,FALSE,TRUE,0.8,,,,,,,,,,,,
"r95215","2026-27","Presbyterian College","Fiona Diomande","wbb-030606","fiona diomande","transfer_name_variant",0,TRUE,FALSE,TRUE,0.8,,,,,,,,,,,,
"r95505","2026-27","Western Ore.","Malaya LeSueur","wbb-022391","malaya lesueur","transfer_name_variant",0,TRUE,FALSE,TRUE,0.8,,,,,,,,,,,,
"r95694","2026-27","IUPUI","Hailee Brennen","wbb-022933","hailee brennen","transfer_name_variant",0,FALSE,TRUE,TRUE,0.8,,,,,,,,,,,,
"r95694","2026-27","IUPUI","Hailee Brennen","wbb-035929","hailee brennen","transfer_name_variant",0,TRUE,FALSE,TRUE,0.8,,,,,,,,,,,,
"r95713","2026-27","Kansas City","Remi-Hope Drantmann","wbb-035593","remi hope drantmann","transfer_name_variant",0,TRUE,FALSE,TRUE,0.8,,,,,,,,,,,,
"r95749","2026-27","Colorado St.-Pueblo","Jaz Salon","wbb-022826","jaz salon","transfer_name_variant",0,TRUE,FALSE,TRUE,0.8,,,,,,,,,,,,
"r95845","2026-27","Roosevelt","Angelika Girgenson","wbb-030241","angelika girgenson","transfer_name_variant",0,TRUE,FALSE,TRUE,0.8,,,,,,,,,,,,
"r95849","2026-27","Roosevelt","Eirini Chatzinikoli","wbb-034504","eirini chatzinikoli","transfer_name_variant",0,TRUE,FALSE,TRUE,0.8,,,,,,,,,,,,
"r96206","2026-27","North Greenville","Ahtiana Benway","wbb-026601","ahtiana benway","transfer_name_variant",0,TRUE,FALSE,TRUE,0.8,,,,,,,,,,,,
"r96236","2026-27","UC-Colo. Springs","Aaliyah Holmes","wbb-029086","aaliyah holmes","transfer_name_variant",0,TRUE,FALSE,TRUE,0.8,,,,,,,,,,,,
"r96236","2026-27","UC-Colo. Springs","Aaliyah Holmes","wbb-035638","aaliyah holmes","transfer_name_variant",0,FALSE,TRUE,TRUE,0.8,,,,,,,,,,,,
"r96288","2026-27","Colo. Christian","Flora Lukow","wbb-037913","flora lukow","transfer_name_variant",0,TRUE,FALSE,TRUE,0.8,,,,,,,,,,,,
"r96297","2026-27","Colo. Christian","Irene Fernández Pavesio","wbb-035790","irene fernandez pavesio","transfer_name_variant",0,TRUE,FALSE,TRUE,0.8,,,,,,,,,,,,
"r97165","2026-27","Ark.-Fort Smith","Natalia Fanjul","wbb-034410","natalia fanjul","transfer_name_variant",0,TRUE,FALSE,TRUE,0.8,,,,,,,,,,,,
"r97322","2026-27","California Baptist","Sienna Grieger","wbb-036788","sienna grieger","transfer_name_variant",0,TRUE,FALSE,TRUE,0.8,,,,,,,,,,,,
"r97379","2026-27","South Dakota Mines","Léa-line Romain","wbb-027857","lea line romain","transfer_name_variant",0,TRUE,FALSE,TRUE,0.8,,,,,,,,,,,,
"r97389","2026-27","South Dakota Mines","Camila Bozan","wbb-024290","camila bozan","transfer_name_variant",0,TRUE,FALSE,TRUE,0.8,,,,,,,,,,,,
"r97430","2026-27","Fresno Pacific","Maeve Connell","wbb-038914","maeve connell","transfer_name_variant",0,TRUE,FALSE,TRUE,0.8,,,,,,,,,,,,
"r97695","2026-27","Okla. Baptist","Mireia Casas","wbb-035749","mireia casas","transfer_name_variant",0,TRUE,FALSE,TRUE,0.8,,,,,,,,,,,,
"r97744","2026-27","Purdue Northwest","Saher Alizada","wbb-037138","saher alizada","transfer_name_variant",0,TRUE,FALSE,TRUE,0.8,,,,,,,,,,,,
"r97780","2026-27","Edward Waters","Santianna Davy","wbb-033588","santianna davy","transfer_name_variant",0,TRUE,FALSE,TRUE,0.8,,,,,,,,,,,,
"r76541","2025-26","Monmouth","Tessa Carman","wbb-017634","ally carman","transfer_name_variant",0.20202,TRUE,TRUE,FALSE,0.799,,,,,,,,,,,,
"r79654","2025-26","Stockton","Bre Evans","wbb-017729","amaya b evans","transfer_name_variant",0.401709,TRUE,TRUE,TRUE,0.799,,,,,,,,,,,,
"r87087","2026-27","Bethany (WV)","Jersey Hicks","wbb-035422","piper hicks","transfer_name_variant",0.20202,TRUE,TRUE,FALSE,0.799,,,,,,,,,,,,
"r81253","2025-26","Wisconsin-Superior","Dakota Soltis","wbb-015407","taylor soltis","transfer_name_variant",0.203846,TRUE,TRUE,FALSE,0.798,,,,,,,,,,,,
"r48052","2023-24","Salve Regina","Jordan Furlong","wbb-008766","colleen furlong","transfer_name_variant",0.206349,TRUE,TRUE,FALSE,0.797,,,,,,,,,,,,
"r72518","2025-26","Chris. Newport","Kaycee Doughty","wbb-024608","campbell doughty","transfer_name_variant",0.205898,TRUE,TRUE,FALSE,0.797,,,,,,,,,,,,
"r82756","2025-26","Rockhurst","Alexis Schroeder","wbb-004686","mariah schroeder","transfer_name_variant",0.208333,TRUE,TRUE,FALSE,0.796,,,,,,,,,,,,
"r45563","2023-24","Michigan Tech","Dani Nuest","wbb-013285","courtney nuest","transfer_name_variant",0.409524,TRUE,TRUE,TRUE,0.795,,,,,,,,,,,,
"r76276","2025-26","Middle Tennessee","Kirston Verhulst","wbb-001513","ashton verhulst","transfer_name_variant",0.209509,TRUE,TRUE,FALSE,0.795,,,,,,,,,,,,
"r89589","2026-27","Johnson C. Smith","Egypt Moore-Coleman","wbb-035127","egypt moore colman","same_team_name_variant",0.010526,TRUE,FALSE,TRUE,0.795,,,,,,,,,,,,
"r44831","2023-24","West Alabama","Adrianna Djokovic","wbb-017942","adriana djokovic","transfer_name_variant",0.011765,TRUE,FALSE,TRUE,0.794,,,,,,,,,,,,
"r88965","2026-27","Georgia State","Ana Oliveria Dias","wbb-031521","ana oliveira dias","transfer_name_variant",0.011765,FALSE,TRUE,TRUE,0.794,,,,,,,,,,,,
"r34780","2022-23","Holy Names","Ani Tu'utafavia","wbb-012821","ani tu utafaiva","same_team_name_variant",0.013333,TRUE,FALSE,TRUE,0.793,,,,,,,,,,,,
"r14851","2021-22","Cleveland State","Gabriella Smith","wbb-001521","jahari smith","transfer_name_variant",0.216667,TRUE,TRUE,FALSE,0.792,,,,,,,,,,,,
"r50210","2023-24","Wisconsin-Whitewater","Camryn Nies","wbb-009086","josie nies","transfer_name_variant",0.415152,TRUE,TRUE,TRUE,0.792,,,,,,,,,,,,
"r54245","2023-24","Bryn Athyn","Brittney Fils","wbb-011634","britney fils","transfer_name_variant",0.015385,TRUE,FALSE,TRUE,0.792,,,,,,,,,,,,
"r69029","2024-25","Southern Wesleyan","Asia Pearley","wbb-026690","asia pearly","same_team_name_variant",0.016667,TRUE,FALSE,TRUE,0.792,,,,,,,,,,,,
"r70489","2024-25","Mitchell","Tanai Williams","wbb-019866","tania williams","same_team_name_variant",0.016667,TRUE,FALSE,TRUE,0.792,,,,,,,,,,,,
"r67281","2024-25","Colorado Mesa","Sophia Sabus","wbb-019264","saya sabus","transfer_name_variant",0.21625,TRUE,TRUE,FALSE,0.792,,,,,,,,,,,,
"r69180","2024-25","SUNY Delhi","Riley Schmidt","wbb-013310","nickole schmidt","transfer_name_variant",0.215929,TRUE,TRUE,FALSE,0.792,,,,,,,,,,,,
"r84903","2025-26","Purchase","Kelly Schmidt","wbb-013310","nickole schmidt","transfer_name_variant",0.215929,TRUE,TRUE,FALSE,0.792,,,,,,,,,,,,
"r96681","2026-27","A&M-Corpus Christi","Carmen Sánchez-Ramos","wbb-009234","alba sanchez ramos","transfer_name_variant",0.216667,TRUE,TRUE,FALSE,0.792,,,,,,,,,,,,
"r43450","2023-24","Franklin & Marshall","Kayla McCrea","wbb-005043","madelyn mccrea","transfer_name_variant",0.21746,TRUE,TRUE,FALSE,0.791,,,,,,,,,,,,
"r66075","2024-25","Schreiner","Bell Martinez","wbb-021313","bel martinez","transfer_name_variant",0.017949,TRUE,FALSE,TRUE,0.791,,,,,,,,,,,,
"r66075","2024-25","Schreiner","Bell Martinez","wbb-023493","bel martinez","transfer_name_variant",0.017949,TRUE,FALSE,TRUE,0.791,,,,,,,,,,,,
"r22548","2021-22","Wisconsin-Stout","Elissa Lodermeier","wbb-008903","sydney lodermeier","transfer_name_variant",0.220965,TRUE,TRUE,FALSE,0.79,,,,,,,,,,,,
"r45267","2023-24","Mary Washington","Jenna Steadman","wbb-001596","ashley steadman","transfer_name_variant",0.220924,TRUE,TRUE,FALSE,0.79,,,,,,,,,,,,
"r62762","2024-25","South Dakota","Gabby Wilke","wbb-024858","matyson wilke","transfer_name_variant",0.219114,TRUE,TRUE,FALSE,0.79,,,,,,,,,,,,
"r94644","2026-27","Emporia St.","Jamie Gallatly","wbb-033903","jaime gallatly","transfer_name_variant",0.019048,TRUE,FALSE,TRUE,0.79,,,,,,,,,,,,
"r24302","2021-22","Arkansas-Pine Bluff","Kaila Walker","wbb-010783","kalia walker","same_team_name_variant",0.022222,FALSE,TRUE,TRUE,0.789,,,,,,,,,,,,
"r37365","2022-23","Shippensburg","Megan Cavoli","wbb-010776","julia cavoli","transfer_name_variant",0.222222,TRUE,TRUE,FALSE,0.789,,,,,,,,,,,,
"r40377","2022-23","Wis. Lutheran","Katie Krause","wbb-006644","amber krause","transfer_name_variant",0.222222,TRUE,TRUE,FALSE,0.789,,,,,,,,,,,,
"r46075","2023-24","North Carolina","Ciera Toomey","wbb-006592","victoria toomey","transfer_name_variant",0.222727,TRUE,TRUE,FALSE,0.789,,,,,,,,,,,,
"r61360","2024-25","Penn St.-Behrend","Ella Garrity","wbb-022841","hope garrity","transfer_name_variant",0.222222,TRUE,TRUE,FALSE,0.789,,,,,,,,,,,,
"r75879","2025-26","Mary Washington","Emma Terry","wbb-020298","kayla terry","transfer_name_variant",0.221212,TRUE,TRUE,FALSE,0.789,,,,,,,,,,,,
"r88736","2026-27","Florida Atlantic","Juju Leroux","wbb-025376","ava leroux","transfer_name_variant",0.221212,TRUE,TRUE,FALSE,0.789,,,,,,,,,,,,
"r91030","2026-27","Omaha","Ava Markowski","wbb-014867","alexis markowski","transfer_name_variant",0.221722,TRUE,TRUE,FALSE,0.789,,,,,,,,,,,,
"r53500","2023-24","Newman","Valeriya Lioukina","wbb-019888","valerija lioukina","same_team_name_variant",0.023529,TRUE,FALSE,TRUE,0.788,,,,,,,,,,,,
"r56813","2024-25","Delta St.","Rafalia Stergaki","wbb-015519","rafailia stergaki","transfer_name_variant",0.024265,TRUE,FALSE,TRUE,0.788,,,,,,,,,,,,
"r64072","2024-25","Wentworth","Taylor Garabedian","wbb-021363","alyssa garabedian","transfer_name_variant",0.22479,TRUE,TRUE,FALSE,0.788,,,,,,,,,,,,
"r46818","2023-24","Ohio Northern","Kayly Fetters","wbb-020662","kaylynn fetters","same_team_name_variant",0.026667,FALSE,TRUE,TRUE,0.787,,,,,,,,,,,,
"r45675","2023-24","Millsaps","Garin Freeman","wbb-013667","arin freeman","transfer_name_variant",0.025641,TRUE,FALSE,TRUE,0.787,,,,,,,,,,,,
"r84190","2025-26","Queens (NC)","Tamar Kopilevich","wbb-033312","tamar kopilevech","same_team_name_variant",0.025,TRUE,FALSE,TRUE,0.787,,,,,,,,,,,,
"r38703","2022-23","Southwestern Okla.","Morgan Smith","wbb-006501","morgan r smith","same_team_name_variant",0.028571,TRUE,FALSE,TRUE,0.786,,,,,,,,,,,,
"r40788","2023-24","American International","Rhaymi Porter","wbb-013540","rhay porter","transfer_name_variant",0.030769,TRUE,FALSE,TRUE,0.785,,,,,,,,,,,,
"r69254","2024-25","USC Beaufort","Arie'a Garrett","wbb-011805","ariea garrett","transfer_name_variant",0.02967,TRUE,FALSE,TRUE,0.785,,,,,,,,,,,,
"r77071","2025-26","Niagara","Tamari'a Rumph","wbb-023783","tamaria rumph","transfer_name_variant",0.02967,TRUE,FALSE,TRUE,0.785,,,,,,,,,,,,
"r92672","2026-27","Shippensburg","Alivia McCaskell","wbb-033473","camille mccaskell","transfer_name_variant",0.230675,TRUE,TRUE,FALSE,0.785,,,,,,,,,,,,
"r55828","2024-25","UC Santa Barbara","Malani Mastora","wbb-007218","malia mastora","transfer_name_variant",0.034615,TRUE,FALSE,TRUE,0.783,,,,,,,,,,,,
"r67604","2024-25","Chestnut Hill","Anaisah Malone","wbb-009333","taliyah malone","transfer_name_variant",0.233766,TRUE,TRUE,FALSE,0.783,,,,,,,,,,,,
"r34222","2022-23","Seton Hill","Maria Morales","wbb-015908","marta morales","transfer_name_variant",0.035897,TRUE,FALSE,TRUE,0.782,,,,,,,,,,,,
"r73105","2025-26","Delaware","Safi Kolliegbo","wbb-026013","safiatu kolliegbo","transfer_name_variant",0.035294,TRUE,FALSE,TRUE,0.782,,,,,,,,,,,,
"r42299","2023-24","Clarkson","Emma Chambers","wbb-007304","sarah chambers","transfer_name_variant",0.238828,TRUE,TRUE,FALSE,0.781,,,,,,,,,,,,
"r45574","2023-24","Michigan","Macy Brown","wbb-006788","olivia brown","transfer_name_variant",0.238889,TRUE,TRUE,FALSE,0.781,,,,,,,,,,,,
"r55537","2024-25","Bucknell","Hope Masonius","wbb-000380","addie masonius","transfer_name_variant",0.238828,TRUE,TRUE,FALSE,0.781,,,,,,,,,,,,
"r55595","2024-25","Butler","Lily Zeinstra","wbb-019584","avery zeinstra","transfer_name_variant",0.238828,TRUE,TRUE,FALSE,0.781,,,,,,,,,,,,
"r67606","2024-25","Chestnut Hill","Angel Sanders","wbb-012412","angela sanders","transfer_name_variant",0.037363,TRUE,FALSE,TRUE,0.781,,,,,,,,,,,,
"r83942","2025-26","Missouri Western","Jada Smith","wbb-001530","cierra smith","transfer_name_variant",0.238889,TRUE,TRUE,FALSE,0.781,,,,,,,,,,,,
"r85238","2025-26","Saint Vincent","Carmella McDole","wbb-023050","alexa mcdole","transfer_name_variant",0.237879,TRUE,TRUE,FALSE,0.781,,,,,,,,,,,,
"r56743","2024-25","DePaul","Angelina Smith","wbb-001521","jahari smith","transfer_name_variant",0.239418,TRUE,TRUE,FALSE,0.78,,,,,,,,,,,,
"r19675","2021-22","Providence","Audrey Koch","wbb-001941","emma koch","transfer_name_variant",0.242905,TRUE,TRUE,FALSE,0.779,,,,,,,,,,,,
"r40954","2023-24","Augsburg","Wakinyela Bear","wbb-020312","wakinyala bear","same_team_name_variant",0.043956,FALSE,TRUE,TRUE,0.778,,,,,,,,,,,,
"r62235","2024-25","Saint Mary's (CA)","Zeryhia Aokuso","wbb-024386","zeryhia lee aokuso","same_team_name_variant",0.044444,TRUE,FALSE,TRUE,0.778,,,,,,,,,,,,
"r69361","2024-25","Alcorn State","Nakia Cheatman","wbb-000172","nakia cheatham","same_team_name_variant",0.043956,TRUE,FALSE,TRUE,0.778,,,,,,,,,,,,
"r92765","2026-27","South Carolina St.","Alexis Murphy","wbb-036879","alexcia murphy","same_team_name_variant",0.043956,TRUE,FALSE,TRUE,0.778,,,,,,,,,,,,
"r49343","2023-24","Utah","Matyson Wilke","wbb-016073","maty wilke","transfer_name_variant",0.046154,TRUE,FALSE,TRUE,0.777,,,,,,,,,,,,
"r50077","2023-24","Milwaukee","Jorey Buwalda","wbb-020778","presley buwalda","transfer_name_variant",0.246232,TRUE,TRUE,FALSE,0.777,,,,,,,,,,,,
"r71818","2025-26","Butler","Anna Wypych","wbb-023648","alyssa wypych","transfer_name_variant",0.246853,TRUE,TRUE,FALSE,0.777,,,,,,,,,,,,
"r76993","2025-26","New Mexico State","Iyana Beh","wbb-015973","isis beh","transfer_name_variant",0.245833,TRUE,TRUE,FALSE,0.777,,,,,,,,,,,,
"r26913","2022-23","Chicago State","Tae'lor Willard","wbb-002968","taelor willard","transfer_name_variant",0.048889,FALSE,TRUE,TRUE,0.776,,,,,,,,,,,,
"r44380","2023-24","Jacksonville","BRE'YANNA FRAZIER","wbb-001515","breyanna frazier","transfer_name_variant",0.050184,TRUE,FALSE,TRUE,0.775,,,,,,,,,,,,
"r56238","2024-25","Chicago State","Ja'Cia Cunningham","wbb-017664","jacia cunningham","same_team_name_variant",0.04902,TRUE,FALSE,TRUE,0.775,,,,,,,,,,,,
"r57777","2024-25","Georgia Tech","Zoesha 'Zoe' Smith","wbb-002902","zoesha smith","transfer_name_variant",0.05,TRUE,FALSE,TRUE,0.775,,,,,,,,,,,,
"r70272","2024-25","Whitworth","Addison Gallatin","wbb-009522","kinslee gallatin","transfer_name_variant",0.25,TRUE,TRUE,FALSE,0.775,,,,,,,,,,,,
"r91824","2026-27","Pittsburgh","Jamisen Hill","wbb-025293","jami hill","transfer_name_variant",0.05,FALSE,TRUE,TRUE,0.775,,,,,,,,,,,,
"r58749","2024-25","Kentucky St.","Jeana Weatherspoon","wbb-023306","jeana witherspoon","same_team_name_variant",0.052737,TRUE,FALSE,TRUE,0.774,,,,,,,,,,,,
"r66466","2024-25","Hawaii Pacific","MaryKate King","wbb-014295","mary kate king","transfer_name_variant",0.052747,TRUE,FALSE,TRUE,0.774,,,,,,,,,,,,
"r32868","2022-23","Elmira","Kelsey Stewart","wbb-001646","molly stewart","transfer_name_variant",0.25549500000000003,TRUE,TRUE,FALSE,0.772,,,,,,,,,,,,
"r94833","2026-27","Harding","Karstyn Scrivner","wbb-037741","kennedi scrivner","transfer_name_variant",0.255682,TRUE,TRUE,FALSE,0.772,,,,,,,,,,,,
"r13107","2021-22","Adelphi","Ali Lister","wbb-011256","leighanna lister","transfer_name_variant",0.258333,TRUE,TRUE,FALSE,0.771,,,,,,,,,,,,
"r48161","2023-24","Santa Clara","Maddie Naro","wbb-000755","mary kay naro","transfer_name_variant",0.258142,TRUE,TRUE,FALSE,0.771,,,,,,,,,,,,
"r59693","2024-25","Mercy","Caitlin Leary","wbb-016656","erin leary","transfer_name_variant",0.257372,TRUE,TRUE,FALSE,0.771,,,,,,,,,,,,
"r67109","2024-25","North Greenville","Ja’Mari Frederick","wbb-020055","jamari frederick","transfer_name_variant",0.057353,TRUE,FALSE,TRUE,0.771,,,,,,,,,,,,
"r70162","2024-25","Georgia College","Cam James","wbb-022123","camryn james","transfer_name_variant",0.058333,TRUE,FALSE,TRUE,0.771,,,,,,,,,,,,
"r74545","2025-26","Howard","Dally Moreno","wbb-024675","dallysshya moreno","transfer_name_variant",0.058824,TRUE,FALSE,TRUE,0.771,,,,,,,,,,,,
"r78475","2025-26","Rose-Hulman","Kaia Peterson","wbb-023530","kayla peterson","transfer_name_variant",0.058608,FALSE,TRUE,TRUE,0.771,,,,,,,,,,,,
"r57361","2024-25","Fairfield","Julia Karpell","wbb-002710","sarah karpell","transfer_name_variant",0.260684,TRUE,TRUE,FALSE,0.77,,,,,,,,,,,,
"r84796","2025-26","Lipscomb","Hope Counts","wbb-021549","maria counts","transfer_name_variant",0.260101,TRUE,TRUE,FALSE,0.77,,,,,,,,,,,,
"r93195","2026-27","Texas A&M","Jayda Porter","wbb-038731","elli porter","transfer_name_variant",0.260101,TRUE,TRUE,FALSE,0.77,,,,,,,,,,,,
"r61036","2024-25","Oakland","Dani Grim","wbb-004637","danielle grim","transfer_name_variant",0.061538,TRUE,FALSE,TRUE,0.769,,,,,,,,,,,,
"r61036","2024-25","Oakland","Dani Grim","wbb-014475","danielle grim","transfer_name_variant",0.061538,FALSE,TRUE,TRUE,0.769,,,,,,,,,,,,
"r68051","2024-25","Mitchell","Nanda Sanchez","wbb-019863","fernanda sanchez","transfer_name_variant",0.0625,TRUE,FALSE,TRUE,0.769,,,,,,,,,,,,
"r76613","2025-26","Morehead State","Kate Dike","wbb-033150","kateryna dike","same_team_name_variant",0.061538,TRUE,FALSE,TRUE,0.769,,,,,,,,,,,,
"r68529","2024-25","Academy of Art","Christy Ojide Boiko","wbb-012451","christy ojide","same_team_name_variant",0.063158,TRUE,FALSE,TRUE,0.768,,,,,,,,,,,,
"r68808","2024-25","Young Harris","Parehuia Delamere","wbb-026617","parahuia delamere","same_team_name_variant",0.063909,TRUE,FALSE,TRUE,0.768,,,,,,,,,,,,
"r59723","2024-25","Meredith","Pam Mock","wbb-011662","pamela mock","transfer_name_variant",0.063636,TRUE,FALSE,TRUE,0.768,,,,,,,,,,,,
"r88763","2026-27","FIU","Paula Acin","wbb-023404","claudia acin","transfer_name_variant",0.264815,TRUE,TRUE,FALSE,0.768,,,,,,,,,,,,
"r92393","2026-27","Saint Leo","Kynadee Britton","wbb-038965","kynna britton","transfer_name_variant",0.064615,TRUE,FALSE,TRUE,0.768,,,,,,,,,,,,
"r21351","2021-22","Texas Christian","Knisha Godfrey","wbb-004901","kn isha godfrey","transfer_name_variant",0.065397,TRUE,FALSE,TRUE,0.767,,,,,,,,,,,,
"r50769","2023-24","D'Youville","Isabella Kostyal-Larrier","wbb-018718","isabella kostyal","same_team_name_variant",0.066667,TRUE,FALSE,TRUE,0.767,,,,,,,,,,,,
"r66110","2024-25","Southern Ark.","Te'Quaza Chambers","wbb-025690","tequaza chambers","same_team_name_variant",0.065686,TRUE,FALSE,TRUE,0.767,,,,,,,,,,,,
"r55343","2024-25","Bowdoin","Grace Kinum","wbb-006173","katie kinum","transfer_name_variant",0.265152,TRUE,TRUE,FALSE,0.767,,,,,,,,,,,,
"r63802","2024-25","Villanova","Dani Ceseretti","wbb-018555","grace ceseretti","transfer_name_variant",0.266378,TRUE,TRUE,FALSE,0.767,,,,,,,,,,,,
"r83222","2025-26","Arkansas-Pine Bluff","Jailah Pelly","wbb-033279","jailah perry","same_team_name_variant",0.066667,TRUE,FALSE,TRUE,0.767,,,,,,,,,,,,
"r82494","2025-26","Midwestern St.","Da'Lonna Choice","wbb-019386","dalonna choice","transfer_name_variant",0.065397,TRUE,FALSE,TRUE,0.767,,,,,,,,,,,,
"r94799","2026-27","Grand Canyon","Nyadieng Yiech","wbb-034679","nyadieng nidi yiech","transfer_name_variant",0.066917,TRUE,FALSE,TRUE,0.767,,,,,,,,,,,,
"r97841","2026-27","Jessup","Mirella Boshell-Fernandes","wbb-040172","mirella fernandes boshell","same_team_name_variant",0.068,TRUE,FALSE,TRUE,0.766,,,,,,,,,,,,
"r29779","2022-23","Saint Francis (PA)","Julianna Gibson","wbb-007063","catherine gibson","transfer_name_variant",0.269444,TRUE,TRUE,FALSE,0.765,,,,,,,,,,,,
"r67763","2024-25","Penn St.-Altoona","Addy Nardolillo","wbb-015297","angelina nardolillo","transfer_name_variant",0.270526,TRUE,TRUE,FALSE,0.765,,,,,,,,,,,,
"r89863","2026-27","LeMoyne-Owen","De'Asia Coffee","wbb-035304","deasia coffee","same_team_name_variant",0.07033,TRUE,FALSE,TRUE,0.765,,,,,,,,,,,,
"r90858","2026-27","Morgan St.","Janaya Meyers","wbb-035993","ja naya meyers","transfer_name_variant",0.07033,TRUE,FALSE,TRUE,0.765,,,,,,,,,,,,
"r67218","2024-25","Chatham","Zeli Rodriguez","wbb-016994","zelimar rodriguez","same_team_name_variant",0.071008,TRUE,FALSE,TRUE,0.764,,,,,,,,,,,,
"r60147","2024-25","Montana","Tyler McCliment-Call","wbb-006311","jacksen mccliment call","transfer_name_variant",0.272159,TRUE,TRUE,FALSE,0.764,,,,,,,,,,,,
"r96558","2026-27","Chestnut Hill","Bryanna Hicks","wbb-026351","bry hicks","same_team_name_variant",0.071795,TRUE,FALSE,TRUE,0.764,,,,,,,,,,,,
"r90244","2026-27","Maryland-Eastern Shore","Mak Moore","wbb-036574","makylah moore","transfer_name_variant",0.071795,FALSE,TRUE,TRUE,0.764,,,,,,,,,,,,
"r52092","2023-24","Colorado St.-Pueblo","Alisha Davis-Little","wbb-005714","alisha davis","same_team_name_variant",0.073684,TRUE,FALSE,TRUE,0.763,,,,,,,,,,,,
"r54641","2024-25","Alcorn State","Maya Hunkin-Claytor","wbb-000179","maya claytor","same_team_name_variant",0.073684,TRUE,FALSE,TRUE,0.763,,,,,,,,,,,,
"r63821","2024-25","Virginia Commonwealth","Lucía Sotelo","wbb-024887","lucia sotelo miguez","same_team_name_variant",0.073684,TRUE,FALSE,TRUE,0.763,,,,,,,,,,,,
"r65717","2024-25","Marian (WI)","Kennedy Fuelling","wbb-020661","kenzie fuelling","transfer_name_variant",0.074861,TRUE,FALSE,TRUE,0.763,,,,,,,,,,,,
"r67070","2024-25","Mo. Southern St.","Ava Pautz","wbb-017411","alivia pautz","transfer_name_variant",0.075,TRUE,FALSE,TRUE,0.763,,,,,,,,,,,,
"r17573","2021-22","Manhattan","Becca Wilson","wbb-001888","rebecca wilson","transfer_name_variant",0.075397,TRUE,FALSE,TRUE,0.762,,,,,,,,,,,,
"r43623","2023-24","Georgia State","Crystal Henderson","wbb-010871","carly henderson","transfer_name_variant",0.075294,TRUE,FALSE,TRUE,0.762,,,,,,,,,,,,
"r41333","2023-24","Bloomsburg","Paige Sevrain","wbb-004670","sydney sevrain","transfer_name_variant",0.277167,TRUE,TRUE,FALSE,0.761,,,,,,,,,,,,
"r49349","2023-24","Utah","Samantha Crispe","wbb-018499","sam crispe","transfer_name_variant",0.077778,TRUE,FALSE,TRUE,0.761,,,,,,,,,,,,
"r49385","2023-24","Vanderbilt","Aga Makurat","wbb-001875","anna makurat","transfer_name_variant",0.077273,TRUE,FALSE,TRUE,0.761,,,,,,,,,,,,
"r64798","2024-25","Adams St.","Ri'Ahana Davis","wbb-016178","riahana davis","same_team_name_variant",0.080586,FALSE,TRUE,TRUE,0.76,,,,,,,,,,,,
"r70121","2024-25","Catawba","Natalie Lara Fuertes","wbb-025258","natalie lara","same_team_name_variant",0.08,TRUE,FALSE,TRUE,0.76,,,,,,,,,,,,
"r57203","2024-25","Elizabeth City St.","Ja'yah King-Johnson","wbb-011183","jayah king johnson","transfer_name_variant",0.080702,TRUE,FALSE,TRUE,0.76,,,,,,,,,,,,
"r77177","2025-26","North Carolina Central","TeKeyah Bland","wbb-023154","te keyah bland","transfer_name_variant",0.080586,TRUE,FALSE,TRUE,0.76,,,,,,,,,,,,
"r83948","2025-26","Missouri Western","Tamesha Dozier","wbb-022910","tamesha mae dozier","transfer_name_variant",0.080159,TRUE,FALSE,TRUE,0.76,,,,,,,,,,,,
"r34782","2022-23","Holy Names","Samantha Zambrano","wbb-017498","samantha lemay zambrano","same_team_name_variant",0.081586,TRUE,FALSE,TRUE,0.759,,,,,,,,,,,,
"r50439","2023-24","Arkansas Tech","Elana Lijo","wbb-018365","elena lijo","transfer_name_variant",0.082963,TRUE,FALSE,TRUE,0.759,,,,,,,,,,,,
"r63802","2024-25","Villanova","Dani Ceseretti","wbb-001438","bella ceseretti","transfer_name_variant",0.28153,TRUE,TRUE,FALSE,0.759,,,,,,,,,,,,
"r72134","2025-26","UCLA","Lena Bilić","wbb-010478","tonia bilic","transfer_name_variant",0.282576,TRUE,TRUE,FALSE,0.759,,,,,,,,,,,,
"r88691","2026-27","Fayetteville St.","Armani Reid","wbb-025064","ar mani reid","transfer_name_variant",0.082828,TRUE,FALSE,TRUE,0.759,,,,,,,,,,,,
"r91493","2026-27","Northwestern State","Becca Milon","wbb-029051","rebecca milon","transfer_name_variant",0.081585,TRUE,FALSE,TRUE,0.759,,,,,,,,,,,,
"r50947","2023-24","Gardner-Webb","Anaya Harris","wbb-020482","elisa harris","transfer_name_variant",0.284722,TRUE,TRUE,FALSE,0.758,,,,,,,,,,,,
"r61810","2024-25","Richmond","Sam Dewey","wbb-017721","samantha dewey","transfer_name_variant",0.083333,FALSE,TRUE,TRUE,0.758,,,,,,,,,,,,
"r67181","2024-25","USC Upstate","Ava Miller","wbb-013804","anna miller","transfer_name_variant",0.084545,TRUE,FALSE,TRUE,0.758,,,,,,,,,,,,
"r70139","2024-25","D'Youville","Kaitlyn Mankins","wbb-019906","abby mankins","transfer_name_variant",0.283333,TRUE,TRUE,FALSE,0.758,,,,,,,,,,,,
"r77793","2025-26","Pacific","Nyah Lowery","wbb-008568","nia lowery","transfer_name_variant",0.084545,TRUE,FALSE,TRUE,0.758,,,,,,,,,,,,
"r95190","2026-27","Ouachita Baptist","Marta Chico Gutierrez","wbb-033533","marta gutierrez","transfer_name_variant",0.08381,FALSE,TRUE,TRUE,0.758,,,,,,,,,,,,
"r63276","2024-25","UT Martin","Abby Stephens","wbb-014282","abbigail stephens","transfer_name_variant",0.086576,TRUE,FALSE,TRUE,0.757,,,,,,,,,,,,
"r71459","2025-26","Binghamton","Klarissa Goode","wbb-020242","kaia goode","same_team_name_variant",0.085714,TRUE,FALSE,TRUE,0.757,,,,,,,,,,,,
"r84257","2025-26","Northeastern St.","Addisyn Whiteley","wbb-012858","zoey whiteley","transfer_name_variant",0.285256,TRUE,TRUE,FALSE,0.757,,,,,,,,,,,,
"r36956","2022-23","Ripon","Bree Miller","wbb-002176","breanna miller","transfer_name_variant",0.087879,TRUE,FALSE,TRUE,0.756,,,,,,,,,,,,
"r40452","2022-23","Southern Va.","Abbigail Snyder","wbb-017015","abi snyder","transfer_name_variant",0.088889,FALSE,TRUE,TRUE,0.756,,,,,,,,,,,,
"r49608","2023-24","Wayne St. (MI)","Annabel Ayrault","wbb-004736","julia ayrault","transfer_name_variant",0.288034,TRUE,TRUE,FALSE,0.756,,,,,,,,,,,,
"r67013","2024-25","Eastern","Morgan Harris","wbb-011628","monay harris","transfer_name_variant",0.08749,TRUE,FALSE,TRUE,0.756,,,,,,,,,,,,
"r69771","2024-25","Millersville","Sophia Elstone","wbb-023659","sophie elstone","same_team_name_variant",0.09011,TRUE,FALSE,TRUE,0.755,,,,,,,,,,,,
"r69771","2024-25","Millersville","Sophia Elstone","wbb-003850","sophie elstone","transfer_name_variant",0.09011,FALSE,TRUE,TRUE,0.755,,,,,,,,,,,,
"r81799","2025-26","Concord","Trinity Henderson","wbb-009456","tamrin henderson","transfer_name_variant",0.090441,TRUE,FALSE,TRUE,0.755,,,,,,,,,,,,
"r54907","2024-25","Augsburg","Maecee Alexander","wbb-016560","raegan alexander","transfer_name_variant",0.291667,TRUE,TRUE,FALSE,0.754,,,,,,,,,,,,
"r61370","2024-25","Penn State","Jill Jekot","wbb-006876","katie jekot","transfer_name_variant",0.292641,TRUE,TRUE,FALSE,0.754,,,,,,,,,,,,
"r86227","2025-26","Davenport","Maddie Geers","wbb-028379","madelyn geers","transfer_name_variant",0.092735,TRUE,FALSE,TRUE,0.754,,,,,,,,,,,,
"r36663","2022-23","Pepperdine","Drea Brumfield","wbb-009519","erika brumfield","transfer_name_variant",0.093895,TRUE,FALSE,TRUE,0.753,,,,,,,,,,,,
"r45451","2023-24","Mercyhurst","Allyson Ross","wbb-016053","ally ross","transfer_name_variant",0.094444,TRUE,FALSE,TRUE,0.753,,,,,,,,,,,,
"r57760","2024-25","Georgia Southern","Leah Johnson","wbb-002940","ayanna johnson","transfer_name_variant",0.294974,TRUE,TRUE,FALSE,0.753,,,,,,,,,,,,
"r65961","2024-25","Presbyterian College","Adout Ring","wbb-016958","amou ring","transfer_name_variant",0.093333,TRUE,FALSE,TRUE,0.753,,,,,,,,,,,,
"r70621","2025-26","Adelphi","Adout Ring","wbb-016958","amou ring","transfer_name_variant",0.093333,TRUE,FALSE,TRUE,0.753,,,,,,,,,,,,
"r71552","2025-26","Bowdoin","Payton Collins","wbb-020410","brooke collins","transfer_name_variant",0.293651,TRUE,TRUE,FALSE,0.753,,,,,,,,,,,,
"r78653","2025-26","Saint Francis (PA)","Kash Holmes","wbb-012148","kwashanti holmes","transfer_name_variant",0.09375,FALSE,TRUE,TRUE,0.753,,,,,,,,,,,,
"r89470","2026-27","Iowa State","Emilija Dakic","wbb-034681","emilija mills dakic","transfer_name_variant",0.093927,TRUE,FALSE,TRUE,0.753,,,,,,,,,,,,
"r89589","2026-27","Johnson C. Smith","Egypt Moore-Coleman","wbb-032442","egypt coleman","transfer_name_variant",0.093927,TRUE,FALSE,TRUE,0.753,,,,,,,,,,,,
"r13901","2021-22","Bowdoin","Shayla Eubanks","wbb-002496","kiera eubanks","transfer_name_variant",0.295686,TRUE,TRUE,FALSE,0.752,,,,,,,,,,,,
"r21350","2021-22","Texas Christian","Paige Bradley","wbb-009968","brooke bradley","transfer_name_variant",0.295686,TRUE,TRUE,FALSE,0.752,,,,,,,,,,,,
"r27834","2022-23","Wyoming","Malene Pedersen","wbb-014355","malene lind pedersen","transfer_name_variant",0.096667,TRUE,FALSE,TRUE,0.752,,,,,,,,,,,,
"r78964","2025-26","San Diego State","Kendall Mosley","wbb-021374","peyton mosley","transfer_name_variant",0.295686,TRUE,TRUE,FALSE,0.752,,,,,,,,,,,,
"r79547","2025-26","Texas State","Myri Walker","wbb-030059","amyria walker","transfer_name_variant",0.096737,TRUE,FALSE,TRUE,0.752,,,,,,,,,,,,
"r95799","2026-27","Lake Erie","Kynn Bates","wbb-034031","kynnade bates","transfer_name_variant",0.096154,FALSE,TRUE,TRUE,0.752,,,,,,,,,,,,
"r15921","2021-22","Fordham","Colleen McQuillen","wbb-007777","erin mcquillen","transfer_name_variant",0.298436,TRUE,TRUE,FALSE,0.751,,,,,,,,,,,,
"r17232","2021-22","Lehigh","Colleen McQuillen","wbb-007777","erin mcquillen","transfer_name_variant",0.298436,TRUE,TRUE,FALSE,0.751,,,,,,,,,,,,
"r23356","2021-22","Grand Canyon","Jay McChristine","wbb-003469","jamyra mcchristine","transfer_name_variant",0.097778,TRUE,FALSE,TRUE,0.751,,,,,,,,,,,,
"r55828","2024-25","UC Santa Barbara","Malani Mastora","wbb-015444","makena mastora","transfer_name_variant",0.098413,TRUE,FALSE,TRUE,0.751,,,,,,,,,,,,
"r59782","2024-25","MSU Denver","Madi Johnson","wbb-012452","madison johnson","transfer_name_variant",0.098333,TRUE,FALSE,TRUE,0.751,,,,,,,,,,,,
"r85578","2025-26","Cedarville","Cait Behling","wbb-012438","caitlin behling","transfer_name_variant",0.098333,FALSE,TRUE,TRUE,0.751,,,,,,,,,,,,
"r86742","2026-27","Arizona State","Madison Morson","wbb-027497","madi morson","transfer_name_variant",0.097403,TRUE,FALSE,TRUE,0.751,,,,,,,,,,,,
"r89399","2026-27","Indiana","Jess Petrie","wbb-023841","jessica petrie","transfer_name_variant",0.097403,TRUE,FALSE,TRUE,0.751,,,,,,,,,,,,
"r89538","2026-27","James Madison","Reagan Edsell","wbb-033303","corin edsell","transfer_name_variant",0.297009,TRUE,TRUE,FALSE,0.751,,,,,,,,,,,,
"r89547","2026-27","James Madison","Ja'Quoia Jones-Brown","wbb-027302","jaquoia jones brown","transfer_name_variant",0.097544,TRUE,FALSE,TRUE,0.751,,,,,,,,,,,,
"r39707","2022-23","Western Ky.","Acacia Hayes","wbb-005863","alasia hayes","transfer_name_variant",0.1,TRUE,FALSE,TRUE,0.75,,,,,,,,,,,,
"r43186","2023-24","Emerson","Bri Frongillo","wbb-017975","brianna frongillo","transfer_name_variant",0.099774,FALSE,TRUE,TRUE,0.75,,,,,,,,,,,,
"r66336","2024-25","Whitworth","Addyson Gallatin","wbb-009522","kinslee gallatin","transfer_name_variant",0.299242,TRUE,TRUE,FALSE,0.75,,,,,,,,,,,,
"r49966","2023-24","Winona St.","Emma Kilpatrick","wbb-021179","emmaline kilpatrick","same_team_name_variant",0.102105,FALSE,TRUE,TRUE,0.749,,,,,,,,,,,,
"r83130","2025-26","Westminster (PA)","Ave""ry Maier","wbb-019911","makenna maier","transfer_name_variant",0.301816,TRUE,TRUE,FALSE,0.749,,,,,,,,,,,,
"r89867","2026-27","LeMoyne-Owen","Omari Mitchell","wbb-021403","amil mitchell","transfer_name_variant",0.101038,TRUE,FALSE,TRUE,0.749,,,,,,,,,,,,
"r40179","2022-23","Trinity (TX)","Addie Putnam","wbb-008099","addison putnam","same_team_name_variant",0.104978,FALSE,TRUE,TRUE,0.748,,,,,,,,,,,,
"r29216","2022-23","Monmouth","Bri Tinsley","wbb-003632","brianna tinsley","transfer_name_variant",0.104646,FALSE,TRUE,TRUE,0.748,,,,,,,,,,,,
"r65691","2024-25","Linfield","Allie Mead","wbb-025541","allison mead","same_team_name_variant",0.103333,TRUE,FALSE,TRUE,0.748,,,,,,,,,,,,
"r69766","2024-25","Michigan","Brooke Q. Daniels","wbb-024026","brooke quarles daniels","transfer_name_variant",0.104545,TRUE,FALSE,TRUE,0.748,,,,,,,,,,,,
"r82354","2025-26","Lander","Serenity Echols","wbb-019786","tieriney echols","transfer_name_variant",0.103968,TRUE,FALSE,TRUE,0.748,,,,,,,,,,,,
"r13598","2021-22","Babson","Kiki Christofori","wbb-001730","carly christofori","transfer_name_variant",0.306373,TRUE,TRUE,FALSE,0.747,,,,,,,,,,,,
"r24078","2021-22","Tarleton St.","Nyajah Mitchels","wbb-005238","nya mitchels","transfer_name_variant",0.105,TRUE,FALSE,TRUE,0.747,,,,,,,,,,,,
"r26902","2022-23","California Baptist","Sila Finau","wbb-001808","lesila finau","transfer_name_variant",0.105556,TRUE,FALSE,TRUE,0.747,,,,,,,,,,,,
"r41090","2023-24","Baldwin Wallace","Ali Menendez","wbb-020543","alison menendez","same_team_name_variant",0.105,FALSE,TRUE,TRUE,0.747,,,,,,,,,,,,
"r42349","2023-24","Coe","Taryn Kravig","wbb-017012","kylie kravig","transfer_name_variant",0.305556,TRUE,TRUE,FALSE,0.747,,,,,,,,,,,,
"r64978","2024-25","Catawba","Natalie Fuertes Lara","wbb-025258","natalie lara","same_team_name_variant",0.105,TRUE,FALSE,TRUE,0.747,,,,,,,,,,,,
"r56108","2024-25","Castleton","Sadie Young","wbb-012240","lauren young","transfer_name_variant",0.306187,TRUE,TRUE,FALSE,0.747,,,,,,,,,,,,
"r74924","2025-26","New Jersey City","Na'tori Postell","wbb-011257","na tyah postell","same_team_name_variant",0.105,TRUE,FALSE,TRUE,0.747,,,,,,,,,,,,
"r68334","2024-25","Geneva","Libby Campbell","wbb-003025","sedona campbell","transfer_name_variant",0.307937,TRUE,TRUE,FALSE,0.746,,,,,,,,,,,,
"r73794","2025-26","Florida Tech","Elif Bayrak","wbb-018112","elif dila bayrak","transfer_name_variant",0.107955,TRUE,FALSE,TRUE,0.746,,,,,,,,,,,,
"r88498","2026-27","Eastern Michigan","Chey McEvans","wbb-000961","cheyenne mcevans","transfer_name_variant",0.108333,TRUE,FALSE,TRUE,0.746,,,,,,,,,,,,
"r92881","2026-27","Southern Ill.","Fredriecka Wallace","wbb-028481","freddie wallace","transfer_name_variant",0.107778,TRUE,FALSE,TRUE,0.746,,,,,,,,,,,,
"r40858","2023-24","Arizona","Salimatou Kourouma","wbb-013179","sali kourouma","transfer_name_variant",0.109402,TRUE,FALSE,TRUE,0.745,,,,,,,,,,,,
"r67215","2024-25","Chatham","Sam Hardy","wbb-018792","samantha hardy","same_team_name_variant",0.109259,TRUE,FALSE,TRUE,0.745,,,,,,,,,,,,
"r91694","2026-27","Otterbein","Madilyn Stechschulte","wbb-036249","23 madilyn stechschulte","same_team_name_variant",0.110145,FALSE,TRUE,TRUE,0.745,,,,,,,,,,,,
"r24406","2021-22","Colorado St.-Pueblo","Ro Dominguez","wbb-009499","romola dominguez","transfer_name_variant",0.111111,TRUE,FALSE,TRUE,0.744,,,,,,,,,,,,
"r66350","2024-25","Wilmington (OH)","Ky Walker","wbb-019222","kyria walker","same_team_name_variant",0.111111,TRUE,FALSE,TRUE,0.744,,,,,,,,,,,,
"r62444","2024-25","San Diego","Dresha Moore","wbb-022369","mydrea moore","transfer_name_variant",0.111111,TRUE,FALSE,TRUE,0.744,,,,,,,,,,,,
"r62828","2024-25","Southeastern Louisiana","Kaili Chamberlin","wbb-013509","ula chamberlin","transfer_name_variant",0.111951,FALSE,TRUE,TRUE,0.744,,,,,,,,,,,,
"r71792","2025-26","Buffalo State","Emily Delisle","wbb-028227","syd delisle","transfer_name_variant",0.311318,TRUE,TRUE,FALSE,0.744,,,,,,,,,,,,
"r91688","2026-27","Otterbein","Alexa Nisonger","wbb-036254","4 alexa nisonger","same_team_name_variant",0.113095,FALSE,TRUE,TRUE,0.743,,,,,,,,,,,,
"r88171","2026-27","Creighton","Nia Holloway","wbb-021550","niamya holloway","transfer_name_variant",0.114722,TRUE,FALSE,TRUE,0.743,,,,,,,,,,,,
"r94123","2026-27","Wisconsin-Stout","Micah Chose","wbb-035290","josie chose","transfer_name_variant",0.313853,TRUE,TRUE,FALSE,0.743,,,,,,,,,,,,
"r97516","2026-27","Young Harris","Isabella Hopkins","wbb-030398","bella hopkins","transfer_name_variant",0.113782,TRUE,FALSE,TRUE,0.743,,,,,,,,,,,,
"r26416","2021-22","SUNY Canton","Briana Brousseau","wbb-006271","bri brousseau","transfer_name_variant",0.115545,FALSE,TRUE,TRUE,0.742,,,,,,,,,,,,
"r31296","2022-23","Capital","Bri O'Connor","wbb-016688","brianna o connor","transfer_name_variant",0.116667,TRUE,FALSE,TRUE,0.742,,,,,,,,,,,,
"r45987","2023-24","CMSV","Ariella Johnson","wbb-007687","kaia johnson","transfer_name_variant",0.116667,TRUE,FALSE,TRUE,0.742,,,,,,,,,,,,
"r59654","2024-25","Memphis","Tamya Smith","wbb-025509","taylor smith","transfer_name_variant",0.115152,TRUE,FALSE,TRUE,0.742,,,,,,,,,,,,
"r83282","2025-26","Hawai'i Pacific","Cordelia Wilcox","wbb-018094","cori wilcox","transfer_name_variant",0.115253,TRUE,FALSE,TRUE,0.742,,,,,,,,,,,,
"r44664","2023-24","La Verne","Kim Leon","wbb-014418","kimberly leon","same_team_name_variant",0.11891,TRUE,FALSE,TRUE,0.741,,,,,,,,,,,,
"r85612","2025-26","Simon Fraser","Gwen Aasland","wbb-022404","gwendilyn aasland","transfer_name_variant",0.117157,TRUE,FALSE,TRUE,0.741,,,,,,,,,,,,
"r90572","2026-27","Millersville","Emerson Seitz","wbb-034192","arianna seitz","transfer_name_variant",0.31891,TRUE,TRUE,FALSE,0.741,,,,,,,,,,,,
"r13642","2021-22","Charleston Southern","Victoria Dames","wbb-000313","vic dames","transfer_name_variant",0.122222,TRUE,FALSE,TRUE,0.739,,,,,,,,,,,,
"r15906","2021-22","Florida","Zippy Broughton","wbb-006689","zipporah broughton","transfer_name_variant",0.122063,FALSE,TRUE,TRUE,0.739,,,,,,,,,,,,
"r43432","2023-24","Florida","Zippy Broughton","wbb-006689","zipporah broughton","transfer_name_variant",0.122063,FALSE,TRUE,TRUE,0.739,,,,,,,,,,,,
"r58579","2024-25","John Carroll","Katie Puletti","wbb-002114","maddie puletti","transfer_name_variant",0.122711,FALSE,TRUE,TRUE,0.739,,,,,,,,,,,,
"r66501","2024-25","North Florida","Jamisyn Stinson","wbb-016776","faith stinson","transfer_name_variant",0.321368,TRUE,TRUE,FALSE,0.739,,,,,,,,,,,,
"r72282","2025-26","Carroll (WI)","Payton Hayes","wbb-029883","makayla hayes","transfer_name_variant",0.32265,TRUE,TRUE,FALSE,0.739,,,,,,,,,,,,
"r74699","2025-26","Illinois","Gisela Segura","wbb-002741","gisela vazquez segura","transfer_name_variant",0.122344,FALSE,TRUE,TRUE,0.739,,,,,,,,,,,,
"r75500","2025-26","Long Island","Isabella Tañedo","wbb-004183","caramina tanedo","transfer_name_variant",0.322222,TRUE,TRUE,FALSE,0.739,,,,,,,,,,,,
"r76527","2025-26","Monmouth (IL)","Layla Rice","wbb-026367","kayla rice","transfer_name_variant",0.122222,FALSE,TRUE,TRUE,0.739,,,,,,,,,,,,
"r78695","2025-26","Saint Joseph's (PA)","Faith Stinson","wbb-031523","jamisyn stinson","transfer_name_variant",0.321368,TRUE,TRUE,FALSE,0.739,,,,,,,,,,,,
"r85206","2025-26","Claflin","Alexia Grant","wbb-017910","lexi grant","transfer_name_variant",0.122222,FALSE,TRUE,TRUE,0.739,,,,,,,,,,,,
"r33857","2022-23","Idaho St.","Cam Collman","wbb-015216","camryn collman","transfer_name_variant",0.124242,FALSE,TRUE,TRUE,0.738,,,,,,,,,,,,
"r64252","2024-25","Wheaton (MA)","Mary Claire McClintock","wbb-023599","mary mcclintock","transfer_name_variant",0.123636,TRUE,FALSE,TRUE,0.738,,,,,,,,,,,,
"r73440","2025-26","Eastern N.M.","Shay Moseberry","wbb-024979","ashala moseberry","transfer_name_variant",0.124771,FALSE,TRUE,TRUE,0.738,,,,,,,,,,,,
"r20152","2021-22","St. Catherine","Kaylee Miron","wbb-009076","olivia miron","transfer_name_variant",0.326389,TRUE,TRUE,FALSE,0.737,,,,,,,,,,,,
"r33467","2022-23","Belmont Abbey","Katherine Bischoping","wbb-010487","katie bischoping","transfer_name_variant",0.126875,TRUE,FALSE,TRUE,0.737,,,,,,,,,,,,
"r66602","2024-25","Southwest Baptist","Amber Storr","wbb-018057","ambranette storr","transfer_name_variant",0.125947,TRUE,FALSE,TRUE,0.737,,,,,,,,,,,,
"r83941","2025-26","Missouri Western","Ambranette Storr","wbb-031577","amber storr","transfer_name_variant",0.125947,TRUE,FALSE,TRUE,0.737,,,,,,,,,,,,
"r92373","2026-27","Saint Joseph's (PA)","Maddy Potts","wbb-024697","madeline potts","transfer_name_variant",0.125758,FALSE,TRUE,TRUE,0.737,,,,,,,,,,,,
"r94523","2026-27","Coker","Ma-Kaela Gidney","wbb-030864","sheree gidney","transfer_name_variant",0.325427,TRUE,TRUE,FALSE,0.737,,,,,,,,,,,,
"r85669","2025-26","Lindenwood (MO)","Noah Garcia","wbb-018038","alba garcia","transfer_name_variant",0.327652,TRUE,TRUE,FALSE,0.736,,,,,,,,,,,,
"r90953","2026-27","UNC Greensboro","Laneigh Scales","wbb-034537","laniya scales","transfer_name_variant",0.128322,TRUE,FALSE,TRUE,0.736,,,,,,,,,,,,
"r30716","2022-23","East Tex. Baptist","Jamara Levy","wbb-004885","jay levy","transfer_name_variant",0.130303,TRUE,FALSE,TRUE,0.735,,,,,,,,,,,,
"r18879","2021-22","North Dakota","Joli Daninger","wbb-001989","jolene daninger","transfer_name_variant",0.132671,TRUE,FALSE,TRUE,0.734,,,,,,,,,,,,
"r39255","2022-23","Marquette","Charia Smith","wbb-014274","arianna smith","transfer_name_variant",0.132479,TRUE,FALSE,TRUE,0.734,,,,,,,,,,,,
"r53573","2023-24","NVU-Lyndon","Gray Hoselton","wbb-017144","sam hoselton","transfer_name_variant",0.132479,TRUE,FALSE,TRUE,0.734,,,,,,,,,,,,
"r72793","2025-26","Columbus St.","Alyssa Hankerson","wbb-027587","laila hankerson","transfer_name_variant",0.132585,TRUE,FALSE,TRUE,0.734,,,,,,,,,,,,
"r90735","2026-27","Missouri","Jada Maples","wbb-014099","colbi maples","transfer_name_variant",0.33153,TRUE,TRUE,FALSE,0.734,,,,,,,,,,,,
"r56152","2024-25","Central (IA)","Abby Johnson","wbb-016584","abigail johnson","transfer_name_variant",0.133333,TRUE,FALSE,TRUE,0.733,,,,,,,,,,,,
"r59353","2024-25","Maine","Izzy Allen","wbb-010039","sydney allen","transfer_name_variant",0.334127,TRUE,TRUE,FALSE,0.733,,,,,,,,,,,,
"r80667","2025-26","Wesleyan (CT)","Abigail Goff","wbb-023789","emma goff","transfer_name_variant",0.333333,TRUE,TRUE,FALSE,0.733,,,,,,,,,,,,
"r96772","2026-27","Lee","Mattie Machen","wbb-026782","bellah machen","transfer_name_variant",0.334758,TRUE,TRUE,FALSE,0.733,,,,,,,,,,,,
"r23358","2021-22","Grand Canyon","Dominique Phillips","wbb-005311","dom phillips","transfer_name_variant",0.136111,TRUE,FALSE,TRUE,0.732,,,,,,,,,,,,
"r27528","2022-23","Seton Hall","Sha'Lynn Hagans","wbb-006160","shay hagans","transfer_name_variant",0.136465,TRUE,FALSE,TRUE,0.732,,,,,,,,,,,,
"r45761","2023-24","Mississippi Valley State","Gabrielle Bunch","wbb-020451","gabby bunch","transfer_name_variant",0.135758,FALSE,TRUE,TRUE,0.732,,,,,,,,,,,,
"r46297","2023-24","New Mexico State","Femme Sikuzani Masudi","wbb-015797","femme masudi","transfer_name_variant",0.135714,TRUE,FALSE,TRUE,0.732,,,,,,,,,,,,
"r51684","2023-24","Southeastern Okla.","Brianna Wietelman","wbb-017047","bri wietelman","transfer_name_variant",0.135671,TRUE,FALSE,TRUE,0.732,,,,,,,,,,,,
"r55484","2024-25","Brockport","Cam Tooley","wbb-003988","cameron tooley","transfer_name_variant",0.136667,FALSE,TRUE,TRUE,0.732,,,,,,,,,,,,
"r58559","2024-25","James Madison","Ro Scott","wbb-007429","roshala scott","transfer_name_variant",0.135897,TRUE,FALSE,TRUE,0.732,,,,,,,,,,,,
"r69196","2024-25","Allen","JuJu Harrington","wbb-009879","julia harrington","transfer_name_variant",0.136838,TRUE,FALSE,TRUE,0.732,,,,,,,,,,,,
"r70568","2024-25","Houghton","Samantha Barrett","wbb-000454","sam barrett","transfer_name_variant",0.136553,FALSE,TRUE,TRUE,0.732,,,,,,,,,,,,
"r70568","2024-25","Houghton","Samantha Barrett","wbb-020399","sam barrett","transfer_name_variant",0.136553,FALSE,TRUE,TRUE,0.732,,,,,,,,,,,,
"r70568","2024-25","Houghton","Samantha Barrett","wbb-022154","sam barrett","transfer_name_variant",0.136553,FALSE,TRUE,TRUE,0.732,,,,,,,,,,,,
"r94791","2026-27","Ga. Southwestern","Ariana Dyson","wbb-034771","ari dyson","transfer_name_variant",0.136111,TRUE,FALSE,TRUE,0.732,,,,,,,,,,,,
"r96080","2026-27","Chowan","Janiya Davis","wbb-038920","tiana davis","transfer_name_variant",0.135859,TRUE,FALSE,TRUE,0.732,,,,,,,,,,,,
"r20241","2021-22","Saint Joseph's (PA)","Talya Brugler","wbb-000936","tessa brugler","transfer_name_variant",0.138462,TRUE,FALSE,TRUE,0.731,,,,,,,,,,,,
"r88340","2026-27","Drake","Karis Finley","wbb-005741","kam finley","transfer_name_variant",0.137778,TRUE,FALSE,TRUE,0.731,,,,,,,,,,,,
"r93543","2026-27","Valdosta St.","Madison Pounds","wbb-028279","maddie pounds","transfer_name_variant",0.138928,TRUE,FALSE,TRUE,0.731,,,,,,,,,,,,
"r97117","2026-27","Flagler","Nicki Carreno","wbb-031531","nicole carreno","transfer_name_variant",0.138928,FALSE,TRUE,TRUE,0.731,,,,,,,,,,,,
"r44117","2023-24","Benedictine (IL)","Kenzie Schueler","wbb-019361","mckenzie schueler","transfer_name_variant",0.139216,FALSE,TRUE,TRUE,0.73,,,,,,,,,,,,
"r76130","2025-26","Mercyhurst","Shannon Heine","wbb-017792","georgia heine","transfer_name_variant",0.339744,TRUE,TRUE,FALSE,0.73,,,,,,,,,,,,
"r85847","2025-26","Union (TN)","Kaitlyn Yoder","wbb-031630","katie yoder","transfer_name_variant",0.139114,TRUE,FALSE,TRUE,0.73,,,,,,,,,,,,
"r14592","2021-22","CWRU","Evie Miller","wbb-005232","evan miller","transfer_name_variant",0.141414,TRUE,FALSE,TRUE,0.729,,,,,,,,,,,,
"r45745","2023-24","Mississippi Valley State","Sadie Williams","wbb-011671","faith williams","transfer_name_variant",0.142857,FALSE,TRUE,TRUE,0.729,,,,,,,,,,,,
"r92736","2026-27","Slippery Rock","Adela Cecunjanin","wbb-014172","najla cecunjanin","transfer_name_variant",0.142857,TRUE,FALSE,TRUE,0.729,,,,,,,,,,,,
"r13611","2021-22","Baldwin Wallace","Alek Johnson","wbb-000930","tai johnson","transfer_name_variant",0.143939,TRUE,FALSE,TRUE,0.728,,,,,,,,,,,,
"r28126","2022-23","Brigham Young","Nani Falatea","wbb-011983","rae falatea","transfer_name_variant",0.143939,FALSE,TRUE,TRUE,0.728,,,,,,,,,,,,
"r43450","2023-24","Franklin & Marshall","Kayla McCrea","wbb-014793","maddie mccrea","transfer_name_variant",0.343483,TRUE,TRUE,FALSE,0.728,,,,,,,,,,,,
"r68494","2024-25","Dominican (CA)","Abby Cooper","wbb-001140","abigail cooper","transfer_name_variant",0.143723,TRUE,FALSE,TRUE,0.728,,,,,,,,,,,,
"r76541","2025-26","Monmouth","Tessa Carman","wbb-024221","emma carman","transfer_name_variant",0.143939,TRUE,FALSE,TRUE,0.728,,,,,,,,,,,,
"r88372","2026-27","Duke","Taylor Sofilkanich","wbb-022340","ashley sofilkanich","transfer_name_variant",0.144444,TRUE,FALSE,TRUE,0.728,,,,,,,,,,,,
"r45987","2023-24","CMSV","Ariella Johnson","wbb-006782","asianae johnson","transfer_name_variant",0.145,TRUE,FALSE,TRUE,0.727,,,,,,,,,,,,
"r55390","2024-25","Bradley","Mariam  Coulibaly","wbb-000395","aicha coulibaly","transfer_name_variant",0.145406,TRUE,FALSE,TRUE,0.727,,,,,,,,,,,,
"r66404","2024-25","Mt. St. Mary (NY)","Shannon Phelan","wbb-007677","dana phelan","transfer_name_variant",0.34632,TRUE,TRUE,FALSE,0.727,,,,,,,,,,,,
"r78558","2025-26","Saginaw Valley","Bella Paradowski","wbb-033202","isabella paradowski","transfer_name_variant",0.146382,TRUE,FALSE,TRUE,0.727,,,,,,,,,,,,
"r80215","2025-26","Upper Iowa","Kendyl Lodermeier","wbb-008903","sydney lodermeier","transfer_name_variant",0.145098,TRUE,FALSE,TRUE,0.727,,,,,,,,,,,,
"r90336","2026-27","McNeese State","Mariam Coulibaly","wbb-000395","aicha coulibaly","transfer_name_variant",0.145406,TRUE,FALSE,TRUE,0.727,,,,,,,,,,,,
"r95785","2026-27","Incarnate Word","Martina Monton Martinez","wbb-013400","marta neira martinez","transfer_name_variant",0.14688,TRUE,FALSE,TRUE,0.727,,,,,,,,,,,,
"r41668","2023-24","Cal St. San Bernardino","Rae McCrae","wbb-019758","raenette mccrae","transfer_name_variant",0.147778,FALSE,TRUE,TRUE,0.726,,,,,,,,,,,,
"r79912","2025-26","Texas-Arlington","Kira Reynolds","wbb-018561","mila reynolds","transfer_name_variant",0.148019,TRUE,FALSE,TRUE,0.726,,,,,,,,,,,,
"r80390","2025-26","Virginia Tech","Mel Daley","wbb-015041","melannie daley","transfer_name_variant",0.148148,TRUE,FALSE,TRUE,0.726,,,,,,,,,,,,
"r88743","2026-27","Florida Tech","Mak Snyder","wbb-031902","makaylei snyder","transfer_name_variant",0.147778,TRUE,FALSE,TRUE,0.726,,,,,,,,,,,,
"r89920","2026-27","Lincoln (MO)","Whitney Smith","wbb-031539","destiny smith","transfer_name_variant",0.148019,TRUE,FALSE,TRUE,0.726,,,,,,,,,,,,
"r15716","2021-22","Eureka","Josie Ness","wbb-004828","sarah ness","transfer_name_variant",0.35,TRUE,TRUE,FALSE,0.725,,,,,,,,,,,,
"r42562","2023-24","Cornell College","Randi Wright","wbb-015016","riley wright","transfer_name_variant",0.15,TRUE,FALSE,TRUE,0.725,,,,,,,,,,,,
"r70196","2024-25","Lander","Adrianna Smith","wbb-021530","charia smith","transfer_name_variant",0.150794,TRUE,FALSE,TRUE,0.725,,,,,,,,,,,,
"r72459","2025-26","Chaminade","Kylie Squier","wbb-005396","kenna squier","transfer_name_variant",0.15,TRUE,FALSE,TRUE,0.725,,,,,,,,,,,,
"r81624","2025-26","Cameron","Tiara Neal","wbb-019807","mariah neal","transfer_name_variant",0.149495,FALSE,TRUE,TRUE,0.725,,,,,,,,,,,,
"r62219","2024-25","Saint Louis","Mia Bergstrom","wbb-018451","joy bergstrom","transfer_name_variant",0.153846,TRUE,FALSE,TRUE,0.723,,,,,,,,,,,,
"r78068","2025-26","Principia","Taylor Brown","wbb-001691","tyra brown","transfer_name_variant",0.155,TRUE,FALSE,TRUE,0.723,,,,,,,,,,,,
"r44377","2023-24","Jacksonville","JADA JONES","wbb-014658","barresha jones","transfer_name_variant",0.355357,TRUE,TRUE,FALSE,0.722,,,,,,,,,,,,
"r60814","2024-25","Louisiana Monroe","AJ Leake","wbb-015651","asjha leake","transfer_name_variant",0.156818,TRUE,FALSE,TRUE,0.722,,,,,,,,,,,,
"r17961","2021-22","Miami Ohio","Katey Richason","wbb-008389","delaney richason","transfer_name_variant",0.15873,TRUE,FALSE,TRUE,0.721,,,,,,,,,,,,
"r20544","2021-22","San Jose State","Ella Ogier","wbb-001107","genna ogier","transfer_name_variant",0.157576,TRUE,FALSE,TRUE,0.721,,,,,,,,,,,,
"r59002","2024-25","Lewis","Leah Palmer","wbb-014262","kate palmer","transfer_name_variant",0.158249,FALSE,TRUE,TRUE,0.721,,,,,,,,,,,,
"r36557","2022-23","Ohio","Kailah Johnson","wbb-004200","jala johnson","transfer_name_variant",0.159812,FALSE,TRUE,TRUE,0.72,,,,,,,,,,,,
"r42954","2023-24","East Tennessee State","Samiah Puckett","wbb-004937","andeija puckett","transfer_name_variant",0.160317,TRUE,FALSE,TRUE,0.72,,,,,,,,,,,,
"r57398","2024-25","Fayetteville St.","Daziyahna Wilson","wbb-011374","denijsha wilson","transfer_name_variant",0.16,TRUE,FALSE,TRUE,0.72,,,,,,,,,,,,
"r67692","2024-25","Texas-Dallas","Liv Pedigo","wbb-019555","olivia pedigo","transfer_name_variant",0.160256,TRUE,FALSE,TRUE,0.72,,,,,,,,,,,,
"r27514","2022-23","Robert Morris","Natalie Johnson","wbb-007051","leah johnson","transfer_name_variant",0.162121,TRUE,FALSE,TRUE,0.719,,,,,,,,,,,,
"r36788","2022-23","Bentley","Julia Elie","wbb-006655","caroline elie","transfer_name_variant",0.361538,TRUE,TRUE,FALSE,0.719,,,,,,,,,,,,
"r59647","2024-25","Memphis","Tilly Boler","wbb-020173","ti ian boler","transfer_name_variant",0.161616,TRUE,FALSE,TRUE,0.719,,,,,,,,,,,,
"r75608","2025-26","Loyola-Maryland","Sydney Bass","wbb-013072","reagan bass","transfer_name_variant",0.361472,TRUE,TRUE,FALSE,0.719,,,,,,,,,,,,
"r93346","2026-27","Towson","Lisen Curman","wbb-030123","alice curman","transfer_name_variant",0.161111,TRUE,FALSE,TRUE,0.719,,,,,,,,,,,,
"r15032","2021-22","UConn","Caroline Ducharme","wbb-000904","ashley ducharme","transfer_name_variant",0.164706,TRUE,FALSE,TRUE,0.718,,,,,,,,,,,,
"r54698","2024-25","Alma","Taelynn Hatfield","wbb-021819","kinsley hatfield","transfer_name_variant",0.163462,FALSE,TRUE,TRUE,0.718,,,,,,,,,,,,
"r69125","2024-25","Dean","12 Jordan Ellis","wbb-022306","jordan ellis","transfer_name_variant",0.163889,TRUE,FALSE,TRUE,0.718,,,,,,,,,,,,
"r77957","2025-26","Plymouth St.","Kayley Merrifield","wbb-014563","gwen merrifield","transfer_name_variant",0.164706,TRUE,FALSE,TRUE,0.718,,,,,,,,,,,,
"r71620","2025-26","Bridgeport","Merci Turner","wbb-012951","naomi turner","transfer_name_variant",0.166667,FALSE,TRUE,TRUE,0.717,,,,,,,,,,,,
"r44934","2023-24","Louisville","Elif Istanbulluoglu","wbb-007275","sevval istanbulluoglu","transfer_name_variant",0.167207,TRUE,FALSE,TRUE,0.716,,,,,,,,,,,,
"r88566","2026-27","Edinboro","Mercy Sechler","wbb-026396","gracie sechler","transfer_name_variant",0.168165,TRUE,FALSE,TRUE,0.716,,,,,,,,,,,,
"r15060","2021-22","Cornell College","Mia Murray","wbb-011212","maria murray","transfer_name_variant",0.17,TRUE,FALSE,TRUE,0.715,,,,,,,,,,,,
"r27514","2022-23","Robert Morris","Natalie Johnson","wbb-002242","synia johnson","transfer_name_variant",0.170474,TRUE,FALSE,TRUE,0.715,,,,,,,,,,,,
"r30958","2022-23","Glenville St.","Mo Pruitt","wbb-008303","monique pruitt","transfer_name_variant",0.169312,TRUE,FALSE,TRUE,0.715,,,,,,,,,,,,
"r54487","2024-25","Alabama A&M","Moses Davenport","wbb-002907","maori davenport","transfer_name_variant",0.17,TRUE,FALSE,TRUE,0.715,,,,,,,,,,,,
"r66441","2024-25","Franklin","Sabrina Miller","wbb-019677","colleen miller","transfer_name_variant",0.369048,TRUE,TRUE,FALSE,0.715,,,,,,,,,,,,
"r90203","2026-27","Mary Washington","15 Emma Terry","wbb-020298","kayla terry","transfer_name_variant",0.370296,TRUE,TRUE,FALSE,0.715,,,,,,,,,,,,
"r95698","2026-27","IUPUI","Swynn Jackson","wbb-014511","destiny jackson","transfer_name_variant",0.170474,TRUE,FALSE,TRUE,0.715,,,,,,,,,,,,
"r17579","2021-22","Manhattanville","Sophia Dinunzio","wbb-008744","angela dinunzio","transfer_name_variant",0.372222,TRUE,TRUE,FALSE,0.714,,,,,,,,,,,,
"r72345","2025-26","Catholic","Allie Falesto","wbb-031490","alexandra falesto","transfer_name_variant",0.171507,FALSE,TRUE,TRUE,0.714,,,,,,,,,,,,
"r77367","2025-26","Northern Illinois","Sa'Mahn Johnson","wbb-010661","sa dera johnson","transfer_name_variant",0.171111,TRUE,FALSE,TRUE,0.714,,,,,,,,,,,,
"r48240","2023-24","Shippensburg","Mia Johnson","wbb-017812","natalie johnson","transfer_name_variant",0.174747,TRUE,FALSE,TRUE,0.713,,,,,,,,,,,,
"r55577","2024-25","Buffalo State","Mya Brown","wbb-013389","juan brown","transfer_name_variant",0.174074,TRUE,FALSE,TRUE,0.713,,,,,,,,,,,,
"r87456","2026-27","Cal St. East Bay","Gabby Wright","wbb-022375","gabrielle wright","transfer_name_variant",0.173056,TRUE,FALSE,TRUE,0.713,,,,,,,,,,,,
"r92063","2026-27","Rhode Island","Mia Fiore","wbb-005363","ella fiore","transfer_name_variant",0.174074,TRUE,FALSE,TRUE,0.713,,,,,,,,,,,,
"r93134","2026-27","Chattanooga","Sinae Hill","wbb-015482","jade hill","transfer_name_variant",0.174074,TRUE,FALSE,TRUE,0.713,,,,,,,,,,,,
"r95680","2026-27","Hawaii Hilo","Mikela Salazar-Harrell","wbb-018117","kaliana salazar harrell","transfer_name_variant",0.173781,FALSE,TRUE,TRUE,0.713,,,,,,,,,,,,
"r24318","2021-22","Belmont Abbey","Danicia Randolph","wbb-009938","anayaih randolph","transfer_name_variant",0.176282,TRUE,FALSE,TRUE,0.712,,,,,,,,,,,,
"r54036","2023-24","Southern Nazarene","Jillian Crawford","wbb-015837","delanie crawford","transfer_name_variant",0.176282,FALSE,TRUE,TRUE,0.712,,,,,,,,,,,,
"r72616","2025-26","Clemson","Holland Harris","wbb-017854","nyla harris","transfer_name_variant",0.175541,TRUE,FALSE,TRUE,0.712,,,,,,,,,,,,
"r72684","2025-26","Colby","Shea Donnelly","wbb-018174","mary elizabeth donnelly","transfer_name_variant",0.37671,TRUE,TRUE,FALSE,0.712,,,,,,,,,,,,
"r80369","2025-26","Virginia Commonwealth","Ty Williams","wbb-015311","trinity williams","transfer_name_variant",0.175568,TRUE,FALSE,TRUE,0.712,,,,,,,,,,,,
"r41806","2023-24","UC Santa Barbara","Zoe Borter","wbb-016404","alexa borter","transfer_name_variant",0.177778,TRUE,FALSE,TRUE,0.711,,,,,,,,,,,,
"r57881","2024-25","Greensboro","Kat Robinson","wbb-008180","kaitlyn robinson","transfer_name_variant",0.177778,TRUE,FALSE,TRUE,0.711,,,,,,,,,,,,
"r66906","2024-25","Southwestern Okla.","Sincere Jackson","wbb-010446","jazmine jackson","transfer_name_variant",0.177778,TRUE,FALSE,TRUE,0.711,,,,,,,,,,,,
"r31278","2022-23","Lander","Cory Santoro","wbb-003763","casey santoro","transfer_name_variant",0.179231,TRUE,FALSE,TRUE,0.71,,,,,,,,,,,,
"r45235","2023-24","Marshall","Aislynn Hayes","wbb-005863","alasia hayes","transfer_name_variant",0.179231,TRUE,FALSE,TRUE,0.71,,,,,,,,,,,,
"r73091","2025-26","Delaware","Lay Fantroy","wbb-030264","aylasia fantroy","transfer_name_variant",0.179798,TRUE,FALSE,TRUE,0.71,,,,,,,,,,,,
"r92034","2026-27","Regis (CO)","Bel Peterson","wbb-008598","mikayla peterson","transfer_name_variant",0.180556,TRUE,FALSE,TRUE,0.71,,,,,,,,,,,,
"r20739","2021-22","South Alabama","Dee Haymer","wbb-001602","destiny haymer","transfer_name_variant",0.181164,TRUE,FALSE,TRUE,0.709,,,,,,,,,,,,
"r43333","2023-24","Fitchburg St.","Kathryn Hart","wbb-015295","katie hart","transfer_name_variant",0.182778,FALSE,TRUE,TRUE,0.709,,,,,,,,,,,,
"r30813","2022-23","Fairmont St.","Mahya Lindesmith","wbb-004953","jada lindesmith","transfer_name_variant",0.183868,TRUE,FALSE,TRUE,0.708,,,,,,,,,,,,
"r48777","2023-24","Susquehanna","Elke Staver","wbb-012305","shannon staver","transfer_name_variant",0.383117,TRUE,TRUE,FALSE,0.708,,,,,,,,,,,,
"r54732","2024-25","Amherst","Annie McCarthy","wbb-014181","maggie mccarthy","transfer_name_variant",0.18373,FALSE,TRUE,TRUE,0.708,,,,,,,,,,,,
"r61939","2024-25","Rollins","Paris Triplett","wbb-018226","mesi triplett","transfer_name_variant",0.183317,TRUE,FALSE,TRUE,0.708,,,,,,,,,,,,
"r62127","2024-25","St. John Fisher","Lindsay Martin","wbb-006323","lauren martin","transfer_name_variant",0.184945,FALSE,TRUE,TRUE,0.708,,,,,,,,,,,,
"r66838","2024-25","N.M. Highlands","Kamalani Anitielu","wbb-016175","kiiyani anitielu","transfer_name_variant",0.184531,TRUE,FALSE,TRUE,0.708,,,,,,,,,,,,
"r85341","2025-26","Point Park","Elizabeth Boyd","wbb-032900","liz boyd","transfer_name_variant",0.184524,TRUE,FALSE,TRUE,0.708,,,,,,,,,,,,
"r29517","2022-23","Portland State","Cinco McCartney","wbb-005696","century mccartney","transfer_name_variant",0.185735,TRUE,FALSE,TRUE,0.707,,,,,,,,,,,,
"r83733","2025-26","St. Mary's (IN)","Cara Kucharski","wbb-004113","laurel kucharski","transfer_name_variant",0.186508,TRUE,FALSE,TRUE,0.707,,,,,,,,,,,,
"r22341","2021-22","Winona St.","Naomi Breunig","wbb-004117","lydia breunig","transfer_name_variant",0.187179,FALSE,TRUE,TRUE,0.706,,,,,,,,,,,,
"r42203","2023-24","Chicago State","ZiKeyah Carter","wbb-004907","jessika carter","transfer_name_variant",0.188312,FALSE,TRUE,TRUE,0.706,,,,,,,,,,,,
"r57013","2024-25","East Carolina","Devin Hagemann","wbb-014681","deedee hagemann","transfer_name_variant",0.18886,TRUE,FALSE,TRUE,0.706,,,,,,,,,,,,
"r85210","2025-26","Seton Hill","Mo Vincent","wbb-010711","mariah vincent","transfer_name_variant",0.187143,FALSE,TRUE,TRUE,0.706,,,,,,,,,,,,
"r21286","2021-22","Chattanooga","Leah Jones","wbb-009575","isabella jones","transfer_name_variant",0.189418,TRUE,FALSE,TRUE,0.705,,,,,,,,,,,,
"r27946","2022-23","Alabama State","Cordasia Harris","wbb-004141","brianna harris","transfer_name_variant",0.19062,TRUE,FALSE,TRUE,0.705,,,,,,,,,,,,
"r30568","2022-23","Christian Brothers","Isabella Jones","wbb-015745","leah jones","transfer_name_variant",0.189418,TRUE,FALSE,TRUE,0.705,,,,,,,,,,,,
"r50665","2023-24","Christian Brothers","Isabella Jones","wbb-015745","leah jones","transfer_name_variant",0.189418,TRUE,FALSE,TRUE,0.705,,,,,,,,,,,,
"r59231","2024-25","Loyola-Chicago","Kendall Hendrix","wbb-022932","sydney hendrix","transfer_name_variant",0.19062,FALSE,TRUE,TRUE,0.705,,,,,,,,,,,,
"r68527","2024-25","Academy of Art","Keira Mitchell","wbb-024872","aiyana mitchell","transfer_name_variant",0.19062,TRUE,FALSE,TRUE,0.705,,,,,,,,,,,,
"r70124","2024-25","Christian Brothers","Isabella Jones","wbb-015745","leah jones","transfer_name_variant",0.189418,TRUE,FALSE,TRUE,0.705,,,,,,,,,,,,
"r76201","2025-26","MSU Denver","Keira Mitchell","wbb-024872","aiyana mitchell","transfer_name_variant",0.19062,TRUE,FALSE,TRUE,0.705,,,,,,,,,,,,
"r85068","2025-26","Palm Beach Atl.","KB Hadley","wbb-015445","keyna hadley","transfer_name_variant",0.189583,TRUE,FALSE,TRUE,0.705,,,,,,,,,,,,
"r85076","2025-26","Palm Beach Atl.","Breeje Schuler","wbb-018485","dejaan schuler","transfer_name_variant",0.190476,TRUE,FALSE,TRUE,0.705,,,,,,,,,,,,
"r26869","2022-23","St. Bonaventure","Flera Vinerte","wbb-007115","flo vinerte","transfer_name_variant",0.192448,TRUE,FALSE,TRUE,0.704,,,,,,,,,,,,
"r50218","2023-24","Wisconsin-Whitewater","Maddie Andersen","wbb-010831","natalie andersen","transfer_name_variant",0.191667,TRUE,FALSE,TRUE,0.704,,,,,,,,,,,,
"r63324","2024-25","Texas Southern","Aylasia Fantroy","wbb-024042","laylay fantroy","transfer_name_variant",0.197619,TRUE,FALSE,TRUE,0.701,,,,,,,,,,,,
"r16119","2021-22","Georgia","Maori Davenport","wbb-002907","maori davenport","same_team_name_variant",0,FALSE,TRUE,FALSE,0.7,,,,,,,,,,,,
"r16170","2021-22","Gonzaga","Maud Huijbens","wbb-007799","maud huijbens","transfer_name_variant",0,TRUE,FALSE,FALSE,0.7,,,,,,,,,,,,
"r17829","2021-22","McNeese State","Lana Skripkina","wbb-005085","lana skripkina","transfer_name_variant",0,TRUE,FALSE,FALSE,0.7,,,,,,,,,,,,
"r17918","2021-22","Merrimack","Carla Balague","wbb-009895","carla balague","transfer_name_variant",0,TRUE,FALSE,FALSE,0.7,,,,,,,,,,,,
"r18426","2021-22","UNC Asheville","Jadah Shears","wbb-002109","jiera shears","transfer_name_variant",0.2,TRUE,FALSE,TRUE,0.7,,,,,,,,,,,,
"r23612","2021-22","Lenoir-Rhyne","Abby Wrede","wbb-010468","emma wrede","transfer_name_variant",0.2,FALSE,TRUE,TRUE,0.7,,,,,,,,,,,,
"r25044","2021-22","Queens (NC)","Nicole Gwynn","wbb-007354","nicole gwynn","transfer_name_variant",0,FALSE,TRUE,FALSE,0.7,,,,,,,,,,,,
"r31192","2022-23","Queens (NC)","Alexandria Johnson","wbb-011471","alexandria johnson","same_team_name_variant",0,TRUE,FALSE,FALSE,0.7,,,,,,,,,,,,
"r35196","2022-23","Kentucky St.","Nina Blade","wbb-014372","nina blade","same_team_name_variant",0,TRUE,FALSE,FALSE,0.7,,,,,,,,,,,,
"r26737","2022-23","Texas A&M","Tineya Hylton","wbb-014075","tineya hylton","transfer_name_variant",0,FALSE,TRUE,FALSE,0.7,,,,,,,,,,,,
"r29986","2022-23","Arkansas-Pine Bluff","Maori Davenport","wbb-014077","maori davenport","transfer_name_variant",0,TRUE,FALSE,FALSE,0.7,,,,,,,,,,,,
"r37493","2022-23","South Carolina St.","Nicole Gwynn","wbb-017025","nicole gwynn","transfer_name_variant",0,FALSE,TRUE,FALSE,0.7,,,,,,,,,,,,
"r41488","2023-24","Brigham Young","Kaylee Smiler","wbb-000872","kaylee smiler","same_team_name_variant",0,FALSE,TRUE,FALSE,0.7,,,,,,,,,,,,
"r41488","2023-24","Brigham Young","Kaylee Smiler","wbb-017990","kaylee smiler","same_team_name_variant",0,FALSE,TRUE,FALSE,0.7,,,,,,,,,,,,
"r41489","2023-24","Brigham Young","Lauren Gustin","wbb-000873","lauren gustin","same_team_name_variant",0,FALSE,TRUE,FALSE,0.7,,,,,,,,,,,,
"r41489","2023-24","Brigham Young","Lauren Gustin","wbb-017991","lauren gustin","same_team_name_variant",0,FALSE,TRUE,FALSE,0.7,,,,,,,,,,,,
"r41494","2023-24","Brigham Young","Rose Bubakar","wbb-013381","rose bubakar","same_team_name_variant",0,FALSE,TRUE,FALSE,0.7,,,,,,,,,,,,
"r41494","2023-24","Brigham Young","Rose Bubakar","wbb-017996","rose bubakar","same_team_name_variant",0,FALSE,TRUE,FALSE,0.7,,,,,,,,,,,,
"r41495","2023-24","Brigham Young","Emma Calvert","wbb-013382","emma calvert","same_team_name_variant",0,FALSE,TRUE,FALSE,0.7,,,,,,,,,,,,
"r41495","2023-24","Brigham Young","Emma Calvert","wbb-017997","emma calvert","same_team_name_variant",0,FALSE,TRUE,FALSE,0.7,,,,,,,,,,,,
"r42120","2023-24","Centenary (LA)","Madison Davis","wbb-021978","madison davis","same_team_name_variant",0,TRUE,FALSE,FALSE,0.7,,,,,,,,,,,,
"r46418","2023-24","MCLA","Emma Butler","wbb-014939","emma butler","same_team_name_variant",0,TRUE,FALSE,FALSE,0.7,,,,,,,,,,,,
"r52737","2023-24","Queens (NC)","Alexandria Johnson","wbb-018894","alexandria johnson","same_team_name_variant",0,TRUE,FALSE,FALSE,0.7,,,,,,,,,,,,
"r54423","2023-24","Edward Waters","Paige Sanders","wbb-021791","paige sanders","same_team_name_variant",0,TRUE,FALSE,FALSE,0.7,,,,,,,,,,,,
"r41763","2023-24","Cal State LA","Gabriella Rones","wbb-005309","gabby rones","transfer_name_variant",0.200572,FALSE,TRUE,TRUE,0.7,,,,,,,,,,,,
"r44550","2023-24","Kentucky St.","Aniyah Jenkins","wbb-020260","aniyah jenkins","transfer_name_variant",0,FALSE,TRUE,FALSE,0.7,,,,,,,,,,,,
"r44683","2023-24","Lake Forest","Rebecca Christodoulou","wbb-017364","rebecca christodoulou","transfer_name_variant",0,TRUE,FALSE,FALSE,0.7,,,,,,,,,,,,
"r44877","2023-24","Longwood","Amor Harris","wbb-003683","ciara harris","transfer_name_variant",0.199495,TRUE,FALSE,TRUE,0.7,,,,,,,,,,,,
"r45235","2023-24","Marshall","Aislynn Hayes","wbb-004772","aislynn hayes","transfer_name_variant",0,TRUE,FALSE,FALSE,0.7,,,,,,,,,,,,
"r45570","2023-24","Michigan","Elissa Brett","wbb-000821","elissa brett","transfer_name_variant",0,TRUE,FALSE,FALSE,0.7,,,,,,,,,,,,
"r50571","2023-24","Catawba","Yvonne Lee","wbb-011476","yvonne lee","transfer_name_variant",0,TRUE,FALSE,FALSE,0.7,,,,,,,,,,,,
"r55467","2024-25","Brigham Young","Emma Calvert","wbb-022325","emma calvert","same_team_name_variant",0,FALSE,TRUE,FALSE,0.7,,,,,,,,,,,,
"r70419","2024-25","Concordia (TX)","Daysha Tijerina","wbb-026241","daysha tijerina","same_team_name_variant",0,TRUE,FALSE,FALSE,0.7,,,,,,,,,,,,
"r56512","2024-25","Columbia","Marija Avlijas","wbb-023721","marija avlijas","transfer_name_variant",0,TRUE,FALSE,FALSE,0.7,,,,,,,,,,,,
"r57752","2024-25","Georgia Southern","Nicole Gwynn","wbb-007354","nicole gwynn","transfer_name_variant",0,FALSE,TRUE,FALSE,0.7,,,,,,,,,,,,
"r57752","2024-25","Georgia Southern","Nicole Gwynn","wbb-015597","nicole gwynn","transfer_name_variant",0,FALSE,TRUE,FALSE,0.7,,,,,,,,,,,,
"r57752","2024-25","Georgia Southern","Nicole Gwynn","wbb-020956","nicole gwynn","transfer_name_variant",0,FALSE,TRUE,FALSE,0.7,,,,,,,,,,,,
"r62403","2024-25","Sam Houston State","Kyleigh McGuire","wbb-008022","kyleigh mcguire","transfer_name_variant",0,TRUE,FALSE,FALSE,0.7,,,,,,,,,,,,
"r62403","2024-25","Sam Houston State","Kyleigh McGuire","wbb-018608","kyleigh mcguire","transfer_name_variant",0,TRUE,FALSE,FALSE,0.7,,,,,,,,,,,,
"r63565","2024-25","Tuskegee","Alexandria Johnson","wbb-011471","alexandria johnson","transfer_name_variant",0,TRUE,FALSE,FALSE,0.7,,,,,,,,,,,,
"r63565","2024-25","Tuskegee","Alexandria Johnson","wbb-026090","alexandria johnson","transfer_name_variant",0,TRUE,FALSE,FALSE,0.7,,,,,,,,,,,,
"r64709","2024-25","Wright St.","Olivia Brown","wbb-022008","olivia brown","transfer_name_variant",0,FALSE,TRUE,FALSE,0.7,,,,,,,,,,,,
"r67295","2024-25","Queens (NC)","Ana Barreto","wbb-017918","ana barreto","transfer_name_variant",0,TRUE,FALSE,FALSE,0.7,,,,,,,,,,,,
"r68178","2024-25","Seton Hill","Anna Rafferty","wbb-020164","anna rafferty","transfer_name_variant",0,TRUE,FALSE,FALSE,0.7,,,,,,,,,,,,
"r71445","2025-26","Bethune-Cookman","Alexandria Johnson","wbb-011471","alexandria johnson","transfer_name_variant",0,TRUE,FALSE,FALSE,0.7,,,,,,,,,,,,
"r71445","2025-26","Bethune-Cookman","Alexandria Johnson","wbb-026090","alexandria johnson","transfer_name_variant",0,TRUE,FALSE,FALSE,0.7,,,,,,,,,,,,
"r72983","2025-26","Davidson","Angeliki Ziaka","wbb-029956","angeliki ziaka","transfer_name_variant",0,TRUE,FALSE,FALSE,0.7,,,,,,,,,,,,
"r73037","2025-26","DePaul","Kate Novik","wbb-029088","kate novik","transfer_name_variant",0,TRUE,FALSE,FALSE,0.7,,,,,,,,,,,,
"r77301","2025-26","Truman State","Neylan Vila Delicado","wbb-025536","neylan vila delicado","transfer_name_variant",0,TRUE,FALSE,FALSE,0.7,,,,,,,,,,,,
"r81564","2025-26","Bloomfield","Kayla Lewis","wbb-022288","kayla lewis","transfer_name_variant",0,TRUE,FALSE,FALSE,0.7,,,,,,,,,,,,
"r81613","2025-26","Caldwell","Ashley Chio","wbb-029612","ashley chio","transfer_name_variant",0,TRUE,FALSE,FALSE,0.7,,,,,,,,,,,,
"r82178","2025-26","Harding","Allie Rehl","wbb-011236","grace rehl","transfer_name_variant",0.2,TRUE,FALSE,TRUE,0.7,,,,,,,,,,,,
"r82389","2025-26","Lincoln Memorial","Maleiya Hill","wbb-010287","maleiya hill","transfer_name_variant",0,TRUE,FALSE,FALSE,0.7,,,,,,,,,,,,
"r82716","2025-26","Post","Claire Greene","wbb-020766","claire greene","transfer_name_variant",0,TRUE,FALSE,FALSE,0.7,,,,,,,,,,,,
"r83566","2025-26","Goldey-Beacom","Gaia Zimbardo","wbb-021483","gaia zimbardo","transfer_name_variant",0,TRUE,FALSE,FALSE,0.7,,,,,,,,,,,,
"r83784","2025-26","Chowan","Aquarius Pettaway","wbb-031187","aquarius pettaway","transfer_name_variant",0,TRUE,FALSE,FALSE,0.7,,,,,,,,,,,,
"r84885","2025-26","Texas-Tyler","Lilli Hakkarainen","wbb-029230","lilli hakkarainen","transfer_name_variant",0,TRUE,FALSE,FALSE,0.7,,,,,,,,,,,,
"r85425","2025-26","Texas A&M-International","Racheal Emmanuel","wbb-024462","racheal emmanuel","transfer_name_variant",0,TRUE,FALSE,FALSE,0.7,,,,,,,,,,,,
"r85650","2025-26","California Baptist","Sofia Alonso","wbb-022420","sofia alonso","transfer_name_variant",0,TRUE,FALSE,FALSE,0.7,,,,,,,,,,,,
"r92753","2026-27","South Carolina St.","Mya Giles","wbb-036876","mya giles","same_team_name_variant",0,TRUE,FALSE,FALSE,0.7,,,,,,,,,,,,
"r86982","2026-27","Charleston Southern","Sofia Ekh","wbb-034980","sofia ekh","transfer_name_variant",0,TRUE,FALSE,FALSE,0.7,,,,,,,,,,,,
"r88069","2026-27","Columbus St.","Aijah Manning","wbb-039881","aijah manning","transfer_name_variant",0,TRUE,FALSE,FALSE,0.7,,,,,,,,,,,,
"r88762","2026-27","FIU","Chloe Emanga","wbb-038415","chloe emanga","transfer_name_variant",0,TRUE,FALSE,FALSE,0.7,,,,,,,,,,,,
"r90415","2026-27","Mercyhurst","Natalie Spano","wbb-027236","caylen spano","transfer_name_variant",0.199145,TRUE,FALSE,TRUE,0.7,,,,,,,,,,,,
"r91127","2026-27","New Mexico State","Jana Vesic","wbb-038416","jana vesic","transfer_name_variant",0,TRUE,FALSE,FALSE,0.7,,,,,,,,,,,,
"r91407","2026-27","Northern Colorado","Mia Galbraith","wbb-024049","mia galbraith","transfer_name_variant",0,TRUE,FALSE,FALSE,0.7,,,,,,,,,,,,
"r91944","2026-27","Queens (NY)","Jayla Cook","wbb-031211","jayla cook","transfer_name_variant",0,TRUE,FALSE,FALSE,0.7,,,,,,,,,,,,
"r91947","2026-27","Queens (NY)","Faith Greene","wbb-028047","faith greene","transfer_name_variant",0,TRUE,FALSE,FALSE,0.7,,,,,,,,,,,,
"r92387","2026-27","Saint Leo","Lena Stinebrickner","wbb-015682","haley stinebrickner","transfer_name_variant",0.200665,TRUE,FALSE,TRUE,0.7,,,,,,,,,,,,
"r92654","2026-27","Seton Hall","Jada Crawshaw","wbb-022407","jada crawshaw","transfer_name_variant",0,TRUE,FALSE,FALSE,0.7,,,,,,,,,,,,
"r92654","2026-27","Seton Hall","Jada Crawshaw","wbb-034775","jada crawshaw","transfer_name_variant",0,TRUE,FALSE,FALSE,0.7,,,,,,,,,,,,
"r92823","2026-27","South Florida","Kate Novik","wbb-029088","kate novik","transfer_name_variant",0,TRUE,FALSE,FALSE,0.7,,,,,,,,,,,,
"r92823","2026-27","South Florida","Kate Novik","wbb-034367","kate novik","transfer_name_variant",0,TRUE,FALSE,FALSE,0.7,,,,,,,,,,,,
"r94443","2026-27","Central Arkansas","Layla-J Cameron","wbb-037185","layla j cameron","transfer_name_variant",0,TRUE,FALSE,FALSE,0.7,,,,,,,,,,,,
"r94616","2026-27","East Tex. Baptist","Karlee Cronk","wbb-038220","karlee cronk","transfer_name_variant",0,TRUE,FALSE,FALSE,0.7,,,,,,,,,,,,
"r94619","2026-27","East Tex. Baptist","Aubrey Marjason","wbb-026711","aubrey marjason","transfer_name_variant",0,TRUE,FALSE,FALSE,0.7,,,,,,,,,,,,
"r94808","2026-27","Grand Canyon","T'yana Todd","wbb-017633","t yana todd","transfer_name_variant",0,TRUE,FALSE,FALSE,0.7,,,,,,,,,,,,
"r95046","2026-27","Mars Hill","Aquarius Pettaway","wbb-031187","aquarius pettaway","transfer_name_variant",0,TRUE,FALSE,FALSE,0.7,,,,,,,,,,,,
"r95593","2026-27","Wingate","Senali Moss","wbb-024661","senali moss","transfer_name_variant",0,TRUE,FALSE,FALSE,0.7,,,,,,,,,,,,
"r95821","2026-27","Southwest Baptist","Ai Yonemura","wbb-034278","ai yonemura","transfer_name_variant",0,TRUE,FALSE,FALSE,0.7,,,,,,,,,,,,
"r96940","2026-27","King (TN)","Alycia Secchiaroli","wbb-033779","alycia secchiaroli","transfer_name_variant",0,TRUE,FALSE,FALSE,0.7,,,,,,,,,,,,
"r97011","2026-27","Seton Hill","Roxy Dagostino","wbb-038695","roxy dagostino","transfer_name_variant",0,TRUE,FALSE,FALSE,0.7,,,,,,,,,,,,
"r97490","2026-27","Union (TN)","Tiara Hozumi","wbb-037999","tiara hozumi","transfer_name_variant",0,TRUE,FALSE,FALSE,0.7,,,,,,,,,,,,
"r18830","2021-22","North Carolina Central","Talaya Guirantes","wbb-006698","arella guirantes","transfer_name_variant",0.201923,TRUE,FALSE,TRUE,0.699,,,,,,,,,,,,
"r23280","2021-22","Francis Marion","Kiana Lee","wbb-012908","lonesha lee","transfer_name_variant",0.401515,TRUE,TRUE,FALSE,0.699,,,,,,,,,,,,
"r30576","2022-23","Christian Brothers","Yaya Coleman","wbb-005546","ya taria coleman","transfer_name_variant",0.202525,TRUE,FALSE,TRUE,0.699,,,,,,,,,,,,
"r60838","2024-25","Northeastern","Abby Jegede","wbb-017772","abigail jegede","transfer_name_variant",0.202982,TRUE,FALSE,TRUE,0.699,,,,,,,,,,,,
"r65572","2024-25","Neb.-Kearney","Bree Horyna","wbb-000002","katie horyna","transfer_name_variant",0.20202,TRUE,FALSE,TRUE,0.699,,,,,,,,,,,,
"r76503","2025-26","Missouri-St. Louis","Jaeda Wilson","wbb-006678","nola wilson","transfer_name_variant",0.20202,TRUE,FALSE,TRUE,0.699,,,,,,,,,,,,
"r88873","2026-27","Fredonia","Dani Oakley","wbb-011043","belle oakley","transfer_name_variant",0.402958,TRUE,TRUE,FALSE,0.699,,,,,,,,,,,,
"r66356","2024-25","Wilmington (OH)","Gabby Russell","wbb-025863","gabrielle russell","transfer_name_variant",0.203099,FALSE,TRUE,TRUE,0.698,,,,,,,,,,,,
"r70348","2024-25","USC Upstate","Saulele Tanuvasa","wbb-022633","lele tanuvasa","transfer_name_variant",0.203526,TRUE,FALSE,TRUE,0.698,,,,,,,,,,,,
"r78261","2025-26","Rensselaer","Emilia Rojik","wbb-001865","jaycie rojik","transfer_name_variant",0.203704,FALSE,TRUE,TRUE,0.698,,,,,,,,,,,,
"r90588","2026-27","Millikin","Lauryn Jackson","wbb-022418","ayanna jackson","transfer_name_variant",0.203463,TRUE,FALSE,TRUE,0.698,,,,,,,,,,,,
"r14008","2021-22","Brigham Young","Amanda Barcello","wbb-004414","sarah barcello","transfer_name_variant",0.205772,TRUE,FALSE,TRUE,0.697,,,,,,,,,,,,
"r46021","2023-24","Muhlenberg","Lyndsey Costigan","wbb-017746","alyssa costigan","transfer_name_variant",0.205556,TRUE,FALSE,TRUE,0.697,,,,,,,,,,,,
"r75314","2025-26","Lane","Jahniya Brown","wbb-007440","chrissy brown","transfer_name_variant",0.205128,TRUE,FALSE,TRUE,0.697,,,,,,,,,,,,
"r75880","2025-26","Mary Washington","Julianna Fisher","wbb-028720","allison fisher","transfer_name_variant",0.205772,TRUE,FALSE,TRUE,0.697,,,,,,,,,,,,
"r76218","2025-26","Miami","Camille Williams","wbb-005965","madi williams","transfer_name_variant",0.206197,TRUE,FALSE,TRUE,0.697,,,,,,,,,,,,
"r76400","2025-26","Mississippi College","Gabby Collier","wbb-012921","janae collier","transfer_name_variant",0.205128,TRUE,FALSE,TRUE,0.697,,,,,,,,,,,,
"r79057","2025-26","Savannah St.","Kira Williams","wbb-001263","kayla williams","transfer_name_variant",0.205894,TRUE,FALSE,TRUE,0.697,,,,,,,,,,,,
"r84686","2025-26","Spalding","A'Nieja Russell","wbb-027508","claire russell","transfer_name_variant",0.205772,TRUE,FALSE,TRUE,0.697,,,,,,,,,,,,
"r95369","2026-27","Sul Ross St.","Anaya Williams","wbb-007668","kiana williams","transfer_name_variant",0.206349,TRUE,FALSE,TRUE,0.697,,,,,,,,,,,,
"r96305","2026-27","Colorado Mesa","Abigail Leahy","wbb-036064","abby leahy","transfer_name_variant",0.205897,TRUE,FALSE,TRUE,0.697,,,,,,,,,,,,
"r43173","2023-24","Elmira","Mallory Welty","wbb-000185","karly welty","transfer_name_variant",0.207226,FALSE,TRUE,TRUE,0.696,,,,,,,,,,,,
"r87646","2026-27","UC San Diego","Alexandra Cummins","wbb-036775","allie cummins","transfer_name_variant",0.207871,TRUE,FALSE,TRUE,0.696,,,,,,,,,,,,
"r90165","2026-27","Marquette","Amina Traoré","wbb-035856","salimata traore","transfer_name_variant",0.207576,TRUE,FALSE,TRUE,0.696,,,,,,,,,,,,
"r90401","2026-27","Mercy","Callie Mullin","wbb-005997","caitlin mullin","transfer_name_variant",0.207259,TRUE,FALSE,TRUE,0.696,,,,,,,,,,,,
"r55925","2024-25","UC Riverside","TT Hill-Brown","wbb-021671","tiairra hill brown","transfer_name_variant",0.210577,FALSE,TRUE,TRUE,0.695,,,,,,,,,,,,
"r78060","2025-26","Principia","Ariana Williams","wbb-030935","na lani williams","transfer_name_variant",0.209509,TRUE,FALSE,TRUE,0.695,,,,,,,,,,,,
"r33690","2022-23","Albertus Magnus","Jasmine St. Clair","wbb-010990","jasmine st claire","same_team_name_variant",0.011765,TRUE,FALSE,FALSE,0.694,,,,,,,,,,,,
"r36428","2022-23","Bates","Ava James","wbb-015200","sophia james","transfer_name_variant",0.212963,TRUE,FALSE,TRUE,0.694,,,,,,,,,,,,
"r84499","2025-26","Clayton State","Quamiya Ward","wbb-025332","jada ward","transfer_name_variant",0.212963,TRUE,FALSE,TRUE,0.694,,,,,,,,,,,,
"r86301","2025-26","Asbury","Bre Jones","wbb-023313","mariah jones","transfer_name_variant",0.212963,TRUE,FALSE,TRUE,0.694,,,,,,,,,,,,
"r91597","2026-27","Ohio","Blossom Wallace","wbb-028354","berry wallace","transfer_name_variant",0.212308,TRUE,FALSE,TRUE,0.694,,,,,,,,,,,,
"r36108","2022-23","Muskingum","Tori Jones","wbb-013951","tamyah jones","transfer_name_variant",0.215,FALSE,TRUE,TRUE,0.693,,,,,,,,,,,,
"r47396","2023-24","Randolph-Macon","Rachael Anderson","wbb-016400","shakara anderson","transfer_name_variant",0.214744,TRUE,FALSE,TRUE,0.693,,,,,,,,,,,,
"r67045","2024-25","Georgian Court","Karissa Smedley","wbb-026014","karissa smedly","same_team_name_variant",0.013333,FALSE,TRUE,FALSE,0.693,,,,,,,,,,,,
"r38447","2022-23","Wisconsin-Superior","Sophie Majewski","wbb-000622","isabel majewski","transfer_name_variant",0.216667,TRUE,FALSE,TRUE,0.692,,,,,,,,,,,,
"r83349","2025-26","Oglethorpe","Marlie Battle","wbb-018913","laila battle","transfer_name_variant",0.215812,TRUE,FALSE,TRUE,0.692,,,,,,,,,,,,
"r96511","2026-27","Salem (WV)","Kassaya Krause","wbb-032054","kasaya krause","same_team_name_variant",0.016667,FALSE,TRUE,FALSE,0.692,,,,,,,,,,,,
"r19268","2021-22","Oklahoma","Kaley Perkins","wbb-004083","mia perkins","transfer_name_variant",0.218726,TRUE,FALSE,TRUE,0.691,,,,,,,,,,,,
"r40254","2022-23","Western New Eng.","Perry Blasetti","wbb-007273","haley blasetti","transfer_name_variant",0.218615,FALSE,TRUE,TRUE,0.691,,,,,,,,,,,,
"r54109","2023-24","Southern Va.","Abigail Snyder","wbb-021948","abbigail snyder","same_team_name_variant",0.017778,FALSE,TRUE,FALSE,0.691,,,,,,,,,,,,
"r42332","2023-24","Cleveland State","Paulina Hernandez","wbb-012568","nicole hernandez","transfer_name_variant",0.217854,TRUE,FALSE,TRUE,0.691,,,,,,,,,,,,
"r48240","2023-24","Shippensburg","Mia Johnson","wbb-007051","leah johnson","transfer_name_variant",0.218013,TRUE,FALSE,TRUE,0.691,,,,,,,,,,,,
"r50940","2023-24","Gardner-Webb","Andrea Martínez","wbb-013400","marta neira martinez","transfer_name_variant",0.21746,TRUE,FALSE,TRUE,0.691,,,,,,,,,,,,
"r53761","2023-24","Penn St.-Abington","Kaya Mobley","wbb-006590","amanda mobley","transfer_name_variant",0.218726,TRUE,FALSE,TRUE,0.691,,,,,,,,,,,,
"r59395","2024-25","Minnesota St.","Mallory Czinano","wbb-014725","maggie czinano","transfer_name_variant",0.218413,TRUE,FALSE,TRUE,0.691,,,,,,,,,,,,
"r72202","2025-26","Campbell","Jasmine Nivar","wbb-018481","indya nivar","transfer_name_variant",0.218726,TRUE,FALSE,TRUE,0.691,,,,,,,,,,,,
"r77317","2025-26","Northeastern","Andrea Martinez","wbb-013400","marta neira martinez","transfer_name_variant",0.21746,TRUE,FALSE,TRUE,0.691,,,,,,,,,,,,
"r77585","2025-26","Ohio Wesleyan","Skylar Grabow","wbb-031112","sadie grabow","transfer_name_variant",0.217308,FALSE,TRUE,TRUE,0.691,,,,,,,,,,,,
"r90134","2026-27","Mansfield","Anna Taylor","wbb-006247","hayden taylor","transfer_name_variant",0.218726,FALSE,TRUE,TRUE,0.691,,,,,,,,,,,,
"r14111","2021-22","Buffalo","Nia Jordan","wbb-000386","jala jordan","transfer_name_variant",0.220076,TRUE,FALSE,TRUE,0.69,,,,,,,,,,,,
"r30097","2022-23","Illinois-Chicago","Marta Gomez","wbb-003530","claudia gomez","transfer_name_variant",0.219114,TRUE,FALSE,TRUE,0.69,,,,,,,,,,,,
"r40719","2023-24","Alfred","Natalee Collins","wbb-021812","eleonore collins","transfer_name_variant",0.219444,TRUE,FALSE,TRUE,0.69,,,,,,,,,,,,
"r51969","2023-24","Goucher","Brianna Johnson","wbb-020496","gabrielle johnson","transfer_name_variant",0.220261,TRUE,FALSE,TRUE,0.69,,,,,,,,,,,,
"r63229","2024-25","Tennessee St.","Angel Hill","wbb-007869","morgan hill","transfer_name_variant",0.220076,TRUE,FALSE,TRUE,0.69,,,,,,,,,,,,
"r70848","2025-26","Alfred","Natalee Collins","wbb-021812","eleonore collins","transfer_name_variant",0.219444,TRUE,FALSE,TRUE,0.69,,,,,,,,,,,,
"r89909","2026-27","Liberty","Kendyl Smith","wbb-028563","dede smith","transfer_name_variant",0.219444,TRUE,FALSE,TRUE,0.69,,,,,,,,,,,,
"r91824","2026-27","Pittsburgh","Jamisen Hill","wbb-034684","maysen hill","transfer_name_variant",0.219192,FALSE,TRUE,TRUE,0.69,,,,,,,,,,,,
"r16733","2021-22","Iona","Isabelle Lipinski","wbb-002748","izzy lipinski","transfer_name_variant",0.22276,FALSE,TRUE,TRUE,0.689,,,,,,,,,,,,
"r55586","2024-25","Buffalo","Caylen Spano","wbb-004634","jillian spano","transfer_name_variant",0.222934,TRUE,FALSE,TRUE,0.689,,,,,,,,,,,,
"r61688","2024-25","Randolph-Macon","Riley White","wbb-011395","madi white","transfer_name_variant",0.221212,TRUE,FALSE,TRUE,0.689,,,,,,,,,,,,
"r70196","2024-25","Lander","Adrianna Smith","wbb-014274","arianna smith","transfer_name_variant",0.021429,TRUE,FALSE,FALSE,0.689,,,,,,,,,,,,
"r73037","2025-26","DePaul","Kate Novik","wbb-023780","katie novik","transfer_name_variant",0.021212,TRUE,FALSE,FALSE,0.689,,,,,,,,,,,,
"r78606","2025-26","St. Bonaventure","Elyse MacDonough","wbb-021763","ava macdonough","transfer_name_variant",0.22105,TRUE,FALSE,TRUE,0.689,,,,,,,,,,,,
"r86192","2025-26","Westminster (UT)","Alisi Peaua","wbb-030499","mata peaua","transfer_name_variant",0.221212,TRUE,FALSE,TRUE,0.689,,,,,,,,,,,,
"r89610","2026-27","Juniata","Teagan Strunk","wbb-034465","mckayla strunk","transfer_name_variant",0.221612,TRUE,FALSE,TRUE,0.689,,,,,,,,,,,,
"r92823","2026-27","South Florida","Kate Novik","wbb-023780","katie novik","transfer_name_variant",0.021212,TRUE,FALSE,FALSE,0.689,,,,,,,,,,,,
"r93402","2026-27","Tufts","Niamh Stapleton","wbb-002922","maggie stapleton","transfer_name_variant",0.222329,TRUE,FALSE,TRUE,0.689,,,,,,,,,,,,
"r47800","2023-24","Saint Francis (PA)","Kameryn Dorsey","wbb-017934","daimoni dorsey","transfer_name_variant",0.22381,TRUE,FALSE,TRUE,0.688,,,,,,,,,,,,
"r60138","2024-25","Montana","Izabella Zingaro","wbb-003549","izzi zingaro","transfer_name_variant",0.224444,FALSE,TRUE,TRUE,0.688,,,,,,,,,,,,
"r63523","2024-25","Tufts","Siobhan Stapleton","wbb-002922","maggie stapleton","transfer_name_variant",0.223039,TRUE,FALSE,TRUE,0.688,,,,,,,,,,,,
"r69766","2024-25","Michigan","Brooke Q. Daniels","wbb-020646","brooke daniels","transfer_name_variant",0.025,TRUE,FALSE,FALSE,0.688,,,,,,,,,,,,
"r78060","2025-26","Principia","Ariana Williams","wbb-025435","taylor williams","transfer_name_variant",0.223232,TRUE,FALSE,TRUE,0.688,,,,,,,,,,,,
"r85762","2025-26","Fresno Pacific","Grace Brown","wbb-026149","paris brown","transfer_name_variant",0.223485,TRUE,FALSE,TRUE,0.688,,,,,,,,,,,,
"r87103","2026-27","Binghamton","Kameryn Dorsey","wbb-017934","daimoni dorsey","transfer_name_variant",0.22381,TRUE,FALSE,TRUE,0.688,,,,,,,,,,,,
"r88448","2026-27","Tex. A&M-Commerce","Blayke Brackens","wbb-023849","mckinna brackens","transfer_name_variant",0.223359,TRUE,FALSE,TRUE,0.688,,,,,,,,,,,,
"r97068","2026-27","Mary","Megan Dietz","wbb-005604","emily dietz","transfer_name_variant",0.223485,FALSE,TRUE,TRUE,0.688,,,,,,,,,,,,
"r25613","2021-22","Texas-Tyler","Tina Machalova","wbb-000758","martina machalova","transfer_name_variant",0.22549,TRUE,FALSE,TRUE,0.687,,,,,,,,,,,,
"r26481","2021-22","Lubbock Christian","Audrey Spurgin","wbb-008676","abby spurgin","transfer_name_variant",0.225714,TRUE,FALSE,TRUE,0.687,,,,,,,,,,,,
"r39153","2022-23","Caldwell","Gules Esposito","wbb-001352","gia esposito","transfer_name_variant",0.225714,TRUE,FALSE,TRUE,0.687,,,,,,,,,,,,
"r39153","2022-23","Caldwell","Gules Esposito","wbb-007685","gia esposito","transfer_name_variant",0.225714,TRUE,FALSE,TRUE,0.687,,,,,,,,,,,,
"r59507","2024-25","Maryland","Isimenme Ozzy-Momodu","wbb-002349","irekpitan ozzy momodu","transfer_name_variant",0.225179,TRUE,FALSE,TRUE,0.687,,,,,,,,,,,,
"r40603","2023-24","Alabama","Essence Cody","wbb-009495","jayla cody","transfer_name_variant",0.427778,TRUE,TRUE,FALSE,0.686,,,,,,,,,,,,
"r83923","2025-26","Fort Hays St.","Brittan Zeka","wbb-020096","ali zeka","transfer_name_variant",0.228175,FALSE,TRUE,TRUE,0.686,,,,,,,,,,,,
"r84819","2025-26","Florida Gulf Coast","Nay Staton","wbb-024787","anasia staton","transfer_name_variant",0.22849,TRUE,FALSE,TRUE,0.686,,,,,,,,,,,,
"r92740","2026-27","South Alabama","Jolie Mantz","wbb-010932","jordyn mantz","transfer_name_variant",0.228283,TRUE,FALSE,TRUE,0.686,,,,,,,,,,,,
"r96893","2026-27","Salem (NC)","Amaiya Williams","wbb-032908","nekaya williams","transfer_name_variant",0.230556,TRUE,FALSE,TRUE,0.685,,,,,,,,,,,,
"r61365","2024-25","Penn State","Ariana Williams","wbb-004770","cameron williams","transfer_name_variant",0.233333,TRUE,FALSE,TRUE,0.683,,,,,,,,,,,,
"r63436","2024-25","Toledo","Faith Fedd-Robinson","wbb-005524","danielle robinson","transfer_name_variant",0.234977,TRUE,FALSE,TRUE,0.683,,,,,,,,,,,,
"r63436","2024-25","Toledo","Faith Fedd-Robinson","wbb-007223","danielle robinson","transfer_name_variant",0.234977,TRUE,FALSE,TRUE,0.683,,,,,,,,,,,,
"r71695","2025-26","Brooklyn","Ariel Williams","wbb-006867","danaijah williams","transfer_name_variant",0.23453,TRUE,FALSE,TRUE,0.683,,,,,,,,,,,,
"r92034","2026-27","Regis (CO)","Bel Peterson","wbb-035046","bella peterson","transfer_name_variant",0.033333,TRUE,FALSE,FALSE,0.683,,,,,,,,,,,,
"r95048","2026-27","Mars Hill","Simone Johnson","wbb-022184","sania johnson","transfer_name_variant",0.233167,TRUE,FALSE,TRUE,0.683,,,,,,,,,,,,
"r97926","2026-27","IIT","Nadine Adeleke","wbb-025562","remi adeleke","transfer_name_variant",0.234127,FALSE,TRUE,TRUE,0.683,,,,,,,,,,,,
"r66608","2024-25","Southwest Baptist","LJ Boyland","wbb-026029","lajahda boyland","transfer_name_variant",0.235,TRUE,FALSE,TRUE,0.682,,,,,,,,,,,,
"r67409","2024-25","Wilson","Sienna Embrey-Banks","wbb-009276","briaunna embrey banks","transfer_name_variant",0.235835,TRUE,FALSE,TRUE,0.682,,,,,,,,,,,,
"r86704","2026-27","American","Jordyn Hollawell","wbb-018045","brooke hollawell","transfer_name_variant",0.236111,FALSE,TRUE,TRUE,0.682,,,,,,,,,,,,
"r88162","2026-27","Creighton","Jayla Williams","wbb-011834","keanna williams","transfer_name_variant",0.236075,TRUE,FALSE,TRUE,0.682,,,,,,,,,,,,
"r35530","2022-23","Augsburg","Samara Buchanan","wbb-013195","samaiya buchanan","same_team_name_variant",0.038333,TRUE,FALSE,FALSE,0.681,,,,,,,,,,,,
"r29557","2022-23","Murray State","Halle Langhi","wbb-009501","hannah langhi","transfer_name_variant",0.237607,FALSE,TRUE,TRUE,0.681,,,,,,,,,,,,
"r33495","2022-23","Kansas City","Trinity Moreland","wbb-015106","amhyia moreland","transfer_name_variant",0.23851,TRUE,FALSE,TRUE,0.681,,,,,,,,,,,,
"r39718","2022-23","Assumption","Olivia Found","wbb-009207","emma found","transfer_name_variant",0.238889,TRUE,FALSE,TRUE,0.681,,,,,,,,,,,,
"r59757","2024-25","Messiah","Brooke Fenchel","wbb-014133","hayley fenchel","transfer_name_variant",0.238095,TRUE,FALSE,TRUE,0.681,,,,,,,,,,,,
"r29638","2022-23","Rice","Hailey Adams","wbb-000011","alyssa adams","transfer_name_variant",0.240741,TRUE,FALSE,TRUE,0.68,,,,,,,,,,,,
"r48189","2023-24","Scranton","Katie Gorski","wbb-005144","amanda gorski","transfer_name_variant",0.239316,TRUE,FALSE,TRUE,0.68,,,,,,,,,,,,
"r76185","2025-26","Methodist","Arriana White","wbb-002738","maggie white","transfer_name_variant",0.239316,TRUE,FALSE,TRUE,0.68,,,,,,,,,,,,
"r83679","2025-26","Martin Luther","Ella Hunter","wbb-019849","kaylee hunter","transfer_name_variant",0.240559,FALSE,TRUE,TRUE,0.68,,,,,,,,,,,,
"r89924","2026-27","Lincoln (MO)","Makiya Moore","wbb-015120","trinity moore","transfer_name_variant",0.239316,TRUE,FALSE,TRUE,0.68,,,,,,,,,,,,
"r89988","2026-27","UMass Lowell","Hedda Hakanson","wbb-002658","fanny hakanson","transfer_name_variant",0.240476,TRUE,FALSE,TRUE,0.68,,,,,,,,,,,,
"r90588","2026-27","Millikin","Lauryn Jackson","wbb-017718","camille jackson","transfer_name_variant",0.239683,TRUE,FALSE,TRUE,0.68,,,,,,,,,,,,
"r93276","2026-27","Texas-El Paso","Kobe Johnson","wbb-008458","zaria johnson","transfer_name_variant",0.239316,TRUE,FALSE,TRUE,0.68,,,,,,,,,,,,
"r96280","2026-27","Agnes Scott College","Chelcey Simmons","wbb-009820","taylor simmons","transfer_name_variant",0.239683,TRUE,FALSE,TRUE,0.68,,,,,,,,,,,,
"r61027","2024-25","Oakland","Jaidyn Elam","wbb-020839","ikia elam","transfer_name_variant",0.242905,TRUE,FALSE,TRUE,0.679,,,,,,,,,,,,
"r66511","2024-25","North Florida","Sydney Pettis","wbb-007255","lauren pettis","transfer_name_variant",0.242165,TRUE,FALSE,TRUE,0.679,,,,,,,,,,,,
"r67283","2024-25","Colorado Mesa","Jenna Krise","wbb-019666","kylie krise","transfer_name_variant",0.242424,TRUE,FALSE,TRUE,0.679,,,,,,,,,,,,
"r72796","2025-26","Columbus St.","Alana Hankerson","wbb-027587","laila hankerson","transfer_name_variant",0.242735,TRUE,FALSE,TRUE,0.679,,,,,,,,,,,,
"r73848","2025-26","Fordham","Maysen Hill","wbb-025293","jami hill","transfer_name_variant",0.242905,FALSE,TRUE,TRUE,0.679,,,,,,,,,,,,
"r81581","2025-26","Bluefield St.","Azori Edwards","wbb-011631","yanae edwards","transfer_name_variant",0.242165,TRUE,FALSE,TRUE,0.679,,,,,,,,,,,,
"r37565","2022-23","SIUE","Macy Silvey","wbb-007494","makenzie silvey","transfer_name_variant",0.24404,TRUE,FALSE,TRUE,0.678,,,,,,,,,,,,
"r83564","2025-26","Goldey-Beacom","Lydia Betz","wbb-012237","anna betz","transfer_name_variant",0.244444,TRUE,FALSE,TRUE,0.678,,,,,,,,,,,,
"r84724","2025-26","Nova Southeastern","Brianna Williams","wbb-022109","jada williams","transfer_name_variant",0.246358,TRUE,FALSE,TRUE,0.677,,,,,,,,,,,,
"r44202","2023-24","Illinois-Chicago","Keimari Rimmer","wbb-001985","keke rimmer","transfer_name_variant",0.247427,FALSE,TRUE,TRUE,0.676,,,,,,,,,,,,
"r20769","2021-22","South Carolina","Raven Johnson","wbb-007051","leah johnson","transfer_name_variant",0.249145,FALSE,TRUE,TRUE,0.675,,,,,,,,,,,,
"r49385","2023-24","Vanderbilt","Aga Makurat","wbb-008323","ola makurat","transfer_name_variant",0.250842,TRUE,FALSE,TRUE,0.675,,,,,,,,,,,,
"r73696","2025-26","Fayetteville St.","Samiyah Barker","wbb-023815","sydney barker","transfer_name_variant",0.249451,TRUE,FALSE,TRUE,0.675,,,,,,,,,,,,
"r91044","2026-27","UNLV","Tristan Williams","wbb-022434","iyahnna williams","transfer_name_variant",0.25,TRUE,FALSE,TRUE,0.675,,,,,,,,,,,,
"r28957","2022-23","Lehigh","Maddie Albrecht","wbb-005025","willa albrecht","transfer_name_variant",0.251227,TRUE,FALSE,TRUE,0.674,,,,,,,,,,,,
"r44783","2023-24","Lehigh","Maddie Albrecht","wbb-005025","willa albrecht","transfer_name_variant",0.251227,TRUE,FALSE,TRUE,0.674,,,,,,,,,,,,
"r55684","2024-25","Cal State Bakersfield","Dylan Tse","wbb-018119","allysan tse","transfer_name_variant",0.252946,TRUE,FALSE,TRUE,0.674,,,,,,,,,,,,
"r58984","2024-25","Lehigh","Maddie Albrecht","wbb-005025","willa albrecht","transfer_name_variant",0.251227,TRUE,FALSE,TRUE,0.674,,,,,,,,,,,,
"r84181","2025-26","Queens (NC)","Robynn Thompson","wbb-007431","tesia thompson","transfer_name_variant",0.252381,TRUE,FALSE,TRUE,0.674,,,,,,,,,,,,
"r87629","2026-27","UC Riverside","Dylan Tse","wbb-018119","allysan tse","transfer_name_variant",0.252946,FALSE,TRUE,TRUE,0.674,,,,,,,,,,,,
"r87629","2026-27","UC Riverside","Dylan Tse","wbb-027278","allysan tse","transfer_name_variant",0.252946,TRUE,FALSE,TRUE,0.674,,,,,,,,,,,,
"r88210","2026-27","Dayton","Brooke McLeod","wbb-017680","brianna mcleod","transfer_name_variant",0.251363,TRUE,FALSE,TRUE,0.674,,,,,,,,,,,,
"r90666","2026-27","Mississippi College","Hannah Carr","wbb-012390","halley carr","transfer_name_variant",0.251082,TRUE,FALSE,TRUE,0.674,,,,,,,,,,,,
"r91778","2026-27","Pennsylvania","Ava Jones","wbb-006027","manaya jones","transfer_name_variant",0.252315,TRUE,FALSE,TRUE,0.674,,,,,,,,,,,,
"r92158","2026-27","Robert Morris","Teigh Yeast","wbb-023537","timberlynn yeast","transfer_name_variant",0.252462,TRUE,FALSE,TRUE,0.674,,,,,,,,,,,,
"r38645","2022-23","McMurry","Bel Martinez","wbb-010473","juliett martinez","transfer_name_variant",0.253157,TRUE,FALSE,TRUE,0.673,,,,,,,,,,,,
"r44215","2023-24","Indiana State","Keslyn Secrist","wbb-002340","kassidy secrist","transfer_name_variant",0.253377,TRUE,FALSE,TRUE,0.673,,,,,,,,,,,,
"r49586","2023-24","WashU","Sydney Starks","wbb-014536","peyton starks","transfer_name_variant",0.253846,TRUE,FALSE,TRUE,0.673,,,,,,,,,,,,
"r51761","2023-24","Texas Lutheran","Juliett Martinez","wbb-021313","bel martinez","transfer_name_variant",0.253157,TRUE,FALSE,TRUE,0.673,,,,,,,,,,,,
"r80297","2025-26","Valdosta St.","Alina Martin","wbb-026667","emma kay martin","transfer_name_variant",0.253704,TRUE,FALSE,TRUE,0.673,,,,,,,,,,,,
"r85585","2025-26","Cedarville","Emma Kay Martin","wbb-031392","alina martin","transfer_name_variant",0.253704,TRUE,FALSE,TRUE,0.673,,,,,,,,,,,,
"r91234","2026-27","N.C. A&T","Whitley Davis","wbb-037953","ryan davis","transfer_name_variant",0.253846,FALSE,TRUE,TRUE,0.673,,,,,,,,,,,,
"r40862","2023-24","Arizona","Skylar Jones","wbb-000903","kyla jones","transfer_name_variant",0.055556,TRUE,FALSE,FALSE,0.672,,,,,,,,,,,,
"r53037","2023-24","Stevenson","Taylor Johnson","wbb-008036","destiny johnson","transfer_name_variant",0.256349,TRUE,FALSE,TRUE,0.672,,,,,,,,,,,,
"r53842","2023-24","Notre Dame (OH)","Kennadi Harris","wbb-002631","anisja harris","transfer_name_variant",0.25549500000000003,TRUE,FALSE,TRUE,0.672,,,,,,,,,,,,
"r66585","2024-25","Lake Erie","Kennadi Harris","wbb-002631","anisja harris","transfer_name_variant",0.25549500000000003,FALSE,TRUE,TRUE,0.672,,,,,,,,,,,,
"r71727","2025-26","Bryant","Azanah Campbell","wbb-002150","sekya campbell","transfer_name_variant",0.256349,FALSE,TRUE,TRUE,0.672,,,,,,,,,,,,
"r75785","2025-26","Minnesota St.","Haylee Stokes","wbb-030880","jordyn stokes","transfer_name_variant",0.25641,TRUE,FALSE,TRUE,0.672,,,,,,,,,,,,
"r76198","2025-26","MSU Denver","Gianna Whiteside","wbb-020149","maya whiteside","transfer_name_variant",0.255952,TRUE,FALSE,TRUE,0.672,,,,,,,,,,,,
"r89169","2026-27","Hofstra","Mone't Edwards","wbb-017929","d shantae edwards","transfer_name_variant",0.256769,TRUE,FALSE,TRUE,0.672,,,,,,,,,,,,
"r91694","2026-27","Otterbein","Madilyn Stechschulte","wbb-029411","katelyn stechschulte","transfer_name_variant",0.256863,FALSE,TRUE,TRUE,0.672,,,,,,,,,,,,
"r92890","2026-27","Southern Ill.","Lynelle Awou","wbb-029287","lorena awou","transfer_name_variant",0.256818,TRUE,FALSE,TRUE,0.672,,,,,,,,,,,,
"r62805","2024-25","Southeast Missouri State","Lexi McCully","wbb-008820","mariah mccully","transfer_name_variant",0.257937,TRUE,FALSE,TRUE,0.671,,,,,,,,,,,,
"r90158","2026-27","Marquette","Brooklyn Hall","wbb-017702","bree hall","transfer_name_variant",0.258527,TRUE,FALSE,TRUE,0.671,,,,,,,,,,,,
"r43885","2023-24","Harvard","Mary Hollensteiner","wbb-014701","katie hollensteiner","transfer_name_variant",0.259064,TRUE,FALSE,TRUE,0.67,,,,,,,,,,,,
"r52363","2023-24","Southwest Minn. St.","Brynn Busse","wbb-010617","halley busse","transfer_name_variant",0.260101,TRUE,FALSE,TRUE,0.67,,,,,,,,,,,,
"r71074","2025-26","Assumption","Reese Matela","wbb-002499","olivia matela","transfer_name_variant",0.459402,TRUE,TRUE,FALSE,0.67,,,,,,,,,,,,
"r73286","2025-26","East Carolina","Amanda Smith","wbb-021974","leila smith","transfer_name_variant",0.260101,TRUE,FALSE,TRUE,0.67,,,,,,,,,,,,
"r89909","2026-27","Liberty","Kendyl Smith","wbb-027504","amaya smith","transfer_name_variant",0.260101,TRUE,FALSE,TRUE,0.67,,,,,,,,,,,,
"r97925","2026-27","IIT","Nadia Adeleke","wbb-025562","remi adeleke","transfer_name_variant",0.259972,FALSE,TRUE,TRUE,0.67,,,,,,,,,,,,
"r16712","2021-22","Purdue-Fort Wayne","Shianne Johnson","wbb-005315","lapraisjah johnson","transfer_name_variant",0.261111,TRUE,FALSE,TRUE,0.669,,,,,,,,,,,,
"r28875","2022-23","Jacksonville","Emerielle James","wbb-007569","emmy james","transfer_name_variant",0.261111,TRUE,FALSE,TRUE,0.669,,,,,,,,,,,,
"r31001","2022-23","Greenville","Xela Davis","wbb-011490","heaven davis","transfer_name_variant",0.261111,TRUE,FALSE,TRUE,0.669,,,,,,,,,,,,
"r52775","2023-24","West Florida","Delaney Trushel","wbb-011429","emily trushel","transfer_name_variant",0.261383,TRUE,FALSE,TRUE,0.669,,,,,,,,,,,,
"r78060","2025-26","Principia","Ariana Williams","wbb-030099","ainaya williams","transfer_name_variant",0.061429,TRUE,FALSE,FALSE,0.669,,,,,,,,,,,,
"r79771","2025-26","Tennessee St.","Kaliyah Montoya","wbb-028419","shalance montoya","transfer_name_variant",0.261111,TRUE,FALSE,TRUE,0.669,,,,,,,,,,,,
"r66405","2024-25","Mt. St. Mary (NY)","Lizzy Lofaro","wbb-007681","elizabeth lofaro","transfer_name_variant",0.263889,TRUE,FALSE,TRUE,0.668,,,,,,,,,,,,
"r89924","2026-27","Lincoln (MO)","Makiya Moore","wbb-015121","tirzah moore","transfer_name_variant",0.263889,TRUE,FALSE,TRUE,0.668,,,,,,,,,,,,
"r91149","2026-27","New Mexico","Kate Wernli","wbb-021999","gracy wernli","transfer_name_variant",0.26452,TRUE,FALSE,TRUE,0.668,,,,,,,,,,,,
"r37648","2022-23","Texas Lutheran","Davi'Yanna Jones","wbb-008020","deja jones","transfer_name_variant",0.26625,TRUE,FALSE,TRUE,0.667,,,,,,,,,,,,
"r38993","2022-23","Chico St.","Sophia Williams","wbb-001739","ava williams","transfer_name_variant",0.266667,TRUE,FALSE,TRUE,0.667,,,,,,,,,,,,
"r54109","2023-24","Southern Va.","Abigail Snyder","wbb-017015","abi snyder","transfer_name_variant",0.066667,FALSE,TRUE,FALSE,0.667,,,,,,,,,,,,
"r72422","2025-26","Central Michigan","Lilah Turnbull","wbb-020635","marian turnbull","transfer_name_variant",0.266378,TRUE,FALSE,TRUE,0.667,,,,,,,,,,,,
"r82535","2025-26","Montevallo","Audrey Hendrix","wbb-025583","anna hendrix","transfer_name_variant",0.265476,TRUE,FALSE,TRUE,0.667,,,,,,,,,,,,
"r87461","2026-27","Long Beach State","Ashanti Dias","wbb-027335","aaliyah dias","transfer_name_variant",0.266667,TRUE,FALSE,TRUE,0.667,,,,,,,,,,,,
"r22456","2021-22","Milwaukee","Anna Lutz","wbb-005778","elizabeth lutz","transfer_name_variant",0.468254,TRUE,TRUE,FALSE,0.666,,,,,,,,,,,,
"r35776","2022-23","MSU Denver","Brianna Sealy","wbb-004683","brianna bailey","same_team_name_variant",0.068956,TRUE,FALSE,FALSE,0.666,,,,,,,,,,,,
"r56923","2024-25","Drexel","Mariah Watkins","wbb-014306","anya watkins","transfer_name_variant",0.26746,FALSE,TRUE,TRUE,0.666,,,,,,,,,,,,
"r88310","2026-27","Denver","Mallory McQuietor","wbb-000773","sydney mcquietor","transfer_name_variant",0.267268,TRUE,FALSE,TRUE,0.666,,,,,,,,,,,,
"r39707","2022-23","Western Ky.","Acacia Hayes","wbb-004771","anastasia hayes","transfer_name_variant",0.27,TRUE,FALSE,TRUE,0.665,,,,,,,,,,,,
"r77021","2025-26","New Orleans","Logan Johnson","wbb-024741","loghan johnson","transfer_name_variant",0.070513,TRUE,FALSE,FALSE,0.665,,,,,,,,,,,,
"r82355","2025-26","Lander","Sabri Mitchell","wbb-028167","jasmine mitchell","transfer_name_variant",0.269841,TRUE,FALSE,TRUE,0.665,,,,,,,,,,,,
"r86651","2026-27","Albany","Abriyah Cunningham","wbb-014581","catie cunningham","transfer_name_variant",0.270477,TRUE,FALSE,TRUE,0.665,,,,,,,,,,,,
"r97925","2026-27","IIT","Nadia Adeleke","wbb-010235","weade adeleke","transfer_name_variant",0.270513,FALSE,TRUE,TRUE,0.665,,,,,,,,,,,,
"r58430","2024-25","Purdue-Fort Wayne","Taeya Steinauer","wbb-015632","kiana steinauer","transfer_name_variant",0.272222,TRUE,FALSE,TRUE,0.664,,,,,,,,,,,,
"r89637","2026-27","Kansas","Anna Gooden","wbb-034258","erianna gooden","transfer_name_variant",0.071429,TRUE,FALSE,FALSE,0.664,,,,,,,,,,,,
"r93755","2026-27","Washington State","Lizzy Filchagina","wbb-036954","elizaveta filchagina","transfer_name_variant",0.272619,TRUE,FALSE,TRUE,0.664,,,,,,,,,,,,
"r31151","2022-23","Huntingdon","Khali Johnson","wbb-012362","monika johnson","transfer_name_variant",0.274226,TRUE,FALSE,TRUE,0.663,,,,,,,,,,,,
"r38187","2022-23","St. Thomas (MN)","Amber Scalia","wbb-004874","sara scalia","transfer_name_variant",0.273569,TRUE,FALSE,TRUE,0.663,,,,,,,,,,,,
"r43614","2023-24","Georgia State","Eghosa Obasuyi","wbb-018005","kehinde obasuyi","transfer_name_variant",0.273016,TRUE,FALSE,TRUE,0.663,,,,,,,,,,,,
"r57977","2024-25","Hampton","CeCe Thomas","wbb-006165","constance thomas","transfer_name_variant",0.274773,TRUE,FALSE,TRUE,0.663,,,,,,,,,,,,
"r70781","2025-26","Albany St. (GA)","Jayla Johnson","wbb-010845","jonaie johnson","transfer_name_variant",0.274945,TRUE,FALSE,TRUE,0.663,,,,,,,,,,,,
"r88303","2026-27","Denver","Safiyah Sugapong","wbb-022453","sumayah sugapong","transfer_name_variant",0.075,FALSE,TRUE,FALSE,0.663,,,,,,,,,,,,
"r39406","2022-23","Oklahoma","Kiersten Johnson","wbb-007926","ciera johnson","transfer_name_variant",0.276661,TRUE,FALSE,TRUE,0.662,,,,,,,,,,,,
"r49975","2023-24","Winston-Salem","Chloe Williams","wbb-009572","amira williams","transfer_name_variant",0.275132,TRUE,FALSE,TRUE,0.662,,,,,,,,,,,,
"r66075","2024-25","Schreiner","Bell Martinez","wbb-010473","juliett martinez","transfer_name_variant",0.276661,TRUE,FALSE,TRUE,0.662,,,,,,,,,,,,
"r76181","2025-26","Methodist","Jada Richardson","wbb-017695","reigan richardson","transfer_name_variant",0.275817,TRUE,FALSE,TRUE,0.662,,,,,,,,,,,,
"r83506","2025-26","Albertus Magnus","Jaylah Cruz","wbb-030393","brianelly cruz","transfer_name_variant",0.275433,TRUE,FALSE,TRUE,0.662,,,,,,,,,,,,
"r96999","2026-27","Seton Hill","Monique Vincent","wbb-010711","mariah vincent","transfer_name_variant",0.275714,FALSE,TRUE,TRUE,0.662,,,,,,,,,,,,
"r45503","2023-24","Messiah","Izzy Ipri","wbb-010371","tatiana ipri","transfer_name_variant",0.277778,TRUE,FALSE,TRUE,0.661,,,,,,,,,,,,
"r57154","2024-25","Eastern Washington","Jaecy Eggers","wbb-009844","jaela eggers","transfer_name_variant",0.077778,TRUE,FALSE,FALSE,0.661,,,,,,,,,,,,
"r76904","2025-26","Nevada","Makayla Carter","wbb-005297","tianna carter","transfer_name_variant",0.277167,TRUE,FALSE,TRUE,0.661,,,,,,,,,,,,
"r83141","2025-26","Whitworth","Peyton Size","wbb-025753","cc size","transfer_name_variant",0.277056,FALSE,TRUE,TRUE,0.661,,,,,,,,,,,,
"r83946","2025-26","Missouri Western","Nakiya Harris","wbb-005921","rikki harris","transfer_name_variant",0.27849,TRUE,FALSE,TRUE,0.661,,,,,,,,,,,,
"r95785","2026-27","Incarnate Word","Martina Monton Martinez","wbb-038666","martina monton","same_team_name_variant",0.078261,TRUE,FALSE,FALSE,0.661,,,,,,,,,,,,
"r87263","2026-27","Bryant","Ndeye Astou Ndiaye","wbb-034666","astou ndiaye","transfer_name_variant",0.277778,FALSE,TRUE,TRUE,0.661,,,,,,,,,,,,
"r29062","2022-23","Purdue-Fort Wayne","Lauryn Stover","wbb-015312","alexis stover","transfer_name_variant",0.279202,TRUE,FALSE,TRUE,0.66,,,,,,,,,,,,
"r59758","2024-25","Messiah","Isabella Ipri","wbb-010371","tatiana ipri","transfer_name_variant",0.280983,TRUE,FALSE,TRUE,0.66,,,,,,,,,,,,
"r70715","2025-26","UAB","Samari Taylor","wbb-012078","kelsy taylor","transfer_name_variant",0.280983,TRUE,FALSE,TRUE,0.66,,,,,,,,,,,,
"r77848","2025-26","Penn State","Shayla Smith","wbb-021850","madison smith","transfer_name_variant",0.280983,TRUE,FALSE,TRUE,0.66,,,,,,,,,,,,
"r84799","2025-26","Lipscomb","Hannah Richardson","wbb-030018","zoe richardson","transfer_name_variant",0.279985,TRUE,FALSE,TRUE,0.66,,,,,,,,,,,,
"r86381","2025-26","Vanguard","Jaryn Madsen","wbb-027371","lauryn madsen","transfer_name_variant",0.07906,FALSE,TRUE,FALSE,0.66,,,,,,,,,,,,
"r21286","2021-22","Chattanooga","Leah Jones","wbb-003597","cherelle jones","transfer_name_variant",0.282011,TRUE,FALSE,TRUE,0.659,,,,,,,,,,,,
"r36026","2022-23","Morgan St.","Gabrielle Johnson","wbb-008036","destiny johnson","transfer_name_variant",0.281699,TRUE,FALSE,TRUE,0.659,,,,,,,,,,,,
"r54721","2024-25","American","Elizabeth Archer","wbb-001380","emily archer","transfer_name_variant",0.2825,TRUE,FALSE,TRUE,0.659,,,,,,,,,,,,
"r86132","2025-26","Belhaven","Jayden Coleman","wbb-006018","tierney coleman","transfer_name_variant",0.28153,TRUE,FALSE,TRUE,0.659,,,,,,,,,,,,
"r89816","2026-27","Lamar","Te'Sani Green","wbb-005788","jayna green","transfer_name_variant",0.281614,TRUE,FALSE,TRUE,0.659,,,,,,,,,,,,
"r91073","2026-27","Southern N.H.","Bridget Emery","wbb-029932","savannah emery","transfer_name_variant",0.481074,TRUE,TRUE,FALSE,0.659,,,,,,,,,,,,
"r94087","2026-27","Wisconsin","Adaline Sheplee","wbb-038984","eliana sheplee","transfer_name_variant",0.081746,TRUE,FALSE,FALSE,0.659,,,,,,,,,,,,
"r20922","2021-22","SIUE","Sofie Lowis","wbb-003420","anna lowis","transfer_name_variant",0.284848,TRUE,FALSE,TRUE,0.658,,,,,,,,,,,,
"r30573","2022-23","Christian Brothers","Emily Jones","wbb-007860","anna jones","transfer_name_variant",0.284848,TRUE,FALSE,TRUE,0.658,,,,,,,,,,,,
"r46430","2023-24","North Alabama","Emily Jones","wbb-007860","anna jones","transfer_name_variant",0.284848,TRUE,FALSE,TRUE,0.658,,,,,,,,,,,,
"r46473","2023-24","NC State","Maddie Cox","wbb-012839","whitney cox","transfer_name_variant",0.284848,TRUE,FALSE,TRUE,0.658,,,,,,,,,,,,
"r65151","2024-25","Defiance","Na'lani Williams","wbb-025435","taylor williams","transfer_name_variant",0.283965,TRUE,FALSE,TRUE,0.658,,,,,,,,,,,,
"r68781","2024-25","Union (TN)","Emily Jones","wbb-007860","anna jones","transfer_name_variant",0.284848,TRUE,FALSE,TRUE,0.658,,,,,,,,,,,,
"r15409","2021-22","East Carolina","Paige Lyons","wbb-002879","tehya lyons","transfer_name_variant",0.285985,TRUE,FALSE,TRUE,0.657,,,,,,,,,,,,
"r41878","2023-24","UCLA","Amanda Muse","wbb-000763","abby muse","transfer_name_variant",0.286364,TRUE,FALSE,TRUE,0.657,,,,,,,,,,,,
"r75880","2025-26","Mary Washington","Julianna Fisher","wbb-021120","ally fisher","transfer_name_variant",0.286532,FALSE,TRUE,TRUE,0.657,,,,,,,,,,,,
"r85639","2025-26","Black Hills St.","Sydney Deem","wbb-002098","sam deem","transfer_name_variant",0.286364,TRUE,FALSE,TRUE,0.657,,,,,,,,,,,,
"r15917","2021-22","Fordham","Sophia Sabino","wbb-003918","sydney sabino","transfer_name_variant",0.287019,TRUE,FALSE,TRUE,0.656,,,,,,,,,,,,
"r29233","2022-23","Navy","Bianca Coleman","wbb-003878","sofia coleman","transfer_name_variant",0.288828,FALSE,TRUE,TRUE,0.656,,,,,,,,,,,,
"r73866","2025-26","Fort Valley St.","A'rieonna Booker","wbb-028026","arieonna booker","same_team_name_variant",0.08875,TRUE,FALSE,FALSE,0.656,,,,,,,,,,,,
"r71471","2025-26","Binghamton","Daysha Salgado","wbb-028390","destinee salgado","transfer_name_variant",0.288214,TRUE,FALSE,TRUE,0.656,,,,,,,,,,,,
"r81335","2025-26","Worcester St.","Naveiha Madison","wbb-028847","tajeiha madison","transfer_name_variant",0.088889,TRUE,FALSE,FALSE,0.656,,,,,,,,,,,,
"r89199","2026-27","Houston","Madison Carlton","wbb-030271","justice carlton","transfer_name_variant",0.288889,TRUE,FALSE,TRUE,0.656,,,,,,,,,,,,
"r45235","2023-24","Marshall","Aislynn Hayes","wbb-004771","anastasia hayes","transfer_name_variant",0.289231,TRUE,FALSE,TRUE,0.655,,,,,,,,,,,,
"r93896","2026-27","Western Carolina","Hannah Moss","wbb-024661","senali moss","transfer_name_variant",0.290043,TRUE,FALSE,TRUE,0.655,,,,,,,,,,,,
"r93896","2026-27","Western Carolina","Hannah Moss","wbb-034275","senali moss","transfer_name_variant",0.290043,TRUE,FALSE,TRUE,0.655,,,,,,,,,,,,
"r94210","2026-27","Wyoming","Ophelia Powell","wbb-037979","rafferty powell","transfer_name_variant",0.289418,FALSE,TRUE,TRUE,0.655,,,,,,,,,,,,
"r97926","2026-27","IIT","Nadine Adeleke","wbb-010235","weade adeleke","transfer_name_variant",0.289377,FALSE,TRUE,TRUE,0.655,,,,,,,,,,,,
"r37714","2022-23","Swarthmore","Raven Richardson","wbb-015695","jamiah richardson","transfer_name_variant",0.292484,TRUE,FALSE,TRUE,0.654,,,,,,,,,,,,
"r52255","2023-24","Hilbert","Kayla Johnson","wbb-008056","kiara johnson","transfer_name_variant",0.092308,TRUE,FALSE,FALSE,0.654,,,,,,,,,,,,
"r62915","2024-25","Southern Me.","Francesca Ramsdell","wbb-004306","halee ramsdell","transfer_name_variant",0.291967,FALSE,TRUE,TRUE,0.654,,,,,,,,,,,,
"r84381","2025-26","Barton","Lauren Farrell","wbb-032021","lauren walker","same_team_name_variant",0.091808,TRUE,FALSE,FALSE,0.654,,,,,,,,,,,,
"r75057","2025-26","Kansas State","Gina Garcia","wbb-018244","cristina garcia","transfer_name_variant",0.291414,TRUE,FALSE,TRUE,0.654,,,,,,,,,,,,
"r76253","2025-26","Michigan Tech","Brianna Anderson","wbb-024418","cora anderson","transfer_name_variant",0.291812,TRUE,FALSE,TRUE,0.654,,,,,,,,,,,,
"r83710","2025-26","Saint Joseph (CT)","Madeline Greene","wbb-020766","claire greene","transfer_name_variant",0.291686,TRUE,FALSE,TRUE,0.654,,,,,,,,,,,,
"r86427","2025-26","Jamestown","Emily Kurkowski","wbb-029852","amy kurkowski","transfer_name_variant",0.092308,TRUE,FALSE,FALSE,0.654,,,,,,,,,,,,
"r94330","2026-27","Arcadia","Kennadi Johnson","wbb-024517","mia johnson","transfer_name_variant",0.291414,TRUE,FALSE,TRUE,0.654,,,,,,,,,,,,
"r96708","2026-27","Lipscomb","Presly Samz","wbb-025193","bella samz","transfer_name_variant",0.292641,FALSE,TRUE,TRUE,0.654,,,,,,,,,,,,
"r15730","2021-22","Evansville","Je'Naiya Davis","wbb-011490","heaven davis","transfer_name_variant",0.294974,TRUE,FALSE,TRUE,0.653,,,,,,,,,,,,
"r25454","2021-22","A&M-Corpus Christi","Ariah Powell","wbb-004882","jasmine powell","transfer_name_variant",0.294974,TRUE,FALSE,TRUE,0.653,,,,,,,,,,,,
"r45469","2023-24","Meredith","Skyler Wade","wbb-020375","kylie wade","same_team_name_variant",0.093939,TRUE,FALSE,FALSE,0.653,,,,,,,,,,,,
"r59287","2024-25","Lynchburg","Selah Parker","wbb-000977","genesis parker","transfer_name_variant",0.294974,TRUE,FALSE,TRUE,0.653,,,,,,,,,,,,
"r59287","2024-25","Lynchburg","Selah Parker","wbb-010828","genesis parker","transfer_name_variant",0.294974,TRUE,FALSE,TRUE,0.653,,,,,,,,,,,,
"r60512","2024-25","New Haven","Aniya McDonald-Perry","wbb-022671","kameryn perry","transfer_name_variant",0.29359,TRUE,FALSE,TRUE,0.653,,,,,,,,,,,,
"r89955","2026-27","Longwood","McKenna Hoyt","wbb-002817","madison hoyt","transfer_name_variant",0.29375,TRUE,FALSE,TRUE,0.653,,,,,,,,,,,,
"r91942","2026-27","Queens (NY)","Kwashanti Holmes","wbb-036635","kash holmes","transfer_name_variant",0.09375,TRUE,FALSE,FALSE,0.653,,,,,,,,,,,,
"r33077","2022-23","Florida Tech","Divine Guthrie","wbb-012143","shekinah guthrie","transfer_name_variant",0.296807,TRUE,FALSE,TRUE,0.652,,,,,,,,,,,,
"r27910","2022-23","Austin Peay","Gabby Zapata Smalls","wbb-006882","gabby smalls","transfer_name_variant",0.098684,FALSE,TRUE,FALSE,0.651,,,,,,,,,,,,
"r31411","2022-23","Alas. Fairbanks","Jayda Van Dyke","wbb-013299","jalyn van dyke","transfer_name_variant",0.098413,TRUE,FALSE,FALSE,0.651,,,,,,,,,,,,
"r73908","2025-26","Franklin Pierce","Jasmine James","wbb-029769","brianna james","transfer_name_variant",0.297721,TRUE,FALSE,TRUE,0.651,,,,,,,,,,,,
"r87272","2026-27","Bucknell","Tessa Liggio","wbb-037224","christina liggio","transfer_name_variant",0.297222,TRUE,FALSE,TRUE,0.651,,,,,,,,,,,,
"r89594","2026-27","Johnson C. Smith","Jaelyn Elise Morrison","wbb-033271","jaelyn morrison","transfer_name_variant",0.097143,TRUE,FALSE,FALSE,0.651,,,,,,,,,,,,
"r38458","2022-23","Wisconsin-Whitewater","Olympia Kokkines","wbb-007495","frankie kokkines","transfer_name_variant",0.299242,TRUE,FALSE,TRUE,0.65,,,,,,,,,,,,
"r81652","2025-26","Catawba","Ashantes Lewis","wbb-023008","sara lewis","transfer_name_variant",0.300529,TRUE,FALSE,TRUE,0.65,,,,,,,,,,,,
"r84531","2025-26","Chestnut Hill","JoJo Mills","wbb-007251","lauren mills","transfer_name_variant",0.3,TRUE,FALSE,TRUE,0.65,,,,,,,,,,,,
"r41351","2023-24","Boston College","JaKayla Thompson","wbb-003790","kayla thompson","transfer_name_variant",0.10119,TRUE,FALSE,FALSE,0.649,,,,,,,,,,,,
"r79057","2025-26","Savannah St.","Kira Williams","wbb-031284","niah williams","transfer_name_variant",0.102564,TRUE,FALSE,FALSE,0.649,,,,,,,,,,,,
"r94747","2026-27","Gardner-Webb","Taryn Thompson","wbb-028130","tianna thompson","transfer_name_variant",0.102857,FALSE,TRUE,FALSE,0.649,,,,,,,,,,,,
"r95145","2026-27","Newberry","Aniya Brown","wbb-036675","zhykera brown","transfer_name_variant",0.302448,TRUE,FALSE,TRUE,0.649,,,,,,,,,,,,
"r27259","2022-23","LaSalle","Mia Jacobs","wbb-003895","amy jacobs","same_team_name_variant",0.103704,TRUE,FALSE,FALSE,0.648,,,,,,,,,,,,
"r47703","2023-24","Saginaw Valley","Emma Riley","wbb-019453","mia riley","transfer_name_variant",0.103704,TRUE,FALSE,FALSE,0.648,,,,,,,,,,,,
"r75608","2025-26","Loyola-Maryland","Sydney Bass","wbb-022197","taylor bass","transfer_name_variant",0.30303,FALSE,TRUE,TRUE,0.648,,,,,,,,,,,,
"r91778","2026-27","Pennsylvania","Ava Jones","wbb-032996","kaya jones","transfer_name_variant",0.103704,TRUE,FALSE,FALSE,0.648,,,,,,,,,,,,
"r91977","2026-27","Quinnipiac","Ana Ramos Pires","wbb-034770","ana luiza ramos pires","transfer_name_variant",0.10381,FALSE,TRUE,FALSE,0.648,,,,,,,,,,,,
"r18474","2021-22","UNC Greensboro","Nia Howard","wbb-005200","imani howard","transfer_name_variant",0.105556,TRUE,FALSE,FALSE,0.647,,,,,,,,,,,,
"r28404","2022-23","Delaware State","Tyshonne Tollie","wbb-007559","brishonne tollie","transfer_name_variant",0.106944,TRUE,FALSE,FALSE,0.647,,,,,,,,,,,,
"r29722","2022-23","San Jose State","Jasmine Singleton","wbb-001082","tyonna singleton","transfer_name_variant",0.306373,FALSE,TRUE,TRUE,0.647,,,,,,,,,,,,
"r55660","2024-25","Cal St. Dom. Hills","Cristina Jones","wbb-004192","jasmine jones","transfer_name_variant",0.305495,TRUE,FALSE,TRUE,0.647,,,,,,,,,,,,
"r89943","2026-27","Longwood","Maddy Little","wbb-037780","mia little","transfer_name_variant",0.105,TRUE,FALSE,FALSE,0.647,,,,,,,,,,,,
"r54193","2023-24","Northwestern Okla.","Mia Jones","wbb-012684","payton jones","transfer_name_variant",0.308201,TRUE,FALSE,TRUE,0.646,,,,,,,,,,,,
"r77033","2025-26","SUNY New Paltz","Sierra Carter","wbb-006063","lila mchale carter","transfer_name_variant",0.308405,TRUE,FALSE,TRUE,0.646,,,,,,,,,,,,
"r89701","2026-27","Kentucky","Savvy Swords","wbb-028945","syla swords","transfer_name_variant",0.107273,FALSE,TRUE,FALSE,0.646,,,,,,,,,,,,
"r33914","2022-23","Arkansas St.","Tieriney Echols","wbb-005405","rodrea echols","transfer_name_variant",0.309972,TRUE,FALSE,TRUE,0.645,,,,,,,,,,,,
"r42047","2023-24","Carthage","Mackenzie Huber","wbb-014263","lauren huber","transfer_name_variant",0.309259,TRUE,FALSE,TRUE,0.645,,,,,,,,,,,,
"r42395","2023-24","Colgate","Maryan Eniafe","wbb-014105","victoria eniafe","transfer_name_variant",0.309972,TRUE,FALSE,TRUE,0.645,,,,,,,,,,,,
"r54859","2024-25","Ashland","Kyra Hill","wbb-013740","brynn shoup hill","transfer_name_variant",0.309193,TRUE,FALSE,TRUE,0.645,,,,,,,,,,,,
"r86192","2025-26","Westminster (UT)","Alisi Peaua","wbb-020142","arizana peaua","transfer_name_variant",0.309703,TRUE,FALSE,TRUE,0.645,,,,,,,,,,,,
"r66532","2024-25","Colorado St.-Pueblo","Destiny Smith","wbb-018237","sydni smith","transfer_name_variant",0.111888,TRUE,FALSE,FALSE,0.644,,,,,,,,,,,,
"r85113","2025-26","Ill. Springfield","Molly Knight","wbb-019251","kelly knight","transfer_name_variant",0.111111,FALSE,TRUE,FALSE,0.644,,,,,,,,,,,,
"r90856","2026-27","Morgan St.","Simran Williams","wbb-023082","madison williams","transfer_name_variant",0.111508,TRUE,FALSE,FALSE,0.644,,,,,,,,,,,,
"r31001","2022-23","Greenville","Xela Davis","wbb-013941","je naiya davis","transfer_name_variant",0.31369,TRUE,FALSE,TRUE,0.643,,,,,,,,,,,,
"r42664","2023-24","DePaul","Charlece Ohiaeri","wbb-001282","georgia ohiaeri","transfer_name_variant",0.314268,TRUE,FALSE,TRUE,0.643,,,,,,,,,,,,
"r54062","2023-24","Union (TN)","Olivia Lee","wbb-005533","macey lee","transfer_name_variant",0.314815,TRUE,FALSE,TRUE,0.643,,,,,,,,,,,,
"r69227","2024-25","Edward Waters","Nekaya Williams","wbb-002886","rakeah williams","transfer_name_variant",0.11453,TRUE,FALSE,FALSE,0.643,,,,,,,,,,,,
"r86061","2025-26","Penn St. Brandywine","Ashley Robinson","wbb-017819","jaylah robinson","transfer_name_variant",0.11453,TRUE,FALSE,FALSE,0.643,,,,,,,,,,,,
"r24269","2021-22","Wingate","AJ Davis","wbb-007831","mia davis","transfer_name_variant",0.115741,TRUE,FALSE,FALSE,0.642,,,,,,,,,,,,
"r29816","2022-23","Southern Miss","Lani Cornfield","wbb-011427","tashawni cornfield","transfer_name_variant",0.116402,TRUE,FALSE,FALSE,0.642,,,,,,,,,,,,
"r30932","2022-23","Chatham","Ella McDermott","wbb-010629","elena mcdermott","transfer_name_variant",0.116142,TRUE,FALSE,FALSE,0.642,,,,,,,,,,,,
"r33603","2022-23","Pacific (OR)","Shaade Williams","wbb-001739","ava williams","transfer_name_variant",0.116667,TRUE,FALSE,FALSE,0.642,,,,,,,,,,,,
"r38576","2022-23","Hilbert","Mya Wood","wbb-015727","kyra wood","transfer_name_variant",0.115741,TRUE,FALSE,FALSE,0.642,,,,,,,,,,,,
"r39529","2022-23","Akron","Aila Miller","wbb-013350","zoe miller","transfer_name_variant",0.31645,TRUE,FALSE,TRUE,0.642,,,,,,,,,,,,
"r80342","2025-26","Vermont","Lia Hanson","wbb-018614","keira hanson","same_team_name_variant",0.116667,FALSE,TRUE,FALSE,0.642,,,,,,,,,,,,
"r74535","2025-26","Houston","Jade Jones","wbb-011833","mia jones","transfer_name_variant",0.316931,TRUE,FALSE,TRUE,0.642,,,,,,,,,,,,
"r82010","2025-26","Francis Marion","Tyra Myers","wbb-009585","ahlea myers","transfer_name_variant",0.31645,TRUE,FALSE,TRUE,0.642,,,,,,,,,,,,
"r85651","2025-26","California Baptist","Lauren Olsen","wbb-018667","allison olsen","transfer_name_variant",0.315527,FALSE,TRUE,TRUE,0.642,,,,,,,,,,,,
"r88448","2026-27","Tex. A&M-Commerce","Blayke Brackens","wbb-023976","shadasia brackens","transfer_name_variant",0.315033,FALSE,TRUE,TRUE,0.642,,,,,,,,,,,,
"r94330","2026-27","Arcadia","Kennadi Johnson","wbb-007051","leah johnson","transfer_name_variant",0.316667,TRUE,FALSE,TRUE,0.642,,,,,,,,,,,,
"r81981","2025-26","Findlay","Sophie Chard Peloquin","wbb-018150","chloe chard peloquin","transfer_name_variant",0.117989,FALSE,TRUE,FALSE,0.641,,,,,,,,,,,,
"r14057","2021-22","Bryant","Jessica Berens","wbb-000583","jenna berens","transfer_name_variant",0.120635,TRUE,FALSE,FALSE,0.64,,,,,,,,,,,,
"r59468","2024-25","Marshall","Kassie Ingram","wbb-014127","kiley ingram","transfer_name_variant",0.119231,TRUE,FALSE,FALSE,0.64,,,,,,,,,,,,
"r64028","2024-25","Weber State","Mata Peaua","wbb-020142","arizana peaua","transfer_name_variant",0.319872,TRUE,FALSE,TRUE,0.64,,,,,,,,,,,,
"r89076","2026-27","Grinnell","Addie Sale","wbb-030505","annie sale","transfer_name_variant",0.12,TRUE,FALSE,FALSE,0.64,,,,,,,,,,,,
"r93173","2026-27","UT Martin","Curnesha Taylor","wbb-036901","carmen taylor","transfer_name_variant",0.120577,TRUE,FALSE,FALSE,0.64,,,,,,,,,,,,
"r93173","2026-27","UT Martin","Curnesha Taylor","wbb-036902","charmen taylor","transfer_name_variant",0.119121,TRUE,FALSE,FALSE,0.64,,,,,,,,,,,,
"r19268","2021-22","Oklahoma","Kaley Perkins","wbb-010474","briley perkins","transfer_name_variant",0.122711,TRUE,FALSE,FALSE,0.639,,,,,,,,,,,,
"r54939","2024-25","Augustana (IL)","Jaida Collins","wbb-012917","mariah collins","transfer_name_variant",0.122711,TRUE,FALSE,FALSE,0.639,,,,,,,,,,,,
"r59188","2024-25","UMass Lowell","Carla Subirats","wbb-018302","aina subirats","transfer_name_variant",0.122711,TRUE,FALSE,FALSE,0.639,,,,,,,,,,,,
"r59188","2024-25","UMass Lowell","Carla Subirats","wbb-022937","aina subirats","transfer_name_variant",0.122711,TRUE,FALSE,FALSE,0.639,,,,,,,,,,,,
"r82880","2025-26","Seattle","Dylan Mogel","wbb-024169","rhyan mogel","transfer_name_variant",0.121212,FALSE,TRUE,FALSE,0.639,,,,,,,,,,,,
"r17319","2021-22","Longwood","Bri Johns","wbb-007435","briana johns","transfer_name_variant",0.123148,TRUE,FALSE,FALSE,0.638,,,,,,,,,,,,
"r54737","2024-25","Amherst","Kori Barach","wbb-021365","rachel barach","transfer_name_variant",0.323281,FALSE,TRUE,TRUE,0.638,,,,,,,,,,,,
"r88644","2026-27","Fairfield","Emma Rogers","wbb-026113","briarley rogers","transfer_name_variant",0.323569,TRUE,FALSE,TRUE,0.638,,,,,,,,,,,,
"r44300","2023-24","Iowa State","Kelsey Joens","wbb-003550","aubrey joens","transfer_name_variant",0.326389,TRUE,FALSE,TRUE,0.637,,,,,,,,,,,,
"r53037","2023-24","Stevenson","Taylor Johnson","wbb-020496","gabrielle johnson","transfer_name_variant",0.325439,TRUE,FALSE,TRUE,0.637,,,,,,,,,,,,
"r60490","2024-25","Southern N.H.","Stephanie Davis","wbb-000367","anna davis","transfer_name_variant",0.326389,FALSE,TRUE,TRUE,0.637,,,,,,,,,,,,
"r69465","2024-25","Chicago State","Tally Williams","wbb-005522","da naijah williams","transfer_name_variant",0.32672,FALSE,TRUE,TRUE,0.637,,,,,,,,,,,,
"r77332","2025-26","Northern Arizona","J'Bionna Robinson","wbb-028163","kat robinson","transfer_name_variant",0.326144,TRUE,FALSE,TRUE,0.637,,,,,,,,,,,,
"r26789","2022-23","Army","Sara McShea","wbb-004523","katie mcshea","transfer_name_variant",0.32702,TRUE,FALSE,TRUE,0.636,,,,,,,,,,,,
"r33166","2022-23","Franklin Pierce","Laia Llorente","wbb-015156","maria llorente","transfer_name_variant",0.12881600000000001,TRUE,FALSE,FALSE,0.636,,,,,,,,,,,,
"r71236","2025-26","Baldwin Wallace","Kendyll Anderson","wbb-012982","saydi anderson","transfer_name_variant",0.32711,TRUE,FALSE,TRUE,0.636,,,,,,,,,,,,
"r21596","2021-22","Tulsa","Delanie Crawford","wbb-011152","regan crawford","transfer_name_variant",0.130952,TRUE,FALSE,FALSE,0.635,,,,,,,,,,,,
"r30568","2022-23","Christian Brothers","Isabella Jones","wbb-003597","cherelle jones","transfer_name_variant",0.330688,TRUE,FALSE,TRUE,0.635,,,,,,,,,,,,
"r31038","2022-23","Harding","Regan Crawford","wbb-015837","delanie crawford","transfer_name_variant",0.130952,TRUE,FALSE,FALSE,0.635,,,,,,,,,,,,
"r50665","2023-24","Christian Brothers","Isabella Jones","wbb-003597","cherelle jones","transfer_name_variant",0.330688,TRUE,FALSE,TRUE,0.635,,,,,,,,,,,,
"r51072","2023-24","Harding","Regan Crawford","wbb-015837","delanie crawford","transfer_name_variant",0.130952,TRUE,FALSE,FALSE,0.635,,,,,,,,,,,,
"r63260","2024-25","Tennessee","Zee Spearman","wbb-017652","lazaria spearman","transfer_name_variant",0.330556,TRUE,FALSE,TRUE,0.635,,,,,,,,,,,,
"r65941","2024-25","Post","Jackie Russell","wbb-005342","gyanna russell","transfer_name_variant",0.330688,FALSE,TRUE,TRUE,0.635,,,,,,,,,,,,
"r70124","2024-25","Christian Brothers","Isabella Jones","wbb-003597","cherelle jones","transfer_name_variant",0.330688,TRUE,FALSE,TRUE,0.635,,,,,,,,,,,,
"r79789","2025-26","Tennessee Tech","Sofi Miller","wbb-012343","staci miller","transfer_name_variant",0.129545,TRUE,FALSE,FALSE,0.635,,,,,,,,,,,,
"r79823","2025-26","UT Martin","Brittani Wells","wbb-011612","destinee wells","transfer_name_variant",0.330688,TRUE,FALSE,TRUE,0.635,,,,,,,,,,,,
"r81719","2025-26","Chadron St.","Keziah Toran","wbb-023393","kaleah toran","transfer_name_variant",0.13,TRUE,FALSE,FALSE,0.635,,,,,,,,,,,,
"r82028","2025-26","Gardner-Webb","Makayla Legette","wbb-010466","ta keria legette","transfer_name_variant",0.329419,TRUE,FALSE,TRUE,0.635,,,,,,,,,,,,
"r18168","2021-22","Mississippi State","Denae Carter","wbb-011713","kaitlyn carter","transfer_name_variant",0.332011,TRUE,FALSE,TRUE,0.634,,,,,,,,,,,,
"r21350","2021-22","Texas Christian","Paige Bradley","wbb-005414","jade bradley","transfer_name_variant",0.132479,TRUE,FALSE,FALSE,0.634,,,,,,,,,,,,
"r38648","2022-23","McMurry","Aeryn Thomas","wbb-012335","chaunta thomas","transfer_name_variant",0.332011,TRUE,FALSE,TRUE,0.634,,,,,,,,,,,,
"r40028","2022-23","Walsh","Ella Neitzel","wbb-000029","molly neitzel","transfer_name_variant",0.132479,FALSE,TRUE,FALSE,0.634,,,,,,,,,,,,
"r40456","2022-23","Southern Va.","Sierra Banz","wbb-012975","whitney banz","transfer_name_variant",0.33153,TRUE,FALSE,TRUE,0.634,,,,,,,,,,,,
"r42992","2023-24","Eastern Illinois","Lalani Ellis","wbb-005065","lai janique perry ellis","transfer_name_variant",0.332689,TRUE,FALSE,TRUE,0.634,,,,,,,,,,,,
"r46097","2023-24","UNC Greensboro","Joelle Davis","wbb-003708","kylah davis","transfer_name_variant",0.33153,TRUE,FALSE,TRUE,0.634,,,,,,,,,,,,
"r47647","2023-24","Rollins","Emma Steidle","wbb-004177","bella steidle","transfer_name_variant",0.132479,TRUE,FALSE,FALSE,0.634,,,,,,,,,,,,
"r58472","2024-25","Iowa State","Kenzie Hare","wbb-004973","kayla hare","transfer_name_variant",0.331364,TRUE,FALSE,TRUE,0.634,,,,,,,,,,,,
"r76121","2025-26","Mercyhurst","Emma Sollenne","wbb-024226","ava sollenne","transfer_name_variant",0.132479,TRUE,FALSE,FALSE,0.634,,,,,,,,,,,,
"r77392","2025-26","Northern Kentucky","Jamaya Thomas","wbb-011085","ajanae thomas","transfer_name_variant",0.132867,TRUE,FALSE,FALSE,0.634,,,,,,,,,,,,
"r85209","2025-26","Seton Hill","Emma Steidle","wbb-004177","bella steidle","transfer_name_variant",0.132479,TRUE,FALSE,FALSE,0.634,,,,,,,,,,,,
"r85934","2025-26","Valley Forge","Ruth Tilton","wbb-012313","lizzy tilton","transfer_name_variant",0.33153,TRUE,FALSE,TRUE,0.634,,,,,,,,,,,,
"r95864","2026-27","St. Thomas (TX)","Jaya Johnson","wbb-008458","zaria johnson","transfer_name_variant",0.132479,FALSE,TRUE,FALSE,0.634,,,,,,,,,,,,
"r16530","2021-22","Hunter","Morgan Gress","wbb-006624","abby gress","transfer_name_variant",0.334127,TRUE,FALSE,TRUE,0.633,,,,,,,,,,,,
"r42283","2023-24","Clark (MA)","Alexis Ross","wbb-015503","lexi ross","transfer_name_variant",0.13468,TRUE,FALSE,FALSE,0.633,,,,,,,,,,,,
"r55460","2024-25","Brigham Young","Delaney Gibb","wbb-017218","saige gibb","transfer_name_variant",0.334127,TRUE,FALSE,TRUE,0.633,,,,,,,,,,,,
"r58360","2024-25","Illinois","Hayven Smith","wbb-003419","hannah smith","transfer_name_variant",0.133333,TRUE,FALSE,FALSE,0.633,,,,,,,,,,,,
"r86509","2026-27","Akron","Jessie Joaquim","wbb-021607","hulda joaquim","transfer_name_variant",0.333562,TRUE,FALSE,TRUE,0.633,,,,,,,,,,,,
"r93276","2026-27","Texas-El Paso","Kobe Johnson","wbb-035931","logan johnson","transfer_name_variant",0.334046,TRUE,FALSE,TRUE,0.633,,,,,,,,,,,,
"r17727","2021-22","Maryland","Shyanne Sellers","wbb-003504","shayla sellers","transfer_name_variant",0.135873,FALSE,TRUE,FALSE,0.632,,,,,,,,,,,,
"r56575","2024-25","Connecticut Col.","Mia Xerras","wbb-001752","olivia xerras","transfer_name_variant",0.135897,TRUE,FALSE,FALSE,0.632,,,,,,,,,,,,
"r66336","2024-25","Whitworth","Addyson Gallatin","wbb-018091","ella gallatin","transfer_name_variant",0.335256,TRUE,FALSE,TRUE,0.632,,,,,,,,,,,,
"r70272","2024-25","Whitworth","Addison Gallatin","wbb-018091","ella gallatin","transfer_name_variant",0.335256,TRUE,FALSE,TRUE,0.632,,,,,,,,,,,,
"r89688","2026-27","Ky. Wesleyan","Andrea Martin Garcia","wbb-018038","alba garcia","transfer_name_variant",0.336212,TRUE,FALSE,TRUE,0.632,,,,,,,,,,,,
"r32872","2022-23","Elmira","Mia Welty","wbb-000185","karly welty","transfer_name_variant",0.338143,FALSE,TRUE,TRUE,0.631,,,,,,,,,,,,
"r42400","2023-24","Colorado Col.","Juliana Garcia","wbb-017273","alexis garcia","transfer_name_variant",0.338828,TRUE,FALSE,TRUE,0.631,,,,,,,,,,,,
"r78534","2025-26","Sacred Heart","Kristen Phelan","wbb-007677","dana phelan","transfer_name_variant",0.337933,TRUE,FALSE,TRUE,0.631,,,,,,,,,,,,
"r51930","2023-24","Wilmington (OH)","ZahKyria Walker","wbb-006692","sakima walker","transfer_name_variant",0.140171,TRUE,FALSE,FALSE,0.63,,,,,,,,,,,,
"r66342","2024-25","Wilmington (DE)","Armani Bell-Jackson","wbb-021395","ja naiah perkins jackson","transfer_name_variant",0.33962,TRUE,FALSE,TRUE,0.63,,,,,,,,,,,,
"r14064","2021-22","Bryant","Marta Neira Martinez","wbb-002418","paula martinez","transfer_name_variant",0.342641,TRUE,FALSE,TRUE,0.629,,,,,,,,,,,,
"r30769","2022-23","Elon","Chloe Williams","wbb-017124","blythe williams","transfer_name_variant",0.142063,FALSE,TRUE,FALSE,0.629,,,,,,,,,,,,
"r32063","2022-23","Whitworth","Abby Bova","wbb-009849","emiline bova","transfer_name_variant",0.342593,TRUE,FALSE,TRUE,0.629,,,,,,,,,,,,
"r15185","2021-22","Delaware State","Mizani Johnson","wbb-004168","niya johnson","transfer_name_variant",0.144661,TRUE,FALSE,FALSE,0.628,,,,,,,,,,,,
"r39312","2022-23","Minnesota","Maria Counts","wbb-012478","anna counts","transfer_name_variant",0.143939,FALSE,TRUE,FALSE,0.628,,,,,,,,,,,,
"r41224","2023-24","Benedict","Katherine Robinson","wbb-011059","snoop robinson","transfer_name_variant",0.343386,TRUE,FALSE,TRUE,0.628,,,,,,,,,,,,
"r59647","2024-25","Memphis","Tilly Boler","wbb-003585","ti lan boler","transfer_name_variant",0.144781,TRUE,FALSE,FALSE,0.628,,,,,,,,,,,,
"r59647","2024-25","Memphis","Tilly Boler","wbb-003599","ti lan boler","transfer_name_variant",0.144781,TRUE,FALSE,FALSE,0.628,,,,,,,,,,,,
"r59647","2024-25","Memphis","Tilly Boler","wbb-014311","ti lan boler","transfer_name_variant",0.144781,TRUE,FALSE,FALSE,0.628,,,,,,,,,,,,
"r60550","2024-25","New Mexico State","Noah Garcia","wbb-016628","rebeca garcia","transfer_name_variant",0.344114,TRUE,FALSE,TRUE,0.628,,,,,,,,,,,,
"r71270","2025-26","Barry","Sydney Williams","wbb-017074","sanaa williams","transfer_name_variant",0.144286,TRUE,FALSE,FALSE,0.628,,,,,,,,,,,,
"r85669","2025-26","Lindenwood (MO)","Noah Garcia","wbb-016628","rebeca garcia","transfer_name_variant",0.344114,TRUE,FALSE,TRUE,0.628,,,,,,,,,,,,
"r86344","2025-26","USC Beaufort","Samantha Bardonaro","wbb-026075","sami bardonaro","transfer_name_variant",0.144302,TRUE,FALSE,FALSE,0.628,,,,,,,,,,,,
"r16775","2021-22","Ithaca","Shae Sabino","wbb-003918","sydney sabino","transfer_name_variant",0.146853,TRUE,FALSE,FALSE,0.627,,,,,,,,,,,,
"r29982","2022-23","Arkansas-Pine Bluff","Empress Roberts","wbb-011165","princess roberts","transfer_name_variant",0.145406,FALSE,TRUE,FALSE,0.627,,,,,,,,,,,,
"r48866","2023-24","Tennessee Tech","Maddie Kellione","wbb-011942","madison kellione","transfer_name_variant",0.146656,TRUE,FALSE,FALSE,0.627,,,,,,,,,,,,
"r53648","2023-24","Geneva","Aizlyn Thompson","wbb-017040","alivia thompson","transfer_name_variant",0.145,TRUE,FALSE,FALSE,0.627,,,,,,,,,,,,
"r60800","2024-25","North Texas","Chania Price","wbb-017294","rayshanti mcneal price","transfer_name_variant",0.34596,TRUE,FALSE,TRUE,0.627,,,,,,,,,,,,
"r64128","2024-25","Western Carolina","AC Carter","wbb-005185","kai carter","transfer_name_variant",0.14537,TRUE,FALSE,FALSE,0.627,,,,,,,,,,,,
"r89285","2026-27","Illinois Col.","Adalynn Elsbury","wbb-024423","kyla elsbury","transfer_name_variant",0.14697,FALSE,TRUE,FALSE,0.627,,,,,,,,,,,,
"r56153","2024-25","Central (IA)","Samantha Scott","wbb-017013","sam scott","transfer_name_variant",0.148148,FALSE,TRUE,FALSE,0.626,,,,,,,,,,,,
"r65175","2024-25","D'Youville","Samantha Ruhlman","wbb-019709","emma ruhlman","transfer_name_variant",0.347222,TRUE,FALSE,TRUE,0.626,,,,,,,,,,,,
"r77021","2025-26","New Orleans","Logan Johnson","wbb-002975","ireneshia johnson","transfer_name_variant",0.347511,TRUE,FALSE,TRUE,0.626,,,,,,,,,,,,
"r79360","2025-26","Southeastern Louisiana","Mia Ramos","wbb-007113","sophia ramos","transfer_name_variant",0.148148,TRUE,FALSE,FALSE,0.626,,,,,,,,,,,,
"r30189","2022-23","UNC Asheville","Millie Brown","wbb-004009","maggie brown","transfer_name_variant",0.15,FALSE,TRUE,FALSE,0.625,,,,,,,,,,,,
"r49293","2023-24","Upper Iowa","Kenzie Deaton","wbb-005603","kadie deaton","transfer_name_variant",0.149231,TRUE,FALSE,FALSE,0.625,,,,,,,,,,,,
"r61365","2024-25","Penn State","Ariana Williams","wbb-014584","makiyah williams","transfer_name_variant",0.15,TRUE,FALSE,FALSE,0.625,,,,,,,,,,,,
"r77621","2025-26","Oklahoma","Brooklyn Stewart","wbb-025843","brynae stewart","transfer_name_variant",0.149206,TRUE,FALSE,FALSE,0.625,,,,,,,,,,,,
"r80163","2025-26","Army","Kelly Cramer","wbb-012239","katie cramer","transfer_name_variant",0.15,FALSE,TRUE,FALSE,0.625,,,,,,,,,,,,
"r82756","2025-26","Rockhurst","Alexis Schroeder","wbb-011041","ashley schroeder","transfer_name_variant",0.15,FALSE,TRUE,FALSE,0.625,,,,,,,,,,,,
"r84322","2025-26","Lees-McRae","Kamora Brown","wbb-008480","nevaeh brown","transfer_name_variant",0.349206,TRUE,FALSE,TRUE,0.625,,,,,,,,,,,,
"r89756","2026-27","LaSalle","Emilia Coleman","wbb-033769","nyla coleman","transfer_name_variant",0.150794,TRUE,FALSE,FALSE,0.625,,,,,,,,,,,,
"r53627","2023-24","William Smith","Amelia McCulley","wbb-006629","callie mcculley","transfer_name_variant",0.152991,TRUE,FALSE,FALSE,0.624,,,,,,,,,,,,
"r57091","2024-25","Eastern Kentucky","Savannah Gardner","wbb-016452","delaney gardner","transfer_name_variant",0.352778,TRUE,FALSE,TRUE,0.624,,,,,,,,,,,,
"r71695","2025-26","Brooklyn","Ariel Williams","wbb-000587","amaari williams","transfer_name_variant",0.152857,TRUE,FALSE,FALSE,0.624,,,,,,,,,,,,
"r80125","2025-26","Tuskegee","Tenea Robinson","wbb-009326","tyra robinson","transfer_name_variant",0.151349,TRUE,FALSE,FALSE,0.624,,,,,,,,,,,,
"r33118","2022-23","Fla. Southern","Amari Jackson","wbb-002627","kailya jackson","transfer_name_variant",0.153014,TRUE,FALSE,FALSE,0.623,,,,,,,,,,,,
"r36196","2022-23","New England Col.","Makiah Scott","wbb-008669","asha scott","transfer_name_variant",0.153704,TRUE,FALSE,FALSE,0.623,,,,,,,,,,,,
"r55108","2024-25","Bates","Lily Brown","wbb-011473","kinley brown","transfer_name_variant",0.153704,TRUE,FALSE,FALSE,0.623,,,,,,,,,,,,
"r55108","2024-25","Bates","Lily Brown","wbb-018898","kinley brown","transfer_name_variant",0.153704,TRUE,FALSE,FALSE,0.623,,,,,,,,,,,,
"r55108","2024-25","Bates","Lily Brown","wbb-026092","kinley brown","transfer_name_variant",0.153704,TRUE,FALSE,FALSE,0.623,,,,,,,,,,,,
"r67471","2024-25","Belmont","Hilary Fuller","wbb-013533","audrey fuller","transfer_name_variant",0.153846,FALSE,TRUE,FALSE,0.623,,,,,,,,,,,,
"r68872","2024-25","Valley Forge","Saniya Green","wbb-008413","rain green","transfer_name_variant",0.153704,TRUE,FALSE,FALSE,0.623,,,,,,,,,,,,
"r77021","2025-26","New Orleans","Logan Johnson","wbb-008458","zaria johnson","transfer_name_variant",0.353276,TRUE,FALSE,TRUE,0.623,,,,,,,,,,,,
"r84533","2025-26","Chestnut Hill","Bryce Harvey-Carr","wbb-006539","brazil harvey carr","transfer_name_variant",0.153937,TRUE,FALSE,FALSE,0.623,,,,,,,,,,,,
"r97063","2026-27","Mary","Chloe Carlson","wbb-024437","hope carlson","transfer_name_variant",0.154817,FALSE,TRUE,FALSE,0.623,,,,,,,,,,,,
"r18137","2021-22","Minnesota","Maggie Czinano","wbb-003567","monika czinano","transfer_name_variant",0.155844,TRUE,FALSE,FALSE,0.622,,,,,,,,,,,,
"r50107","2023-24","Wisconsin-Parkside","Lillie Petersen","wbb-001717","kaalyn petersen","transfer_name_variant",0.355556,FALSE,TRUE,TRUE,0.622,,,,,,,,,,,,
"r51969","2023-24","Goucher","Brianna Johnson","wbb-008036","destiny johnson","transfer_name_variant",0.355556,TRUE,FALSE,TRUE,0.622,,,,,,,,,,,,
"r30175","2022-23","Northern Colorado","Lilah Moore","wbb-011363","ellie moore","transfer_name_variant",0.158249,TRUE,FALSE,FALSE,0.621,,,,,,,,,,,,
"r37703","2022-23","Swarthmore","Elisa Fiore","wbb-008632","gina fiore","transfer_name_variant",0.157576,FALSE,TRUE,FALSE,0.621,,,,,,,,,,,,
"r54002","2023-24","Fresno Pacific","Jayla Green","wbb-018383","tara green","transfer_name_variant",0.157576,FALSE,TRUE,FALSE,0.621,,,,,,,,,,,,
"r58356","2024-25","Illinois","Berry Wallace","wbb-003774","bexley wallace","transfer_name_variant",0.158775,TRUE,FALSE,FALSE,0.621,,,,,,,,,,,,
"r62762","2024-25","South Dakota","Gabby Wilke","wbb-016073","maty wilke","transfer_name_variant",0.157576,TRUE,FALSE,FALSE,0.621,,,,,,,,,,,,
"r73764","2025-26","Florida A&M","Zikeyah Ransom-Carter","wbb-004907","jessika carter","transfer_name_variant",0.357143,TRUE,FALSE,TRUE,0.621,,,,,,,,,,,,
"r77007","2025-26","New Mexico","Tyler Jones","wbb-015745","leah jones","transfer_name_variant",0.157576,TRUE,FALSE,FALSE,0.621,,,,,,,,,,,,
"r79626","2025-26","Stevens","Emily Marinelli","wbb-020760","erika marinelli","transfer_name_variant",0.1575,TRUE,FALSE,FALSE,0.621,,,,,,,,,,,,
"r80469","2025-26","Wake Forest","Milan Brown","wbb-017855","jalyn brown","transfer_name_variant",0.158249,TRUE,FALSE,FALSE,0.621,,,,,,,,,,,,
"r92388","2026-27","Saint Leo","Jamia Brown","wbb-018351","mikayla brown","transfer_name_variant",0.157226,FALSE,TRUE,FALSE,0.621,,,,,,,,,,,,
"r46274","2023-24","New Jersey Institute of Technology","Madilyn Dogs","wbb-011695","mikayla dogs","transfer_name_variant",0.16,FALSE,TRUE,FALSE,0.62,,,,,,,,,,,,
"r62163","2024-25","St. Joseph's (ME)","Grace Ramsdell","wbb-007550","franny ramsdell","transfer_name_variant",0.160317,FALSE,TRUE,FALSE,0.62,,,,,,,,,,,,
"r69315","2024-25","Spring Hill","Ariel Thompson","wbb-020949","kelsey thompson","transfer_name_variant",0.160317,TRUE,FALSE,FALSE,0.62,,,,,,,,,,,,
"r69431","2024-25","Cal State Fullerton","Liyah Stanton","wbb-024759","aaliyah stanton","transfer_name_variant",0.159829,FALSE,TRUE,FALSE,0.62,,,,,,,,,,,,
"r87807","2026-27","Central Mo.","McKinli Mays","wbb-025635","macie mays","transfer_name_variant",0.16,TRUE,FALSE,FALSE,0.62,,,,,,,,,,,,
"r30520","2022-23","Central Wash.","Ashley Schow","wbb-016538","kaylee schow","transfer_name_variant",0.161111,TRUE,FALSE,FALSE,0.619,,,,,,,,,,,,
"r53729","2023-24","Ark.-Fort Smith","Allana Thompson","wbb-012037","shauna thompson","transfer_name_variant",0.161111,TRUE,FALSE,FALSE,0.619,,,,,,,,,,,,
"r82089","2025-26","Glenville St.","Nylah Davis","wbb-016748","aj davis","transfer_name_variant",0.162879,TRUE,FALSE,FALSE,0.619,,,,,,,,,,,,
"r92721","2026-27","Simpson","Kiera Rausch","wbb-036072","avery rausch","transfer_name_variant",0.161111,TRUE,FALSE,FALSE,0.619,,,,,,,,,,,,
"r93574","2026-27","Vanderbilt","Jhai Johnson","wbb-015946","nakilah johnson","transfer_name_variant",0.162121,TRUE,FALSE,FALSE,0.619,,,,,,,,,,,,
"r26800","2022-23","Auburn","Audia Young","wbb-005191","ariel young","transfer_name_variant",0.163636,TRUE,FALSE,FALSE,0.618,,,,,,,,,,,,
"r47831","2023-24","St. John's","Jayda Brown","wbb-007675","jenna brown","transfer_name_variant",0.163636,TRUE,FALSE,FALSE,0.618,,,,,,,,,,,,
"r50947","2023-24","Gardner-Webb","Anaya Harris","wbb-005582","areina harris","transfer_name_variant",0.164231,TRUE,FALSE,FALSE,0.618,,,,,,,,,,,,
"r63263","2024-25","Tennessee","Favor Ayodele","wbb-024139","rapuluchi ayodele","transfer_name_variant",0.364178,TRUE,FALSE,TRUE,0.618,,,,,,,,,,,,
"r66532","2024-25","Colorado St.-Pueblo","Destiny Smith","wbb-019620","aunisty smith","transfer_name_variant",0.16317,TRUE,FALSE,FALSE,0.618,,,,,,,,,,,,
"r71420","2025-26","Bethany (WV)","Mya Johnson","wbb-001386","zaria johnson","transfer_name_variant",0.16317,TRUE,FALSE,FALSE,0.618,,,,,,,,,,,,
"r75342","2025-26","Le Moyne","Ava Johnson","wbb-006435","taiye johnson","transfer_name_variant",0.16317,TRUE,FALSE,FALSE,0.618,,,,,,,,,,,,
"r79864","2025-26","Texas Christian","Clara Bielefeld","wbb-022840","johanna bielefeld","transfer_name_variant",0.164706,TRUE,FALSE,FALSE,0.618,,,,,,,,,,,,
"r90870","2026-27","Mount St. Mary's","Severyn Ferrara Horne","wbb-023967","nevaeh ferrara horne","transfer_name_variant",0.164286,TRUE,FALSE,FALSE,0.618,,,,,,,,,,,,
"r39255","2022-23","Marquette","Charia Smith","wbb-004871","alexia smith","transfer_name_variant",0.166667,TRUE,FALSE,FALSE,0.617,,,,,,,,,,,,
"r42857","2023-24","Drexel","Laine McGurk","wbb-006168","mandy mcgurk","transfer_name_variant",0.166667,TRUE,FALSE,FALSE,0.617,,,,,,,,,,,,
"r42912","2023-24","Earlham","Abby Parsons","wbb-016192","emma parsons","transfer_name_variant",0.166667,FALSE,TRUE,FALSE,0.617,,,,,,,,,,,,
"r46847","2023-24","Ohio","Monica Williams","wbb-008055","skye williams","transfer_name_variant",0.365527,TRUE,FALSE,TRUE,0.617,,,,,,,,,,,,
"r49459","2023-24","Virginia Tech","Rose Micheaux","wbb-014726","alanna micheaux","transfer_name_variant",0.365527,TRUE,FALSE,TRUE,0.617,,,,,,,,,,,,
"r57881","2024-25","Greensboro","Kat Robinson","wbb-022239","katherine robinson","transfer_name_variant",0.165278,TRUE,FALSE,FALSE,0.617,,,,,,,,,,,,
"r64887","2024-25","Berry","Briaiah Lewis","wbb-005182","tamiah lewis","transfer_name_variant",0.165812,TRUE,FALSE,FALSE,0.617,,,,,,,,,,,,
"r74670","2025-26","Illinois State","Zanyra Adams","wbb-000011","alyssa adams","transfer_name_variant",0.166667,TRUE,FALSE,FALSE,0.617,,,,,,,,,,,,
"r82465","2025-26","Mars Hill","Leah Pergola","wbb-005377","brie pergola","transfer_name_variant",0.166667,TRUE,FALSE,FALSE,0.617,,,,,,,,,,,,
"r83937","2025-26","Missouri Western","Mikiya House","wbb-015308","olivia house","transfer_name_variant",0.166667,TRUE,FALSE,FALSE,0.617,,,,,,,,,,,,
"r87607","2026-27","UC Irvine","Delaney White","wbb-023095","karlee white","transfer_name_variant",0.165812,TRUE,FALSE,FALSE,0.617,,,,,,,,,,,,
"r93406","2026-27","Tufts","Emma Heckman","wbb-013628","sadie heckman","transfer_name_variant",0.165812,FALSE,TRUE,FALSE,0.617,,,,,,,,,,,,
"r95785","2026-27","Incarnate Word","Martina Monton Martinez","wbb-002418","paula martinez","transfer_name_variant",0.366554,TRUE,FALSE,TRUE,0.617,,,,,,,,,,,,
"r16666","2021-22","Indiana State","Arianna Smith","wbb-004871","alexia smith","transfer_name_variant",0.167308,TRUE,FALSE,FALSE,0.616,,,,,,,,,,,,
"r29682","2022-23","Sacred Heart","Sierra Johnson","wbb-006435","taiye johnson","transfer_name_variant",0.168165,TRUE,FALSE,FALSE,0.616,,,,,,,,,,,,
"r71035","2025-26","Arkansas-Little Rock","Aaliyah Taylor","wbb-024704","tristen taylor","transfer_name_variant",0.369048,TRUE,FALSE,TRUE,0.615,,,,,,,,,,,,
"r84411","2025-26","William Peace","Bre Oliver","wbb-019458","breandria oliver","transfer_name_variant",0.169167,TRUE,FALSE,FALSE,0.615,,,,,,,,,,,,
"r91665","2026-27","Oregon","La’u Pele Falatea","wbb-013383","nani falatea","transfer_name_variant",0.369826,TRUE,FALSE,TRUE,0.615,,,,,,,,,,,,
"r91665","2026-27","Oregon","La’u Pele Falatea","wbb-017986","nani falatea","transfer_name_variant",0.369826,TRUE,FALSE,TRUE,0.615,,,,,,,,,,,,
"r93005","2026-27","Stanford","Inés Sotelo Míguez","wbb-024887","lucia sotelo miguez","transfer_name_variant",0.170175,TRUE,FALSE,FALSE,0.615,,,,,,,,,,,,
"r97464","2026-27","Shorter","Zoey Jackson","wbb-025476","carltajah jackson","transfer_name_variant",0.370915,TRUE,FALSE,TRUE,0.615,,,,,,,,,,,,
"r20748","2021-22","South Carolina St.","Ajia Smith","wbb-000053","armani smith","transfer_name_variant",0.171667,TRUE,FALSE,FALSE,0.614,,,,,,,,,,,,
"r37364","2022-23","Shippensburg","Mya Woodyard","wbb-001210","ahmya woodyard","transfer_name_variant",0.172619,TRUE,FALSE,FALSE,0.614,,,,,,,,,,,,
"r58698","2024-25","Kansas","Regan Williams","wbb-022109","jada williams","transfer_name_variant",0.172161,TRUE,FALSE,FALSE,0.614,,,,,,,,,,,,
"r71806","2025-26","Buffalo","Diann Jackson","wbb-014154","carmen jackson","transfer_name_variant",0.172161,TRUE,FALSE,FALSE,0.614,,,,,,,,,,,,
"r74194","2025-26","Greensboro","Jenx Ervin","wbb-022182","jenkens ervin","transfer_name_variant",0.172906,TRUE,FALSE,FALSE,0.614,,,,,,,,,,,,
"r78606","2025-26","St. Bonaventure","Elyse MacDonough","wbb-006976","emma macdonough","transfer_name_variant",0.1725,TRUE,FALSE,FALSE,0.614,,,,,,,,,,,,
"r89348","2026-27","Illinois-Chicago","Danielle Brooks","wbb-006631","williemae brooks","transfer_name_variant",0.171047,TRUE,FALSE,FALSE,0.614,,,,,,,,,,,,
"r36861","2022-23","Randolph","Taniya Jackson","wbb-001624","reagan jackson","transfer_name_variant",0.17316,TRUE,FALSE,FALSE,0.613,,,,,,,,,,,,
"r71811","2025-26","Buffalo","Liza Field","wbb-003581","abbi field","transfer_name_variant",0.175,TRUE,FALSE,FALSE,0.613,,,,,,,,,,,,
"r72803","2025-26","Columbus St.","Jamilah Jackson","wbb-017718","camille jackson","transfer_name_variant",0.175,TRUE,FALSE,FALSE,0.613,,,,,,,,,,,,
"r81952","2025-26","Erskine","Kaela Ward","wbb-025332","jada ward","transfer_name_variant",0.174074,TRUE,FALSE,FALSE,0.613,,,,,,,,,,,,
"r85391","2025-26","Lancaster Bible","Emily Wilson","wbb-016601","sarah wilson","transfer_name_variant",0.373016,TRUE,FALSE,TRUE,0.613,,,,,,,,,,,,
"r91778","2026-27","Pennsylvania","Ava Jones","wbb-015745","leah jones","transfer_name_variant",0.174074,TRUE,FALSE,FALSE,0.613,,,,,,,,,,,,
"r13933","2021-22","Bowling Green","Jocelyn Tate","wbb-010604","jada tate","transfer_name_variant",0.375,TRUE,FALSE,TRUE,0.612,,,,,,,,,,,,
"r70781","2025-26","Albany St. (GA)","Jayla Johnson","wbb-007917","maliyah johnson","transfer_name_variant",0.175641,TRUE,FALSE,FALSE,0.612,,,,,,,,,,,,
"r90600","2026-27","Millikin","Kay kay Williams","wbb-013260","kapri williams","transfer_name_variant",0.17684,TRUE,FALSE,FALSE,0.612,,,,,,,,,,,,
"r25676","2021-22","Mount Aloysius","Halle Rittenhouse","wbb-000225","rylie rittenhouse","transfer_name_variant",0.177171,FALSE,TRUE,FALSE,0.611,,,,,,,,,,,,
"r34469","2022-23","Cedarville","Lily Moore","wbb-012398","elissa moore","transfer_name_variant",0.177778,FALSE,TRUE,FALSE,0.611,,,,,,,,,,,,
"r71270","2025-26","Barry","Sydney Williams","wbb-003543","de jah williams","transfer_name_variant",0.177778,TRUE,FALSE,FALSE,0.611,,,,,,,,,,,,
"r80425","2025-26","Virginia Union","Serenity Johnson","wbb-001050","heyavin johnson","transfer_name_variant",0.177778,FALSE,TRUE,FALSE,0.611,,,,,,,,,,,,
"r81722","2025-26","Chadron St.","Dreanna Jackson","wbb-023854","rakiyah jackson","transfer_name_variant",0.177778,TRUE,FALSE,FALSE,0.611,,,,,,,,,,,,
"r83762","2025-26","Southwestern Okla.","Elle Papahronis","wbb-018313","toni papahronis","transfer_name_variant",0.177778,TRUE,FALSE,FALSE,0.611,,,,,,,,,,,,
"r85717","2025-26","South Dakota Mines","Janay Kravig","wbb-022604","taryn kravig","transfer_name_variant",0.177778,FALSE,TRUE,FALSE,0.611,,,,,,,,,,,,
"r86061","2025-26","Penn St. Brandywine","Ashley Robinson","wbb-021667","tamiah robinson","transfer_name_variant",0.177778,TRUE,FALSE,FALSE,0.611,,,,,,,,,,,,
"r97463","2026-27","Shorter","Legcee Fillmore","wbb-029164","alexus fillmore","transfer_name_variant",0.177778,TRUE,FALSE,FALSE,0.611,,,,,,,,,,,,
"r22099","2021-22","West Virginia","Messiah Hunter","wbb-002782","tyah hunter","transfer_name_variant",0.179654,TRUE,FALSE,FALSE,0.61,,,,,,,,,,,,
"r39164","2022-23","Cameron","Alena Wilson","wbb-015716","nyah wilson","transfer_name_variant",0.180976,TRUE,FALSE,FALSE,0.61,,,,,,,,,,,,
"r43377","2023-24","Florida Tech","Deirdre Miller","wbb-005232","evan miller","transfer_name_variant",0.3796,TRUE,FALSE,TRUE,0.61,,,,,,,,,,,,
"r75342","2025-26","Le Moyne","Ava Johnson","wbb-018434","sierra johnson","transfer_name_variant",0.179654,TRUE,FALSE,FALSE,0.61,,,,,,,,,,,,
"r89493","2026-27","Ithaca","Robin Jones","wbb-002689","morgan jones","transfer_name_variant",0.180976,FALSE,TRUE,FALSE,0.61,,,,,,,,,,,,
"r94990","2026-27","Lander","Danai Lewis","wbb-018795","cabria lewis","transfer_name_variant",0.180976,TRUE,FALSE,FALSE,0.61,,,,,,,,,,,,
"r57755","2024-25","Georgia Southern","Jamiria Jones","wbb-014842","jailah clark jones","transfer_name_variant",0.181093,TRUE,FALSE,FALSE,0.609,,,,,,,,,,,,
"r68295","2024-25","Point Park","Chloe Williams","wbb-022432","kimaya williams","transfer_name_variant",0.382011,TRUE,FALSE,TRUE,0.609,,,,,,,,,,,,
"r68771","2024-25","Southern Nazarene","Asnate Gerke","wbb-014000","madlena gerke","transfer_name_variant",0.182479,TRUE,FALSE,FALSE,0.609,,,,,,,,,,,,
"r68771","2024-25","Southern Nazarene","Asnate Gerke","wbb-022904","madlena gerke","transfer_name_variant",0.182479,TRUE,FALSE,FALSE,0.609,,,,,,,,,,,,
"r70196","2024-25","Lander","Adrianna Smith","wbb-004871","alexia smith","transfer_name_variant",0.182143,TRUE,FALSE,FALSE,0.609,,,,,,,,,,,,
"r84365","2025-26","Belmont","Rylie Beers","wbb-017637","raegan beers","transfer_name_variant",0.181818,TRUE,FALSE,FALSE,0.609,,,,,,,,,,,,
"r17853","2021-22","Mercer","Nigeria Harkless","wbb-002634","glenisha harkless","transfer_name_variant",0.183824,TRUE,FALSE,FALSE,0.608,,,,,,,,,,,,
"r46732","2023-24","Northwood","Mackenzie Bell","wbb-003939","ashtyn bell","transfer_name_variant",0.383117,TRUE,FALSE,TRUE,0.608,,,,,,,,,,,,
"r49365","2023-24","Valparaiso","Saniya Jackson","wbb-014511","destiny jackson","transfer_name_variant",0.18373,TRUE,FALSE,FALSE,0.608,,,,,,,,,,,,
"r51020","2023-24","Greenville","Taylor Williams","wbb-006948","karon williams","transfer_name_variant",0.18373,TRUE,FALSE,FALSE,0.608,,,,,,,,,,,,
"r84275","2025-26","Tusculum","Jae'oni Davis","wbb-023797","anastasia davis","transfer_name_variant",0.384046,TRUE,FALSE,TRUE,0.608,,,,,,,,,,,,
"r85341","2025-26","Point Park","Elizabeth Boyd","wbb-025896","liz boyd","transfer_name_variant",0.184524,TRUE,FALSE,FALSE,0.608,,,,,,,,,,,,
"r89955","2026-27","Longwood","McKenna Hoyt","wbb-015385","melanie hoyt","transfer_name_variant",0.183333,TRUE,FALSE,FALSE,0.608,,,,,,,,,,,,
"r91184","2026-27","Nicholls State","Kira Johnson","wbb-007645","tamera johnson","transfer_name_variant",0.184127,TRUE,FALSE,FALSE,0.608,,,,,,,,,,,,
"r95648","2026-27","Franklin","Makayla Triplett","wbb-026570","alycia triplett","transfer_name_variant",0.183868,FALSE,TRUE,FALSE,0.608,,,,,,,,,,,,
"r95648","2026-27","Franklin","Makayla Triplett","wbb-035187","alycia triplett","transfer_name_variant",0.183868,TRUE,FALSE,FALSE,0.608,,,,,,,,,,,,
"r29412","2022-23","Mississippi","Ayanna Thompson","wbb-005972","ash a thompson","transfer_name_variant",0.185195,TRUE,FALSE,FALSE,0.607,,,,,,,,,,,,
"r30932","2022-23","Chatham","Ella McDermott","wbb-004629","emma mcdermott","transfer_name_variant",0.185714,TRUE,FALSE,FALSE,0.607,,,,,,,,,,,,
"r37730","2022-23","Bowdoin","Rachel Storey","wbb-003060","ellie storey","transfer_name_variant",0.185897,TRUE,FALSE,FALSE,0.607,,,,,,,,,,,,
"r50688","2023-24","Coker","Jade Roberts","wbb-002339","chyna roberts","transfer_name_variant",0.185897,TRUE,FALSE,FALSE,0.607,,,,,,,,,,,,
"r69332","2024-25","IIT","Ana Jones","wbb-020913","angel jones","transfer_name_variant",0.18569,TRUE,FALSE,FALSE,0.607,,,,,,,,,,,,
"r75437","2025-26","Lincoln (MO)","Aaliyah Smith","wbb-018237","sydni smith","transfer_name_variant",0.385781,TRUE,FALSE,TRUE,0.607,,,,,,,,,,,,
"r78739","2025-26","Saint Leo","Macie McNece","wbb-024833","violet mcnece","transfer_name_variant",0.185897,FALSE,TRUE,FALSE,0.607,,,,,,,,,,,,
"r82324","2025-26","La Roche","Emily Fisher","wbb-019003","jasmyn fisher","transfer_name_variant",0.185897,TRUE,FALSE,FALSE,0.607,,,,,,,,,,,,
"r85951","2025-26","Alfred St.","Alyssa Auer","wbb-026655","sophie auer","transfer_name_variant",0.386364,TRUE,FALSE,TRUE,0.607,,,,,,,,,,,,
"r97335","2026-27","Lindenwood (MO)","Macie McNece","wbb-024833","violet mcnece","transfer_name_variant",0.185897,TRUE,FALSE,FALSE,0.607,,,,,,,,,,,,
"r60613","2024-25","CCNY","Sydnee Thompson","wbb-017115","kyla thompson","transfer_name_variant",0.188034,TRUE,FALSE,FALSE,0.606,,,,,,,,,,,,
"r88628","2026-27","Evansville","Maria Serrano","wbb-016597","lucia serrano","transfer_name_variant",0.187179,TRUE,FALSE,FALSE,0.606,,,,,,,,,,,,
"r91562","2026-27","Occidental","Madelyn Peiffer","wbb-033870","katie peiffer","transfer_name_variant",0.188034,TRUE,FALSE,FALSE,0.606,,,,,,,,,,,,
"r93276","2026-27","Texas-El Paso","Kobe Johnson","wbb-002975","ireneshia johnson","transfer_name_variant",0.388344,TRUE,FALSE,TRUE,0.606,,,,,,,,,,,,
"r94330","2026-27","Arcadia","Kennadi Johnson","wbb-017812","natalie johnson","transfer_name_variant",0.188889,TRUE,FALSE,FALSE,0.606,,,,,,,,,,,,
"r15185","2021-22","Delaware State","Mizani Johnson","wbb-006782","asianae johnson","transfer_name_variant",0.19062,TRUE,FALSE,FALSE,0.605,,,,,,,,,,,,
"r39576","2022-23","Tulsa","Chloe Williams","wbb-001263","kayla williams","transfer_name_variant",0.190476,TRUE,FALSE,FALSE,0.605,,,,,,,,,,,,
"r47305","2023-24","Purdue","Amiyah Reynolds","wbb-018561","mila reynolds","transfer_name_variant",0.18953,FALSE,TRUE,FALSE,0.605,,,,,,,,,,,,
"r49464","2023-24","Va. Wesleyan","Olivia Thompson","wbb-017304","emily thompson","transfer_name_variant",0.19062,TRUE,FALSE,FALSE,0.605,,,,,,,,,,,,
"r77778","2025-26","Elms","Devynn Watford","wbb-013267","maddie watford","transfer_name_variant",0.190476,TRUE,FALSE,FALSE,0.605,,,,,,,,,,,,
"r82145","2025-26","Guilford","Markayah Johnson","wbb-008036","destiny johnson","transfer_name_variant",0.390278,TRUE,FALSE,TRUE,0.605,,,,,,,,,,,,
"r55108","2024-25","Bates","Lily Brown","wbb-018351","mikayla brown","transfer_name_variant",0.191453,TRUE,FALSE,FALSE,0.604,,,,,,,,,,,,
"r61410","2024-25","Pfeiffer","Ava Hairston","wbb-026155","nadiya hairston","transfer_name_variant",0.192424,TRUE,FALSE,FALSE,0.604,,,,,,,,,,,,
"r71615","2025-26","Bridgeport","Alycia Secchiaroli","wbb-016027","melissa secchiaroli","transfer_name_variant",0.192398,TRUE,FALSE,FALSE,0.604,,,,,,,,,,,,
"r71615","2025-26","Bridgeport","Alycia Secchiaroli","wbb-027273","melissa secchiaroli","transfer_name_variant",0.192398,TRUE,FALSE,FALSE,0.604,,,,,,,,,,,,
"r88095","2026-27","Concordia Chicago","Naella Langston","wbb-017935","camerah langston","transfer_name_variant",0.191667,TRUE,FALSE,FALSE,0.604,,,,,,,,,,,,
"r96940","2026-27","King (TN)","Alycia Secchiaroli","wbb-016027","melissa secchiaroli","transfer_name_variant",0.192398,TRUE,FALSE,FALSE,0.604,,,,,,,,,,,,
"r96940","2026-27","King (TN)","Alycia Secchiaroli","wbb-027273","melissa secchiaroli","transfer_name_variant",0.192398,TRUE,FALSE,FALSE,0.604,,,,,,,,,,,,
"r29751","2022-23","Stephen F. Austin","Kyla Deck","wbb-005430","mia deck","transfer_name_variant",0.194444,TRUE,FALSE,FALSE,0.603,,,,,,,,,,,,
"r44301","2023-24","Iowa State","Addy Brown","wbb-006037","kennedy brown","transfer_name_variant",0.194872,TRUE,FALSE,FALSE,0.603,,,,,,,,,,,,
"r51505","2023-24","Cairn","Kayden Jeselskis","wbb-017109","emori jeselskis","transfer_name_variant",0.193056,TRUE,FALSE,FALSE,0.603,,,,,,,,,,,,
"r60996","2024-25","Northwood","Kate Stemmer","wbb-004012","ella stemmer","transfer_name_variant",0.194444,FALSE,TRUE,FALSE,0.603,,,,,,,,,,,,
"r60996","2024-25","Northwood","Kate Stemmer","wbb-018208","ella stemmer","transfer_name_variant",0.194444,FALSE,TRUE,FALSE,0.603,,,,,,,,,,,,
"r60996","2024-25","Northwood","Kate Stemmer","wbb-023391","ella stemmer","transfer_name_variant",0.194444,FALSE,TRUE,FALSE,0.603,,,,,,,,,,,,
"r71706","2025-26","Brooklyn","Brianna Jackson","wbb-012006","shequana jackson","transfer_name_variant",0.193056,TRUE,FALSE,FALSE,0.603,,,,,,,,,,,,
"r75882","2025-26","Mary Washington","Cheyenne Sweeney","wbb-003084","alyssa sweeney","transfer_name_variant",0.394511,TRUE,FALSE,TRUE,0.603,,,,,,,,,,,,
"r79665","2025-26","Stonehill","Reese Roggenburk","wbb-027861","brynn roggenburk","transfer_name_variant",0.194444,TRUE,FALSE,FALSE,0.603,,,,,,,,,,,,
"r66132","2024-25","Sul Ross St.","Sophiya Bustillos","wbb-010669","charlize bustillos","transfer_name_variant",0.196665,FALSE,TRUE,FALSE,0.602,,,,,,,,,,,,
"r69227","2024-25","Edward Waters","Nekaya Williams","wbb-011889","ryane williams","transfer_name_variant",0.196459,TRUE,FALSE,FALSE,0.602,,,,,,,,,,,,
"r81236","2025-26","Wisconsin-Stout","Jordyn Derlein","wbb-025099","jaelyn derlein","transfer_name_variant",0.196753,TRUE,FALSE,FALSE,0.602,,,,,,,,,,,,
"r82089","2025-26","Glenville St.","Nylah Davis","wbb-007831","mia davis","transfer_name_variant",0.195286,TRUE,FALSE,FALSE,0.602,,,,,,,,,,,,
"r13328","2021-22","American International","Kayla Robinson","wbb-000134","abby robinson","transfer_name_variant",0.198468,FALSE,TRUE,FALSE,0.601,,,,,,,,,,,,
"r14001","2021-22","Bridgewater (VA)","Jessie Wiles","wbb-000574","josie wiles","transfer_name_variant",0.197273,FALSE,TRUE,FALSE,0.601,,,,,,,,,,,,
"r28612","2022-23","Grand Canyon","Alaina Harper","wbb-012555","caitlyn harper","transfer_name_variant",0.198468,TRUE,FALSE,FALSE,0.601,,,,,,,,,,,,
"r37476","2022-23","South Alabama","Rachel Leggett","wbb-007085","amber leggett","transfer_name_variant",0.198468,TRUE,FALSE,FALSE,0.601,,,,,,,,,,,,
"r60512","2024-25","New Haven","Aniya McDonald-Perry","wbb-013136","destine perry","transfer_name_variant",0.397009,TRUE,FALSE,TRUE,0.601,,,,,,,,,,,,
"r61365","2024-25","Penn State","Ariana Williams","wbb-013260","kapri williams","transfer_name_variant",0.197619,TRUE,FALSE,FALSE,0.601,,,,,,,,,,,,
"r87494","2026-27","Sacramento State","Koko Akridge","wbb-035372","solangelei akridge","transfer_name_variant",0.398148,TRUE,FALSE,TRUE,0.601,,,,,,,,,,,,
"r88102","2026-27","Concordia Chicago","Camila Martinez","wbb-006911","julia martinez","transfer_name_variant",0.197619,TRUE,FALSE,FALSE,0.601,,,,,,,,,,,,
"r91724","2026-27","Pacific","Payton Montgomery","wbb-001301","parker montgomery","transfer_name_variant",0.197285,TRUE,FALSE,FALSE,0.601,,,,,,,,,,,,
"r16625","2021-22","Ill. Wesleyan","Abby Spencer","wbb-003458","ahsha spencer","transfer_name_variant",0.200641,TRUE,FALSE,FALSE,0.6,,,,,,,,,,,,
"r17587","2021-22","Manhattanville","Niyona Smith","wbb-000795","tsion smith","transfer_name_variant",0.199495,TRUE,FALSE,FALSE,0.6,,,,,,,,,,,,
"r24696","2021-22","Southwestern Okla.","Layni Zinn","wbb-012971","averi zinn","transfer_name_variant",0.2,TRUE,FALSE,FALSE,0.6,,,,,,,,,,,,
"r30720","2022-23","East Tex. Baptist","Kenidi White","wbb-009681","kenidi white","same_team_name_variant",0,FALSE,FALSE,TRUE,0.6,,,,,,,,,,,,
"r35193","2022-23","Kentucky St.","Gracen Kerr","wbb-014369","gracen kerr","same_team_name_variant",0,FALSE,FALSE,TRUE,0.6,,,,,,,,,,,,
"r29388","2022-23","Old Dominion","Mikayla Brown","wbb-011473","kinley brown","transfer_name_variant",0.199145,TRUE,FALSE,FALSE,0.6,,,,,,,,,,,,
"r37775","2022-23","Chattanooga","Raven Thompson","wbb-003613","nekiyah thompson","transfer_name_variant",0.200397,TRUE,FALSE,FALSE,0.6,,,,,,,,,,,,
"r38489","2022-23","Wittenberg","Sarah Johnson","wbb-011678","teyarra johnson","transfer_name_variant",0.200777,TRUE,FALSE,FALSE,0.6,,,,,,,,,,,,
"r44547","2023-24","Kentucky St.","Gracen Kerr","wbb-014369","gracen kerr","same_team_name_variant",0,FALSE,FALSE,TRUE,0.6,,,,,,,,,,,,
"r52312","2023-24","McMurry","Kristin Salas","wbb-021315","kristin salas","same_team_name_variant",0,FALSE,FALSE,TRUE,0.6,,,,,,,,,,,,
"r40610","2023-24","Alabama","Reychel Douglas","wbb-015259","reiven douglas","transfer_name_variant",0.200981,TRUE,FALSE,FALSE,0.6,,,,,,,,,,,,
"r41363","2023-24","Boston College","Jayda Johnson","wbb-000130","maky johnson","transfer_name_variant",0.199145,FALSE,TRUE,FALSE,0.6,,,,,,,,,,,,
"r45987","2023-24","CMSV","Ariella Johnson","wbb-004168","niya johnson","transfer_name_variant",0.2,TRUE,FALSE,FALSE,0.6,,,,,,,,,,,,
"r52739","2023-24","Queens (NC)","Kinley Brown","wbb-018351","mikayla brown","transfer_name_variant",0.199145,TRUE,FALSE,FALSE,0.6,,,,,,,,,,,,
"r53649","2023-24","Geneva","Anna Ulmer","wbb-019593","emma ulmer","transfer_name_variant",0.2,FALSE,TRUE,FALSE,0.6,,,,,,,,,,,,
"r55574","2024-25","Buffalo State","Adiya Jones","wbb-015790","reniya jones","transfer_name_variant",0.199495,TRUE,FALSE,FALSE,0.6,,,,,,,,,,,,
"r56856","2024-25","Detroit Mercy","Alize Tripp","wbb-015940","shea tripp","transfer_name_variant",0.199242,TRUE,FALSE,FALSE,0.6,,,,,,,,,,,,
"r57386","2024-25","Fairleigh Dickinson","Joi Johnson","wbb-002940","ayanna johnson","transfer_name_variant",0.400433,TRUE,FALSE,TRUE,0.6,,,,,,,,,,,,
"r59120","2024-25","Longwood","Jaelyn Brown","wbb-011186","yasmine brown","transfer_name_variant",0.199145,TRUE,FALSE,FALSE,0.6,,,,,,,,,,,,
"r65852","2024-25","Northern St.","Lucy Moore","wbb-013205","izzy moore","transfer_name_variant",0.2,TRUE,FALSE,FALSE,0.6,,,,,,,,,,,,
"r69320","2024-25","IIT","Kaya Jones","wbb-015745","leah jones","transfer_name_variant",0.2,TRUE,FALSE,FALSE,0.6,,,,,,,,,,,,
"r77007","2025-26","New Mexico","Tyler Jones","wbb-006020","sinetra jones","transfer_name_variant",0.200207,TRUE,FALSE,FALSE,0.6,,,,,,,,,,,,
"r80623","2025-26","Webster","Daijah Jones","wbb-031286","laila jones","transfer_name_variant",0.199495,TRUE,FALSE,FALSE,0.6,,,,,,,,,,,,
"r82609","2025-26","Newberry","Leigha Harris","wbb-002023","daije harris","transfer_name_variant",0.199145,TRUE,FALSE,FALSE,0.6,,,,,,,,,,,,
"r83373","2025-26","Colorado St.-Pueblo","Wynter Jones","wbb-026668","destiny jones","transfer_name_variant",0.199145,TRUE,FALSE,FALSE,0.6,,,,,,,,,,,,
"r94934","2026-27","Kennesaw State","Cameron Wade","wbb-034690","kimora wade","transfer_name_variant",0.199495,TRUE,FALSE,FALSE,0.6,,,,,,,,,,,,
"r40496","2022-23","SUNY Delhi","Leila Smith","wbb-001623","rianna smith","transfer_name_variant",0.20202,TRUE,FALSE,FALSE,0.599,,,,,,,,,,,,
"r46348","2023-24","NYU","Josie Munson","wbb-002523","izzy munson","transfer_name_variant",0.20202,TRUE,FALSE,FALSE,0.599,,,,,,,,,,,,
"r52873","2023-24","Lees-McRae","Paris Brown","wbb-018624","teagan brown","transfer_name_variant",0.402958,TRUE,FALSE,TRUE,0.599,,,,,,,,,,,,
"r56532","2024-25","Concordia Chicago","Hannah Lopez","wbb-023284","dasia lopez","transfer_name_variant",0.20202,TRUE,FALSE,FALSE,0.599,,,,,,,,,,,,
"r73117","2025-26","Delta St.","Lidia Gonzalez","wbb-033089","claudia marina gonzalez","transfer_name_variant",0.201863,TRUE,FALSE,FALSE,0.599,,,,,,,,,,,,
"r84130","2025-26","S.C. Aiken","Megan Jacoby","wbb-004057","abby jacoby","transfer_name_variant",0.20202,TRUE,FALSE,FALSE,0.599,,,,,,,,,,,,
"r95435","2026-27","Wayne St. (NE)","Stella Williams","wbb-008616","claire williams","transfer_name_variant",0.202778,TRUE,FALSE,FALSE,0.599,,,,,,,,,,,,
"r17102","2021-22","La Verne","Naomi Jackson","wbb-001062","jaida jackson","transfer_name_variant",0.203846,TRUE,FALSE,FALSE,0.598,,,,,,,,,,,,
"r25889","2021-22","Franciscan","Mary Hollis Taylor","wbb-009559","madison taylor","transfer_name_variant",0.204762,TRUE,FALSE,FALSE,0.598,,,,,,,,,,,,
"r32598","2022-23","Drew","Brenna Hezel","wbb-005061","gracie hezel","transfer_name_variant",0.203704,TRUE,FALSE,FALSE,0.598,,,,,,,,,,,,
"r72617","2025-26","Clemson","Amaia Jackson","wbb-001349","kayla jackson","transfer_name_variant",0.203846,TRUE,FALSE,FALSE,0.598,,,,,,,,,,,,
"r73286","2025-26","East Carolina","Amanda Smith","wbb-001623","rianna smith","transfer_name_variant",0.203704,TRUE,FALSE,FALSE,0.598,,,,,,,,,,,,
"r89348","2026-27","Illinois-Chicago","Danielle Brooks","wbb-008747","kia brooks","transfer_name_variant",0.203704,TRUE,FALSE,FALSE,0.598,,,,,,,,,,,,
"r33640","2022-23","Heidelberg","Navia Smith","wbb-008333","alexandria smith","transfer_name_variant",0.205303,TRUE,FALSE,FALSE,0.597,,,,,,,,,,,,
"r43935","2023-24","Hillsdale","Lauren McDonald","wbb-008203","nikki mcdonald","transfer_name_variant",0.206349,TRUE,FALSE,FALSE,0.597,,,,,,,,,,,,
"r45866","2023-24","Montana","Macy Donarski","wbb-003551","lexi donarski","transfer_name_variant",0.205128,TRUE,FALSE,FALSE,0.597,,,,,,,,,,,,
"r52083","2023-24","Oglethorpe","Kat Johnson","wbb-021625","flau jae johnson","transfer_name_variant",0.206439,TRUE,FALSE,FALSE,0.597,,,,,,,,,,,,
"r63682","2024-25","Ursinus","Emily McDonald","wbb-020359","rachel mcdonald","transfer_name_variant",0.205772,FALSE,TRUE,FALSE,0.597,,,,,,,,,,,,
"r68288","2024-25","Point Park","Egypt Coleman","wbb-011519","keira coleman","transfer_name_variant",0.205128,TRUE,FALSE,FALSE,0.597,,,,,,,,,,,,
"r71695","2025-26","Brooklyn","Ariel Williams","wbb-017628","serah williams","transfer_name_variant",0.206349,TRUE,FALSE,FALSE,0.597,,,,,,,,,,,,
"r72160","2025-26","UC San Diego","Tatum Jones","wbb-019339","mikenzie jones","transfer_name_variant",0.406926,TRUE,FALSE,TRUE,0.597,,,,,,,,,,,,
"r74777","2025-26","Indiana (PA)","Bella Peterson","wbb-008598","mikayla peterson","transfer_name_variant",0.205898,TRUE,FALSE,FALSE,0.597,,,,,,,,,,,,
"r80057","2025-26","Troy","Saniya Jackson","wbb-002682","bianca jackson","transfer_name_variant",0.206349,TRUE,FALSE,FALSE,0.597,,,,,,,,,,,,
"r86565","2026-27","UAB","Hailey Jackson","wbb-011286","megan jackson","transfer_name_variant",0.205495,TRUE,FALSE,FALSE,0.597,,,,,,,,,,,,
"r88761","2026-27","FIU","Mable Doumbia","wbb-006386","rokia doumbia","transfer_name_variant",0.205128,TRUE,FALSE,FALSE,0.597,,,,,,,,,,,,
"r89406","2026-27","Indiana","Addy Nyemchek","wbb-015130","logan nyemchek","transfer_name_variant",0.205495,TRUE,FALSE,FALSE,0.597,,,,,,,,,,,,
"r95608","2026-27","Mt. St. Mary (NY)","Arianna White","wbb-005373","jasmine white","transfer_name_variant",0.205128,TRUE,FALSE,FALSE,0.597,,,,,,,,,,,,
"r28945","2022-23","Lamar","R'Mani Taylor","wbb-015773","ariana taylor","transfer_name_variant",0.208625,TRUE,FALSE,FALSE,0.596,,,,,,,,,,,,
"r37759","2022-23","Tennessee St.","Zyion Shannon","wbb-013076","zhordan shannon","transfer_name_variant",0.207972,TRUE,FALSE,FALSE,0.596,,,,,,,,,,,,
"r41573","2023-24","Buffalo","Kirsten Lewis-Williams","wbb-008435","adaje williams","transfer_name_variant",0.41039,TRUE,FALSE,TRUE,0.595,,,,,,,,,,,,
"r69320","2024-25","IIT","Kaya Jones","wbb-006027","manaya jones","transfer_name_variant",0.209259,TRUE,FALSE,FALSE,0.595,,,,,,,,,,,,
"r41992","2023-24","Carleton","Nayeli Williams","wbb-015609","patience williams","transfer_name_variant",0.212619,TRUE,FALSE,FALSE,0.594,,,,,,,,,,,,
"r58098","2024-25","Lehman","Julieni Martinez","wbb-024173","alquidania martinez","transfer_name_variant",0.212719,TRUE,FALSE,FALSE,0.594,,,,,,,,,,,,
"r69121","2024-25","Westminster (UT)","Olivia Tausinga","wbb-011988","elina tausinga","transfer_name_variant",0.211508,TRUE,FALSE,FALSE,0.594,,,,,,,,,,,,
"r77170","2025-26","North Carolina Central","Dianna Blake","wbb-005181","amanda blake","transfer_name_variant",0.211111,TRUE,FALSE,FALSE,0.594,,,,,,,,,,,,
"r35861","2022-23","Millersville","Christa Ricks","wbb-011636","angel ricks","transfer_name_variant",0.414336,TRUE,FALSE,TRUE,0.593,,,,,,,,,,,,
"r45639","2023-24","Millersville","Christa Ricks","wbb-011636","angel ricks","transfer_name_variant",0.414336,TRUE,FALSE,TRUE,0.593,,,,,,,,,,,,
"r62730","2024-25","South Carolina St.","Taniya McGowan","wbb-024551","taniya mcgown","same_team_name_variant",0.014286,FALSE,FALSE,TRUE,0.593,,,,,,,,,,,,
"r83872","2025-26","Eastern","Sanej Tyler","wbb-001976","nadjy tyler","transfer_name_variant",0.213805,TRUE,FALSE,FALSE,0.593,,,,,,,,,,,,
"r89854","2026-27","LeMoyne-Owen","Ke'Sonja Nelson","wbb-007103","kiersten nelson","transfer_name_variant",0.214545,TRUE,FALSE,FALSE,0.593,,,,,,,,,,,,
"r89854","2026-27","LeMoyne-Owen","Ke'Sonja Nelson","wbb-018444","kiersten nelson","transfer_name_variant",0.214545,TRUE,FALSE,FALSE,0.593,,,,,,,,,,,,
"r89854","2026-27","LeMoyne-Owen","Ke'Sonja Nelson","wbb-024469","kiersten nelson","transfer_name_variant",0.214545,TRUE,FALSE,FALSE,0.593,,,,,,,,,,,,
"r89854","2026-27","LeMoyne-Owen","Ke'Sonja Nelson","wbb-030399","kiersten nelson","transfer_name_variant",0.214545,TRUE,FALSE,FALSE,0.593,,,,,,,,,,,,
"r92344","2026-27","St. John Fisher","Maggie Miller","wbb-028892","morgan miller","transfer_name_variant",0.213462,FALSE,TRUE,FALSE,0.593,,,,,,,,,,,,
"r36593","2022-23","Oswego St.","Mollie James","wbb-001649","meredith james","transfer_name_variant",0.215476,FALSE,TRUE,FALSE,0.592,,,,,,,,,,,,
"r37509","2022-23","Bloomsburg","Chase Purdy","wbb-004550","savannah purdy","transfer_name_variant",0.216691,TRUE,FALSE,FALSE,0.592,,,,,,,,,,,,
"r44452","2023-24","Johnson C. Smith","Arrianna Jenkins","wbb-020204","arianna jenkins","same_team_name_variant",0.016667,FALSE,FALSE,TRUE,0.592,,,,,,,,,,,,
"r43712","2023-24","Grambling","Deivejon Harris","wbb-015535","imani harris","transfer_name_variant",0.216667,TRUE,FALSE,FALSE,0.592,,,,,,,,,,,,
"r48612","2023-24","Missouri St.","Louis Volker","wbb-013823","lee volker","transfer_name_variant",0.21625,TRUE,FALSE,FALSE,0.592,,,,,,,,,,,,
"r68976","2024-25","UVa-Wise","Makenzie Bremer","wbb-026672","mackenzie bremer","same_team_name_variant",0.016667,FALSE,FALSE,TRUE,0.592,,,,,,,,,,,,
"r69894","2024-25","Prairie View A&M","Amarui Williams","wbb-024178","amauri williams","same_team_name_variant",0.015556,FALSE,FALSE,TRUE,0.592,,,,,,,,,,,,
"r61097","2024-25","Ohio State","Jaloni Cambridge","wbb-008364","jordyn cambridge","transfer_name_variant",0.216346,TRUE,FALSE,FALSE,0.592,,,,,,,,,,,,
"r79912","2025-26","Texas-Arlington","Kira Reynolds","wbb-024200","amiyah reynolds","transfer_name_variant",0.215929,TRUE,FALSE,FALSE,0.592,,,,,,,,,,,,
"r84228","2025-26","Gwynedd Mercy","Brianna McFadden","wbb-030308","brooke mcfadden","transfer_name_variant",0.215051,TRUE,FALSE,FALSE,0.592,,,,,,,,,,,,
"r92595","2026-27","San Jose State","Eve Blagrove","wbb-007401","jade blagrove","transfer_name_variant",0.215812,TRUE,FALSE,FALSE,0.592,,,,,,,,,,,,
"r92595","2026-27","San Jose State","Eve Blagrove","wbb-029816","jade blagrove","transfer_name_variant",0.215812,TRUE,FALSE,FALSE,0.592,,,,,,,,,,,,
"r95084","2026-27","Montevallo","Ti'Ye Davis","wbb-009704","tyra davis","transfer_name_variant",0.216818,TRUE,FALSE,FALSE,0.592,,,,,,,,,,,,
"r61579","2024-25","Providence","Orlagh Gormley","wbb-022284","aoibhe gormley","transfer_name_variant",0.218615,TRUE,FALSE,FALSE,0.591,,,,,,,,,,,,
"r66080","2024-25","Schreiner","Alyxa Martinez","wbb-021313","bel martinez","transfer_name_variant",0.21746,TRUE,FALSE,FALSE,0.591,,,,,,,,,,,,
"r66080","2024-25","Schreiner","Alyxa Martinez","wbb-023493","bel martinez","transfer_name_variant",0.21746,TRUE,FALSE,FALSE,0.591,,,,,,,,,,,,
"r79871","2025-26","Texas Christian","Emily Hunter","wbb-015970","messiah hunter","transfer_name_variant",0.21746,FALSE,TRUE,FALSE,0.591,,,,,,,,,,,,
"r84366","2025-26","Belmont","Tatum Woodson","wbb-023652","taylor woodson","transfer_name_variant",0.217729,TRUE,FALSE,FALSE,0.591,,,,,,,,,,,,
"r86215","2025-26","Biola","Danya Dykstra","wbb-025750","demi dykstra","transfer_name_variant",0.217308,TRUE,FALSE,FALSE,0.591,,,,,,,,,,,,
"r14585","2021-22","CWRU","Nyah Moore","wbb-008997","alyssa moore","transfer_name_variant",0.219444,TRUE,FALSE,FALSE,0.59,,,,,,,,,,,,
"r26152","2021-22","Sioux Falls","Olivia Gamoke","wbb-008969","emma gamoke","transfer_name_variant",0.219114,TRUE,FALSE,FALSE,0.59,,,,,,,,,,,,
"r38895","2022-23","Cal St. Dom. Hills","Nala Williams","wbb-013657","deja williams","transfer_name_variant",0.220513,FALSE,TRUE,FALSE,0.59,,,,,,,,,,,,
"r51517","2023-24","Pittsburg St.","Ja'Miya Brown","wbb-014268","de myla brown","transfer_name_variant",0.220513,TRUE,FALSE,FALSE,0.59,,,,,,,,,,,,
"r59791","2024-25","Miami Ohio","Ziul Gonzalez","wbb-017753","enjulina gonzalez","transfer_name_variant",0.220902,TRUE,FALSE,FALSE,0.59,,,,,,,,,,,,
"r70781","2025-26","Albany St. (GA)","Jayla Johnson","wbb-027004","maliyah mj johnson","transfer_name_variant",0.220085,TRUE,FALSE,FALSE,0.59,,,,,,,,,,,,
"r76155","2025-26","Merrimack","Makayla Thomas","wbb-030804","alexandria thomas","transfer_name_variant",0.219379,TRUE,FALSE,FALSE,0.59,,,,,,,,,,,,
"r80088","2025-26","Tulane","Shiloh Kimpson","wbb-023851","amarachi kimpson","transfer_name_variant",0.220238,FALSE,TRUE,FALSE,0.59,,,,,,,,,,,,
"r80215","2025-26","Upper Iowa","Kendyl Lodermeier","wbb-016104","elissa lodermeier","transfer_name_variant",0.220965,TRUE,FALSE,FALSE,0.59,,,,,,,,,,,,
"r81971","2025-26","Fairmont St.","Ryan Davis","wbb-016709","ashley davis","transfer_name_variant",0.219444,TRUE,FALSE,FALSE,0.59,,,,,,,,,,,,
"r86784","2026-27","Arkansas","Grace McCallop","wbb-020843","emajin mccallop","transfer_name_variant",0.220924,TRUE,FALSE,FALSE,0.59,,,,,,,,,,,,
"r89637","2026-27","Kansas","Anna Gooden","wbb-035875","erikka gooden","transfer_name_variant",0.219114,TRUE,FALSE,FALSE,0.59,,,,,,,,,,,,
"r90998","2026-27","Neb. Wesleyan","Sonya Guzinski","wbb-000945","mya guzinski","transfer_name_variant",0.220418,FALSE,TRUE,FALSE,0.59,,,,,,,,,,,,
"r94385","2026-27","Caldwell","Zaakirah Edwards","wbb-037778","azori edwards","transfer_name_variant",0.220085,TRUE,FALSE,FALSE,0.59,,,,,,,,,,,,
"r94449","2026-27","Central Arkansas","Faith McCallop","wbb-020843","emajin mccallop","transfer_name_variant",0.220924,TRUE,FALSE,FALSE,0.59,,,,,,,,,,,,
"r15552","2021-22","Eastern N.M.","Iyanna McCurdy","wbb-007202","danielle mccurdy","transfer_name_variant",0.22105,TRUE,FALSE,FALSE,0.589,,,,,,,,,,,,
"r17102","2021-22","La Verne","Naomi Jackson","wbb-001168","jordyn jackson","transfer_name_variant",0.222161,TRUE,FALSE,FALSE,0.589,,,,,,,,,,,,
"r24769","2021-22","East Central","Kate Ogle","wbb-008684","abby ogle","transfer_name_variant",0.222222,FALSE,TRUE,FALSE,0.589,,,,,,,,,,,,
"r41557","2023-24","Buena Vista","Annie Johnson","wbb-010661","sa dera johnson","transfer_name_variant",0.221368,FALSE,TRUE,FALSE,0.589,,,,,,,,,,,,
"r45479","2023-24","Merrimack","Izabella Forker","wbb-001490","ashley forker","transfer_name_variant",0.221368,TRUE,FALSE,FALSE,0.589,,,,,,,,,,,,
"r45686","2023-24","Minn. Duluth","Drew Johnston","wbb-008352","jayda johnston","transfer_name_variant",0.222161,TRUE,FALSE,FALSE,0.589,,,,,,,,,,,,
"r51230","2023-24","LaGrange","Taylor Smith","wbb-000060","aniyah smith","transfer_name_variant",0.222222,TRUE,FALSE,FALSE,0.589,,,,,,,,,,,,
"r60193","2024-25","Morehead State","Kate Novik","wbb-023780","katie novik","same_team_name_variant",0.021212,FALSE,FALSE,TRUE,0.589,,,,,,,,,,,,
"r58430","2024-25","Purdue-Fort Wayne","Taeya Steinauer","wbb-007485","rheyna steinauer","transfer_name_variant",0.222329,TRUE,FALSE,FALSE,0.589,,,,,,,,,,,,
"r59118","2024-25","Longwood","Lili Booker","wbb-018153","shy booker","transfer_name_variant",0.221212,TRUE,FALSE,FALSE,0.589,,,,,,,,,,,,
"r59791","2024-25","Miami Ohio","Ziul Gonzalez","wbb-011366","mercy gonzalez","transfer_name_variant",0.221612,TRUE,FALSE,FALSE,0.589,,,,,,,,,,,,
"r63863","2024-25","Va. Wesleyan","Bre Robinson","wbb-008405","taya robinson","transfer_name_variant",0.222934,TRUE,FALSE,FALSE,0.589,,,,,,,,,,,,
"r69263","2024-25","Jessup","Jessica Huffhines","wbb-013472","brandy huffhines","transfer_name_variant",0.221814,TRUE,FALSE,FALSE,0.589,,,,,,,,,,,,
"r71528","2025-26","Boston College","Jocelyne Grier","wbb-002781","kennedy grier","transfer_name_variant",0.222161,TRUE,FALSE,FALSE,0.589,,,,,,,,,,,,
"r72581","2025-26","Clark Atlanta","Taylor Bolton","wbb-017920","donyeil bolton","transfer_name_variant",0.222161,TRUE,FALSE,FALSE,0.589,,,,,,,,,,,,
"r73223","2025-26","Drexel","Bria Watkins","wbb-014306","anya watkins","transfer_name_variant",0.222222,FALSE,TRUE,FALSE,0.589,,,,,,,,,,,,
"r77007","2025-26","New Mexico","Tyler Jones","wbb-032996","kaya jones","transfer_name_variant",0.221212,TRUE,FALSE,FALSE,0.589,,,,,,,,,,,,
"r77848","2025-26","Penn State","Shayla Smith","wbb-001799","raanee smith","transfer_name_variant",0.222222,TRUE,FALSE,FALSE,0.589,,,,,,,,,,,,
"r88959","2026-27","Georgia State","Makennah Alexis","wbb-029682","aniah alexis","transfer_name_variant",0.222727,TRUE,FALSE,FALSE,0.589,,,,,,,,,,,,
"r92687","2026-27","Siena","Stella Ziogas","wbb-029493","grace ziogas","transfer_name_variant",0.222934,TRUE,FALSE,FALSE,0.589,,,,,,,,,,,,
"r92984","2026-27","Texas State","Emma Pique","wbb-034222","paula pique","transfer_name_variant",0.221212,TRUE,FALSE,FALSE,0.589,,,,,,,,,,,,
"r96343","2026-27","West Florida","Kayla Williams","wbb-021778","brianna williams","transfer_name_variant",0.22105,TRUE,FALSE,FALSE,0.589,,,,,,,,,,,,
"r96769","2026-27","Lee","Emma Smith","wbb-025368","molly smith","transfer_name_variant",0.221212,TRUE,FALSE,FALSE,0.589,,,,,,,,,,,,
"r64297","2024-25","Wichita State","Maimouna Sissoko","wbb-024460","diarrah sissoko","transfer_name_variant",0.223359,TRUE,FALSE,FALSE,0.588,,,,,,,,,,,,
"r66134","2024-25","Tarleton St.","Mylasia Smith","wbb-021626","sa myah smith","transfer_name_variant",0.223776,FALSE,TRUE,FALSE,0.588,,,,,,,,,,,,
"r73176","2025-26","Dickinson","Jelena Subasic","wbb-006036","jovana subasic","transfer_name_variant",0.224026,TRUE,FALSE,FALSE,0.588,,,,,,,,,,,,
"r93874","2026-27","West Texas A&M","Mylasia Smith","wbb-021626","sa myah smith","transfer_name_variant",0.223776,FALSE,TRUE,FALSE,0.588,,,,,,,,,,,,
"r58842","2024-25","LaSalle","Irene Garcia","wbb-018038","alba garcia","transfer_name_variant",0.426768,TRUE,FALSE,TRUE,0.587,,,,,,,,,,,,
"r75590","2025-26","UMass Lowell","Tyanna Medina","wbb-012985","aya medina","transfer_name_variant",0.226923,TRUE,FALSE,FALSE,0.587,,,,,,,,,,,,
"r78060","2025-26","Principia","Ariana Williams","wbb-006948","karon williams","transfer_name_variant",0.225397,TRUE,FALSE,FALSE,0.587,,,,,,,,,,,,
"r93443","2026-27","Tuskegee","A'IYonna Kimbell","wbb-037194","a iyonna kimble","same_team_name_variant",0.025833,FALSE,FALSE,TRUE,0.587,,,,,,,,,,,,
"r54435","2024-25","Abilene Christian","Carlota Gomez","wbb-003530","claudia gomez","transfer_name_variant",0.228462,TRUE,FALSE,FALSE,0.586,,,,,,,,,,,,
"r90600","2026-27","Millikin","Kay kay Williams","wbb-014584","makiyah williams","transfer_name_variant",0.227564,TRUE,FALSE,FALSE,0.586,,,,,,,,,,,,
"r89920","2026-27","Lincoln (MO)","Whitney Smith","wbb-033659","ava smith","transfer_name_variant",0.429487,FALSE,TRUE,TRUE,0.585,,,,,,,,,,,,
"r93550","2026-27","Valdosta St.","Lauryn Dennis-Cooper","wbb-037032","delaney cooper","transfer_name_variant",0.23022,TRUE,FALSE,FALSE,0.585,,,,,,,,,,,,
"r31138","2022-23","Huntingdon","Jayla Carter","wbb-004907","jessika carter","transfer_name_variant",0.232143,FALSE,TRUE,FALSE,0.584,,,,,,,,,,,,
"r35991","2022-23","Averett","Elisa Harris","wbb-005582","areina harris","transfer_name_variant",0.232479,TRUE,FALSE,FALSE,0.584,,,,,,,,,,,,
"r52450","2023-24","Converse","Elisa Solé Sanchez","wbb-013167","gisela sanchez","transfer_name_variant",0.231787,TRUE,FALSE,FALSE,0.584,,,,,,,,,,,,
"r65203","2024-25","Edgewood","Kylee Lonigro","wbb-016322","lindsey lonigro","transfer_name_variant",0.23108,TRUE,FALSE,FALSE,0.584,,,,,,,,,,,,
"r85745","2025-26","Walsh","Carlota Lopez","wbb-030131","carmen martinez lopez","transfer_name_variant",0.231857,TRUE,FALSE,FALSE,0.584,,,,,,,,,,,,
"r86546","2026-27","Alabama State","Karrell Greene","wbb-039218","kyla greene","transfer_name_variant",0.232987,FALSE,TRUE,FALSE,0.584,,,,,,,,,,,,
"r90061","2026-27","MacMurray","Leah Mitchell","wbb-037098","ava mitchell","transfer_name_variant",0.232479,TRUE,FALSE,FALSE,0.584,,,,,,,,,,,,
"r92286","2026-27","St. Bonaventure","Ella Trinkaus","wbb-038561","maggie trinkaus","transfer_name_variant",0.23108,TRUE,FALSE,FALSE,0.584,,,,,,,,,,,,
"r95954","2026-27","McMurry","Leah Mitchell","wbb-037098","ava mitchell","transfer_name_variant",0.232479,TRUE,FALSE,FALSE,0.584,,,,,,,,,,,,
"r13704","2021-22","Bellarmine","Jaela Johnson","wbb-002888","joelle johnson","transfer_name_variant",0.233167,TRUE,FALSE,FALSE,0.583,,,,,,,,,,,,
"r20102","2021-22","Saginaw Valley","Saniaa Walker","wbb-010100","sydney walker","transfer_name_variant",0.234615,TRUE,FALSE,FALSE,0.583,,,,,,,,,,,,
"r24356","2021-22","IUPUI","Jaela Johnson","wbb-002888","joelle johnson","transfer_name_variant",0.233167,TRUE,FALSE,FALSE,0.583,,,,,,,,,,,,
"r30184","2022-23","Northern Colorado","Lauren Andrews","wbb-006301","haylee andrews","transfer_name_variant",0.233766,TRUE,FALSE,FALSE,0.583,,,,,,,,,,,,
"r38555","2022-23","Wright St.","Catalina Ion","wbb-013116","ana ion","transfer_name_variant",0.234127,TRUE,FALSE,FALSE,0.583,,,,,,,,,,,,
"r55991","2024-25","Canisius","Jaela Johnson","wbb-002888","joelle johnson","transfer_name_variant",0.233167,TRUE,FALSE,FALSE,0.583,,,,,,,,,,,,
"r75437","2025-26","Lincoln (MO)","Aaliyah Smith","wbb-019620","aunisty smith","transfer_name_variant",0.234615,TRUE,FALSE,FALSE,0.583,,,,,,,,,,,,
"r86780","2026-27","Arkansas","Whitley Rogers","wbb-015971","wynter rogers","transfer_name_variant",0.233167,TRUE,FALSE,FALSE,0.583,,,,,,,,,,,,
"r87207","2026-27","Brandeis","Charlotte McDonough","wbb-024339","kaitlin mcdonough","transfer_name_variant",0.234977,FALSE,TRUE,FALSE,0.583,,,,,,,,,,,,
"r23575","2021-22","Lakeland","Desiree Jackson","wbb-004908","rickea jackson","transfer_name_variant",0.236075,TRUE,FALSE,FALSE,0.582,,,,,,,,,,,,
"r50940","2023-24","Gardner-Webb","Andrea Martínez","wbb-002418","paula martinez","transfer_name_variant",0.236075,TRUE,FALSE,FALSE,0.582,,,,,,,,,,,,
"r62050","2024-25","Saint Benedict","AJ Johnson","wbb-020879","kylie johnson","transfer_name_variant",0.236538,FALSE,TRUE,FALSE,0.582,,,,,,,,,,,,
"r75743","2025-26","Maine","Lala Woods","wbb-011525","shanley woods","transfer_name_variant",0.236538,FALSE,TRUE,FALSE,0.582,,,,,,,,,,,,
"r77317","2025-26","Northeastern","Andrea Martinez","wbb-002418","paula martinez","transfer_name_variant",0.236075,TRUE,FALSE,FALSE,0.582,,,,,,,,,,,,
"r85929","2025-26","Valley Forge","Nyla Jones","wbb-030436","tatiana jones","transfer_name_variant",0.236538,TRUE,FALSE,FALSE,0.582,,,,,,,,,,,,
"r86314","2025-26","Edward Waters","Xaniya Jackson","wbb-018036","jazmine jackson","transfer_name_variant",0.236075,FALSE,TRUE,FALSE,0.582,,,,,,,,,,,,
"r89649","2026-27","Kansas","Mollie Ernstes","wbb-018830","lily ernstes","transfer_name_variant",0.23557,TRUE,FALSE,FALSE,0.582,,,,,,,,,,,,
"r93240","2026-27","Texas Woman's","Abby Dallas","wbb-026465","calyn dallas","transfer_name_variant",0.236532,TRUE,FALSE,FALSE,0.582,,,,,,,,,,,,
"r95395","2026-27","Texas Lutheran","Nayeli Espinoza","wbb-032140","emery espinoza","transfer_name_variant",0.236075,TRUE,FALSE,FALSE,0.582,,,,,,,,,,,,
"r96343","2026-27","West Florida","Kayla Williams","wbb-006355","chanell williams","transfer_name_variant",0.236201,TRUE,FALSE,FALSE,0.582,,,,,,,,,,,,
"r16997","2021-22","Kentucky St.","Sydney Johnson","wbb-002888","joelle johnson","transfer_name_variant",0.238095,TRUE,FALSE,FALSE,0.581,,,,,,,,,,,,
"r20748","2021-22","South Carolina St.","Ajia Smith","wbb-004929","taylor smith","transfer_name_variant",0.238889,TRUE,FALSE,FALSE,0.581,,,,,,,,,,,,
"r28286","2022-23","Charleston Southern","Alba Garcia","wbb-016628","rebeca garcia","transfer_name_variant",0.237244,TRUE,FALSE,FALSE,0.581,,,,,,,,,,,,
"r30568","2022-23","Christian Brothers","Isabella Jones","wbb-006020","sinetra jones","transfer_name_variant",0.238828,TRUE,FALSE,FALSE,0.581,,,,,,,,,,,,
"r40028","2022-23","Walsh","Ella Neitzel","wbb-000034","colleen neitzel","transfer_name_variant",0.237879,FALSE,TRUE,FALSE,0.581,,,,,,,,,,,,
"r40595","2023-24","Alabama State","Anaja Hall","wbb-002647","jaida hall","transfer_name_variant",0.2375,TRUE,FALSE,FALSE,0.581,,,,,,,,,,,,
"r41333","2023-24","Bloomsburg","Paige Sevrain","wbb-002125","gabby sevrain","transfer_name_variant",0.237179,TRUE,FALSE,FALSE,0.581,,,,,,,,,,,,
"r42114","2023-24","Centenary (LA)","Saurelys Escano","wbb-011568","carmen escano","transfer_name_variant",0.238034,TRUE,FALSE,FALSE,0.581,,,,,,,,,,,,
"r50665","2023-24","Christian Brothers","Isabella Jones","wbb-006020","sinetra jones","transfer_name_variant",0.238828,TRUE,FALSE,FALSE,0.581,,,,,,,,,,,,
"r52360","2023-24","St. Mary's (IN)","Grace Collins","wbb-012917","mariah collins","transfer_name_variant",0.238828,TRUE,FALSE,FALSE,0.581,,,,,,,,,,,,
"r52846","2023-24","Centenary (NJ)","Saurelys Escano","wbb-001480","carmen escano","transfer_name_variant",0.238034,TRUE,FALSE,FALSE,0.581,,,,,,,,,,,,
"r55537","2024-25","Bucknell","Hope Masonius","wbb-004494","faith masonius","transfer_name_variant",0.238828,FALSE,TRUE,FALSE,0.581,,,,,,,,,,,,
"r62808","2024-25","Southeast Missouri State","Ainaya Williams","wbb-025435","taylor williams","transfer_name_variant",0.238384,TRUE,FALSE,FALSE,0.581,,,,,,,,,,,,
"r64280","2024-25","Whittier","Jordan Taylor","wbb-012819","eryn taylor","transfer_name_variant",0.237244,TRUE,FALSE,FALSE,0.581,,,,,,,,,,,,
"r64832","2024-25","Arkansas Tech","Olivia Jones","wbb-007860","anna jones","transfer_name_variant",0.238889,TRUE,FALSE,FALSE,0.581,,,,,,,,,,,,
"r70124","2024-25","Christian Brothers","Isabella Jones","wbb-006020","sinetra jones","transfer_name_variant",0.238828,TRUE,FALSE,FALSE,0.581,,,,,,,,,,,,
"r75394","2025-26","Lehigh","Leia Edwards","wbb-008468","khaleah edwards","transfer_name_variant",0.237879,TRUE,FALSE,FALSE,0.581,,,,,,,,,,,,
"r18438","2021-22","North Carolina","Teonni Key","wbb-007882","tamari key","transfer_name_variant",0.24,TRUE,FALSE,FALSE,0.58,,,,,,,,,,,,
"r19652","2021-22","Prairie View A&M","Marliah Johnson","wbb-005315","lapraisjah johnson","transfer_name_variant",0.239153,TRUE,FALSE,FALSE,0.58,,,,,,,,,,,,
"r20900","2021-22","Southern Ill.","Tyranny Brown","wbb-004838","jazmin brown","transfer_name_variant",0.239316,TRUE,FALSE,FALSE,0.58,,,,,,,,,,,,
"r25198","2021-22","Rosemont","Sanaa Williams","wbb-003543","de jah williams","transfer_name_variant",0.239683,TRUE,FALSE,FALSE,0.58,,,,,,,,,,,,
"r37387","2022-23","Siena","Bridie McCann","wbb-006217","maeve mccann","transfer_name_variant",0.239316,TRUE,FALSE,FALSE,0.58,,,,,,,,,,,,
"r41746","2023-24","Long Beach State","Lauren Cummings","wbb-020044","allie cummings","transfer_name_variant",0.239286,TRUE,FALSE,FALSE,0.58,,,,,,,,,,,,
"r43215","2023-24","Emory & Henry","Rhyan Harris","wbb-014532","olivia harris","transfer_name_variant",0.239316,TRUE,FALSE,FALSE,0.58,,,,,,,,,,,,
"r45357","2023-24","MIT","Sydney Baller","wbb-003016","katie baller","transfer_name_variant",0.239316,FALSE,TRUE,FALSE,0.58,,,,,,,,,,,,
"r45570","2023-24","Michigan","Elissa Brett","wbb-010304","kelsey brett","transfer_name_variant",0.240741,TRUE,FALSE,FALSE,0.58,,,,,,,,,,,,
"r45690","2023-24","Minn. Duluth","Grace Counts","wbb-021549","maria counts","transfer_name_variant",0.240741,FALSE,TRUE,FALSE,0.58,,,,,,,,,,,,
"r45987","2023-24","CMSV","Ariella Johnson","wbb-013759","mizani johnson","transfer_name_variant",0.239683,TRUE,FALSE,FALSE,0.58,,,,,,,,,,,,
"r48367","2023-24","South Carolina","Tessa Johnson","wbb-003556","rae johnson","transfer_name_variant",0.240559,TRUE,FALSE,FALSE,0.58,,,,,,,,,,,,
"r57738","2024-25","Georgetown","Amanda Ajobiewe","wbb-002366","stacy ajobiewe","transfer_name_variant",0.239683,TRUE,FALSE,FALSE,0.58,,,,,,,,,,,,
"r72583","2025-26","Clark Atlanta","Joirdyn Smith","wbb-022199","hailey smith","transfer_name_variant",0.239316,TRUE,FALSE,FALSE,0.58,,,,,,,,,,,,
"r72583","2025-26","Clark Atlanta","Joirdyn Smith","wbb-022200","olivia smith","transfer_name_variant",0.239316,TRUE,FALSE,FALSE,0.58,,,,,,,,,,,,
"r75052","2025-26","Kansas State","Brandie Harrod","wbb-026664","syncere harrod","transfer_name_variant",0.240476,TRUE,FALSE,FALSE,0.58,,,,,,,,,,,,
"r75057","2025-26","Kansas State","Gina Garcia","wbb-017745","gemma ruiz garcia","transfer_name_variant",0.240802,TRUE,FALSE,FALSE,0.58,,,,,,,,,,,,
"r75426","2025-26","Lincoln (MO)","Kennedy Jones","wbb-022113","skylar jones","transfer_name_variant",0.239316,TRUE,FALSE,FALSE,0.58,,,,,,,,,,,,
"r90588","2026-27","Millikin","Lauryn Jackson","wbb-035010","destiny jackson","transfer_name_variant",0.239683,TRUE,FALSE,FALSE,0.58,,,,,,,,,,,,
"r90856","2026-27","Morgan St.","Simran Williams","wbb-007802","priscilla williams","transfer_name_variant",0.239601,TRUE,FALSE,FALSE,0.58,,,,,,,,,,,,
"r90856","2026-27","Morgan St.","Simran Williams","wbb-017860","priscilla williams","transfer_name_variant",0.239601,TRUE,FALSE,FALSE,0.58,,,,,,,,,,,,
"r90856","2026-27","Morgan St.","Simran Williams","wbb-024094","priscilla williams","transfer_name_variant",0.239601,TRUE,FALSE,FALSE,0.58,,,,,,,,,,,,
"r90856","2026-27","Morgan St.","Simran Williams","wbb-028426","priscilla williams","transfer_name_variant",0.239601,TRUE,FALSE,FALSE,0.58,,,,,,,,,,,,
"r91778","2026-27","Pennsylvania","Ava Jones","wbb-003597","cherelle jones","transfer_name_variant",0.440476,TRUE,FALSE,TRUE,0.58,,,,,,,,,,,,
"r36004","2022-23","Averett","G'La Dunn","wbb-016438","taylor dunn","transfer_name_variant",0.242905,TRUE,FALSE,FALSE,0.579,,,,,,,,,,,,
"r36799","2022-23","Queens (NY)","Brianna Davis","wbb-004322","dee dee davis","transfer_name_variant",0.442308,TRUE,FALSE,TRUE,0.579,,,,,,,,,,,,
"r51039","2023-24","Guilford","Natalie Roper","wbb-004444","lorelei roper","transfer_name_variant",0.242165,TRUE,FALSE,FALSE,0.579,,,,,,,,,,,,
"r54939","2024-25","Augustana (IL)","Jaida Collins","wbb-025955","grace collins","transfer_name_variant",0.242165,TRUE,FALSE,FALSE,0.579,,,,,,,,,,,,
"r55783","2024-25","CSUN","Nnenna Orji","wbb-001042","leilia orji","transfer_name_variant",0.242424,FALSE,TRUE,FALSE,0.579,,,,,,,,,,,,
"r58135","2024-25","Hiram","Isabella Caceres","wbb-022665","ilyana caceres","transfer_name_variant",0.242857,FALSE,TRUE,FALSE,0.579,,,,,,,,,,,,
"r70730","2025-26","UAH","Paris Opelt","wbb-015322","bella opelt","transfer_name_variant",0.242424,TRUE,FALSE,FALSE,0.579,,,,,,,,,,,,
"r82226","2025-26","Holy Family","Shania Howard","wbb-031784","cayla howard","transfer_name_variant",0.241453,TRUE,FALSE,FALSE,0.579,,,,,,,,,,,,
"r82996","2025-26","Wayne St. (NE)","Jessica Black","wbb-029162","carney black","transfer_name_variant",0.241453,TRUE,FALSE,FALSE,0.579,,,,,,,,,,,,
"r88897","2026-27","Furman","Keegan Morris","wbb-016990","hailey morris","transfer_name_variant",0.242165,TRUE,FALSE,FALSE,0.579,,,,,,,,,,,,
"r89858","2026-27","LeMoyne-Owen","Layla Hampton","wbb-038574","briah hampton","transfer_name_variant",0.242165,TRUE,FALSE,FALSE,0.579,,,,,,,,,,,,
"r13574","2021-22","Austin Peay","Tameia Shaw","wbb-003604","shawnta shaw","transfer_name_variant",0.243687,TRUE,FALSE,FALSE,0.578,,,,,,,,,,,,
"r18799","2021-22","North Alabama","Olivia Jones","wbb-009579","emily jones","transfer_name_variant",0.243687,FALSE,TRUE,FALSE,0.578,,,,,,,,,,,,
"r22548","2021-22","Wisconsin-Stout","Elissa Lodermeier","wbb-008273","lexie lodermeier","transfer_name_variant",0.243347,TRUE,FALSE,FALSE,0.578,,,,,,,,,,,,
"r25047","2021-22","Queens (NC)","Tameia Shaw","wbb-003604","shawnta shaw","transfer_name_variant",0.243687,TRUE,FALSE,FALSE,0.578,,,,,,,,,,,,
"r30573","2022-23","Christian Brothers","Emily Jones","wbb-014950","olivia jones","transfer_name_variant",0.243687,FALSE,TRUE,FALSE,0.578,,,,,,,,,,,,
"r37071","2022-23","Saginaw Valley","Emma Dziezgowski","wbb-006779","maddie dziezgowski","transfer_name_variant",0.243056,TRUE,FALSE,FALSE,0.578,,,,,,,,,,,,
"r53783","2023-24","Ohio Dominican","Nelia Guice","wbb-005933","peyton guice","transfer_name_variant",0.243687,FALSE,TRUE,FALSE,0.578,,,,,,,,,,,,
"r60463","2024-25","Nevada","Kendra Hicks","wbb-020747","carly hicks","transfer_name_variant",0.243687,TRUE,FALSE,FALSE,0.578,,,,,,,,,,,,
"r64832","2024-25","Arkansas Tech","Olivia Jones","wbb-009579","emily jones","transfer_name_variant",0.243687,TRUE,FALSE,FALSE,0.578,,,,,,,,,,,,
"r64832","2024-25","Arkansas Tech","Olivia Jones","wbb-018678","emily jones","transfer_name_variant",0.243687,TRUE,FALSE,FALSE,0.578,,,,,,,,,,,,
"r64832","2024-25","Arkansas Tech","Olivia Jones","wbb-023934","emily jones","transfer_name_variant",0.243687,TRUE,FALSE,FALSE,0.578,,,,,,,,,,,,
"r68781","2024-25","Union (TN)","Emily Jones","wbb-014950","olivia jones","transfer_name_variant",0.243687,FALSE,TRUE,FALSE,0.578,,,,,,,,,,,,
"r90420","2026-27","Meredith","Jenna Moore","wbb-002233","maddie moore","transfer_name_variant",0.243687,TRUE,FALSE,FALSE,0.578,,,,,,,,,,,,
"r91809","2026-27","Pfeiffer","Kairah Dixon-Booker","wbb-000477","d shara booker","transfer_name_variant",0.244457,TRUE,FALSE,FALSE,0.578,,,,,,,,,,,,
"r93784","2026-27","Wayne St. (MI)","Averie Zinn","wbb-023357","ryleigh zinn","transfer_name_variant",0.243687,TRUE,FALSE,FALSE,0.578,,,,,,,,,,,,
"r67907","2024-25","Texas-Tyler","Gbemisola Samuel","wbb-024595","angela samuel","transfer_name_variant",0.246358,TRUE,FALSE,FALSE,0.577,,,,,,,,,,,,
"r85929","2025-26","Valley Forge","Nyla Jones","wbb-014746","ashley jones","transfer_name_variant",0.246296,TRUE,FALSE,FALSE,0.577,,,,,,,,,,,,
"r13083","2021-22","Abilene Christian","Niyah Johnson","wbb-002975","ireneshia johnson","transfer_name_variant",0.24868,TRUE,FALSE,FALSE,0.576,,,,,,,,,,,,
"r68401","2024-25","AUM","Jadyn Brenneman","wbb-016165","taylor brenneman","transfer_name_variant",0.247222,TRUE,FALSE,FALSE,0.576,,,,,,,,,,,,
"r76276","2025-26","Middle Tennessee","Kirston Verhulst","wbb-014499","payton verhulst","transfer_name_variant",0.247222,TRUE,FALSE,FALSE,0.576,,,,,,,,,,,,
"r85764","2025-26","Fresno Pacific","Mason Long","wbb-010882","jalen long","transfer_name_variant",0.247619,TRUE,FALSE,FALSE,0.576,,,,,,,,,,,,
"r90861","2026-27","Morgan St.","Kazahria Johnson","wbb-038104","jada johnson","transfer_name_variant",0.247222,TRUE,FALSE,FALSE,0.576,,,,,,,,,,,,
"r16811","2021-22","Jacksonville St.","Madison McCoy","wbb-007880","jaiden mccoy","transfer_name_variant",0.249145,TRUE,FALSE,FALSE,0.575,,,,,,,,,,,,
"r23254","2021-22","Findlay","Mckenna Stephens","wbb-011300","miranda stephens","transfer_name_variant",0.25,TRUE,FALSE,FALSE,0.575,,,,,,,,,,,,
"r58842","2024-25","LaSalle","Irene Garcia","wbb-016628","rebeca garcia","transfer_name_variant",0.249145,TRUE,FALSE,FALSE,0.575,,,,,,,,,,,,
"r76342","2025-26","Millikin","Ari Williams","wbb-024599","lezhauria williams","transfer_name_variant",0.25,TRUE,FALSE,FALSE,0.575,,,,,,,,,,,,
"r77392","2025-26","Northern Kentucky","Jamaya Thomas","wbb-016875","aj thomas","transfer_name_variant",0.250712,TRUE,FALSE,FALSE,0.575,,,,,,,,,,,,
"r78349","2025-26","Rider","Claudia Lazaro-Carrasco","wbb-006610","laura carrasco","transfer_name_variant",0.249482,TRUE,FALSE,FALSE,0.575,,,,,,,,,,,,
"r85402","2025-26","Tex. Permian Basin","Ja'Nya Thomas","wbb-021314","aeryn thomas","transfer_name_variant",0.249145,TRUE,FALSE,FALSE,0.575,,,,,,,,,,,,
"r90600","2026-27","Millikin","Kay kay Williams","wbb-004770","cameron williams","transfer_name_variant",0.25,TRUE,FALSE,FALSE,0.575,,,,,,,,,,,,
"r91110","2026-27","New Haven","Claudia Lazaro-Carrasco","wbb-006610","laura carrasco","transfer_name_variant",0.249482,TRUE,FALSE,FALSE,0.575,,,,,,,,,,,,
"r13734","2021-22","Benedict","Kapri Williams","wbb-004770","cameron williams","transfer_name_variant",0.251353,TRUE,FALSE,FALSE,0.574,,,,,,,,,,,,
"r23083","2021-22","Concordia Wisconsin","Kathryn Kirkwood","wbb-005068","ariel kirkwood","transfer_name_variant",0.251353,TRUE,FALSE,FALSE,0.574,,,,,,,,,,,,
"r39707","2022-23","Western Ky.","Acacia Hayes","wbb-004772","aislynn hayes","transfer_name_variant",0.252885,TRUE,FALSE,FALSE,0.574,,,,,,,,,,,,
"r71706","2025-26","Brooklyn","Brianna Jackson","wbb-018133","a riel jackson","transfer_name_variant",0.251227,TRUE,FALSE,FALSE,0.574,,,,,,,,,,,,
"r81022","2025-26","Winston-Salem","Taylor Simpson","wbb-014846","kennedy simpson","transfer_name_variant",0.252381,TRUE,FALSE,FALSE,0.574,,,,,,,,,,,,
"r82354","2025-26","Lander","Serenity Echols","wbb-018835","kathryn echols","transfer_name_variant",0.251227,TRUE,FALSE,FALSE,0.574,,,,,,,,,,,,
"r85103","2025-26","Central St. (OH)","Mikayla Young","wbb-019103","kayla braxton young","transfer_name_variant",0.252239,TRUE,FALSE,FALSE,0.574,,,,,,,,,,,,
"r13083","2021-22","Abilene Christian","Niyah Johnson","wbb-008458","zaria johnson","transfer_name_variant",0.253846,TRUE,FALSE,FALSE,0.573,,,,,,,,,,,,
"r14117","2021-22","Butler","Zoe Jackson","wbb-012002","taylor jackson","transfer_name_variant",0.253728,TRUE,FALSE,FALSE,0.573,,,,,,,,,,,,
"r29333","2022-23","New Mexico State","Raegan Halliday","wbb-005262","avery halliday","transfer_name_variant",0.253175,TRUE,FALSE,FALSE,0.573,,,,,,,,,,,,
"r34972","2022-23","Biola","Jamelia Coleman","wbb-010977","samantha coleman","transfer_name_variant",0.253662,TRUE,FALSE,FALSE,0.573,,,,,,,,,,,,
"r37801","2022-23","Texas Southern","Anela Thomas","wbb-001605","iimar i thomas","transfer_name_variant",0.253968,TRUE,FALSE,FALSE,0.573,,,,,,,,,,,,
"r48487","2023-24","Southern Conn. St.","Shadaria Smith","wbb-004090","akila smith","transfer_name_variant",0.253728,TRUE,FALSE,FALSE,0.573,,,,,,,,,,,,
"r57854","2024-25","Grambling","Lillian Jackson","wbb-007607","abigayle jackson","transfer_name_variant",0.253662,TRUE,FALSE,FALSE,0.573,,,,,,,,,,,,
"r58085","2024-25","Hawaii","Rebecca Moors","wbb-013684","jess moors","transfer_name_variant",0.253846,TRUE,FALSE,FALSE,0.573,,,,,,,,,,,,
"r77021","2025-26","New Orleans","Logan Johnson","wbb-013058","niyah johnson","transfer_name_variant",0.253846,TRUE,FALSE,FALSE,0.573,,,,,,,,,,,,
"r78997","2025-26","San Fran. St.","Anyce Jefferson","wbb-001271","kiara jefferson","transfer_name_variant",0.253535,TRUE,FALSE,FALSE,0.573,,,,,,,,,,,,
"r89920","2026-27","Lincoln (MO)","Whitney Smith","wbb-019620","aunisty smith","transfer_name_variant",0.253846,TRUE,FALSE,FALSE,0.573,,,,,,,,,,,,
"r96893","2026-27","Salem (NC)","Amaiya Williams","wbb-002886","rakeah williams","transfer_name_variant",0.253535,TRUE,FALSE,FALSE,0.573,,,,,,,,,,,,
"r36195","2022-23","New England Col.","Amaya Moss","wbb-005330","amya moss","same_team_name_variant",0.056296,FALSE,FALSE,TRUE,0.572,,,,,,,,,,,,
"r36192","2022-23","UNLV","Erica Collins","wbb-008865","ashley collins","transfer_name_variant",0.25549500000000003,FALSE,TRUE,FALSE,0.572,,,,,,,,,,,,
"r44913","2023-24","LSU","Aalyah Del Rosario","wbb-008118","emely rosario","transfer_name_variant",0.256669,TRUE,FALSE,FALSE,0.572,,,,,,,,,,,,
"r59654","2024-25","Memphis","Tamya Smith","wbb-000060","aniyah smith","transfer_name_variant",0.25505100000000003,TRUE,FALSE,FALSE,0.572,,,,,,,,,,,,
"r64856","2024-25","Bard","Alexandria Thomas","wbb-020718","andrene thomas","transfer_name_variant",0.256092,TRUE,FALSE,FALSE,0.572,,,,,,,,,,,,
"r71705","2025-26","Brooklyn","Sandra Diaz","wbb-005374","brianna diaz","transfer_name_variant",0.25505100000000003,TRUE,FALSE,FALSE,0.572,,,,,,,,,,,,
"r72803","2025-26","Columbus St.","Jamilah Jackson","wbb-022418","ayanna jackson","transfer_name_variant",0.256349,TRUE,FALSE,FALSE,0.572,,,,,,,,,,,,
"r74696","2025-26","Illinois","Destiny Jackson","wbb-017718","camille jackson","transfer_name_variant",0.255556,TRUE,FALSE,FALSE,0.572,,,,,,,,,,,,
"r75437","2025-26","Lincoln (MO)","Aaliyah Smith","wbb-031539","destiny smith","transfer_name_variant",0.25641,TRUE,FALSE,FALSE,0.572,,,,,,,,,,,,
"r77685","2025-26","SUNY Oneonta","Addy Eckert","wbb-029840","lacey eckert","transfer_name_variant",0.25505100000000003,TRUE,FALSE,FALSE,0.572,,,,,,,,,,,,
"r84724","2025-26","Nova Southeastern","Brianna Williams","wbb-028484","regan williams","transfer_name_variant",0.255952,TRUE,FALSE,FALSE,0.572,,,,,,,,,,,,
"r93162","2026-27","UT Martin","Mimi Lazarevic","wbb-039691","ana lazarevic","transfer_name_variant",0.25549500000000003,TRUE,FALSE,FALSE,0.572,,,,,,,,,,,,
"r95328","2026-27","Seattle","Ayanna Jackson","wbb-034277","jamilah jackson","transfer_name_variant",0.256349,TRUE,FALSE,FALSE,0.572,,,,,,,,,,,,
"r96690","2026-27","Minn.-Crookston","Maija Lamppa","wbb-028192","emma lamppa","transfer_name_variant",0.25505100000000003,TRUE,FALSE,FALSE,0.572,,,,,,,,,,,,
"r56891","2024-25","Dist. Columbia","Nhaikyia Smith","wbb-023543","danya smith","transfer_name_variant",0.258874,TRUE,FALSE,FALSE,0.571,,,,,,,,,,,,
"r58315","2024-25","Illinois Col.","Ella Ausmus","wbb-002538","lauren ausmus","transfer_name_variant",0.257226,FALSE,TRUE,FALSE,0.571,,,,,,,,,,,,
"r14483","2021-22","Campbell","Audrey Fuller","wbb-001953","adelaide fuller","transfer_name_variant",0.259231,TRUE,FALSE,FALSE,0.57,,,,,,,,,,,,
"r21779","2021-22","Vanderbilt","Iyana Moore","wbb-009429","kennedy moore","transfer_name_variant",0.260781,TRUE,FALSE,FALSE,0.57,,,,,,,,,,,,
"r25032","2021-22","Colorado Mesa","Mariah Martin","wbb-008319","kemery martin","transfer_name_variant",0.260684,TRUE,FALSE,FALSE,0.57,,,,,,,,,,,,
"r45442","2023-24","Mercyhurst","Sophia Kelly","wbb-004627","sophie kelly","same_team_name_variant",0.060606,FALSE,FALSE,TRUE,0.57,,,,,,,,,,,,
"r53993","2023-24","Fresno Pacific","Devin Miller","wbb-006686","peyton miller","transfer_name_variant",0.259972,TRUE,FALSE,FALSE,0.57,,,,,,,,,,,,
"r68872","2024-25","Valley Forge","Saniya Green","wbb-008238","kolbi green","transfer_name_variant",0.260101,TRUE,FALSE,FALSE,0.57,,,,,,,,,,,,
"r76042","2025-26","McNeese State","Jamar’i Bell","wbb-015623","taylor bell","transfer_name_variant",0.260101,TRUE,FALSE,FALSE,0.57,,,,,,,,,,,,
"r77007","2025-26","New Mexico","Tyler Jones","wbb-006027","manaya jones","transfer_name_variant",0.260101,TRUE,FALSE,FALSE,0.57,,,,,,,,,,,,
"r81793","2025-26","Concord","Lacee Smith","wbb-019188","makayla smith","transfer_name_variant",0.260781,TRUE,FALSE,FALSE,0.57,,,,,,,,,,,,
"r83373","2025-26","Colorado St.-Pueblo","Wynter Jones","wbb-023365","elise jones","transfer_name_variant",0.260101,TRUE,FALSE,FALSE,0.57,,,,,,,,,,,,
"r84927","2025-26","Mount Mary","Ivy Morehouse","wbb-011954","tishara morehouse","transfer_name_variant",0.259838,TRUE,FALSE,FALSE,0.57,,,,,,,,,,,,
"r87538","2026-27","Cal Lutheran","Clara Gibbons","wbb-040166","annie gibbons","transfer_name_variant",0.260684,TRUE,FALSE,FALSE,0.57,,,,,,,,,,,,
"r20424","2021-22","St. Thomas (MN)","Jade Hill","wbb-007869","morgan hill","transfer_name_variant",0.262626,TRUE,FALSE,FALSE,0.569,,,,,,,,,,,,
"r28465","2022-23","Eastern Washington","Ella Gallatin","wbb-009522","kinslee gallatin","transfer_name_variant",0.261509,TRUE,FALSE,FALSE,0.569,,,,,,,,,,,,
"r58958","2024-25","LeMoyne-Owen","Charlize Williams","wbb-015964","taylor williams","transfer_name_variant",0.261928,TRUE,FALSE,FALSE,0.569,,,,,,,,,,,,
"r75229","2025-26","LaSalle","Ava Hoy","wbb-024074","maddie hoy","transfer_name_variant",0.261905,TRUE,FALSE,FALSE,0.569,,,,,,,,,,,,
"r79057","2025-26","Savannah St.","Kira Williams","wbb-002953","mckayla williams","transfer_name_variant",0.261509,TRUE,FALSE,FALSE,0.569,,,,,,,,,,,,
"r69065","2024-25","Belhaven","Veronica Williams","wbb-017540","venita williams","same_team_name_variant",0.064837,FALSE,FALSE,TRUE,0.568,,,,,,,,,,,,
"r66405","2024-25","Mt. St. Mary (NY)","Lizzy Lofaro","wbb-004164","erin lofaro","transfer_name_variant",0.26452,TRUE,FALSE,FALSE,0.568,,,,,,,,,,,,
"r14339","2021-22","UC Santa Barbara","Kennedy Johnson","wbb-007328","camille johnson","transfer_name_variant",0.266667,TRUE,FALSE,FALSE,0.567,,,,,,,,,,,,
"r26818","2022-23","Wisconsin","Serah Williams","wbb-000587","amaari williams","transfer_name_variant",0.266378,TRUE,FALSE,FALSE,0.567,,,,,,,,,,,,
"r40556","2023-24","Akron","Dacia Lewandowski","wbb-006572","kylee lewandowski","transfer_name_variant",0.265523,TRUE,FALSE,FALSE,0.567,,,,,,,,,,,,
"r54301","2023-24","Cal St. San Marcos","Camille Johnson","wbb-013489","kennedy johnson","transfer_name_variant",0.266667,TRUE,FALSE,FALSE,0.567,,,,,,,,,,,,
"r63390","2024-25","Texas","Jordan Lee","wbb-022424","sophia lee","transfer_name_variant",0.266667,TRUE,FALSE,FALSE,0.567,,,,,,,,,,,,
"r70489","2024-25","Mitchell","Tanai Williams","wbb-006355","chanell williams","transfer_name_variant",0.266504,FALSE,TRUE,FALSE,0.567,,,,,,,,,,,,
"r73198","2025-26","Drake","Quinn Vice","wbb-014487","riley vice","transfer_name_variant",0.266667,FALSE,TRUE,FALSE,0.567,,,,,,,,,,,,
"r82145","2025-26","Guilford","Markayah Johnson","wbb-026218","taylor johnson","transfer_name_variant",0.266504,TRUE,FALSE,FALSE,0.567,,,,,,,,,,,,
"r87045","2026-27","Bemidji St.","Katrina Stack","wbb-018007","erin stack","transfer_name_variant",0.265527,TRUE,FALSE,FALSE,0.567,,,,,,,,,,,,
"r30958","2022-23","Glenville St.","Mo Pruitt","wbb-008014","michelle pruitt","transfer_name_variant",0.267083,TRUE,FALSE,FALSE,0.566,,,,,,,,,,,,
"r51081","2023-24","Harding","Katelyn Kabrich","wbb-009972","katelyn burtch","same_team_name_variant",0.068570999999999993,FALSE,FALSE,TRUE,0.566,,,,,,,,,,,,
"r61969","2024-25","Rutgers","Zachara Perkins","wbb-004083","mia perkins","transfer_name_variant",0.268013,TRUE,FALSE,FALSE,0.566,,,,,,,,,,,,
"r67275","2024-25","Colorado Mesa","Sedonia Isenbart","wbb-005718","micayla isenbart","transfer_name_variant",0.268939,TRUE,FALSE,FALSE,0.566,,,,,,,,,,,,
"r90600","2026-27","Millikin","Kay kay Williams","wbb-029520","ariana williams","transfer_name_variant",0.268813,TRUE,FALSE,FALSE,0.566,,,,,,,,,,,,
"r34218","2022-23","Seton Hill","Madelyn Fike","wbb-012228","madelyn fischer","same_team_name_variant",0.07,FALSE,FALSE,TRUE,0.565,,,,,,,,,,,,
"r29010","2022-23","Long Island","Dia Dénes","wbb-013081","anna denes","transfer_name_variant",0.269312,TRUE,FALSE,FALSE,0.565,,,,,,,,,,,,
"r46673","2023-24","Northern Michigan","Cori Jahfetson","wbb-012027","martina jahfetson","transfer_name_variant",0.270658,TRUE,FALSE,FALSE,0.565,,,,,,,,,,,,
"r63229","2024-25","Tennessee St.","Angel Hill","wbb-015482","jade hill","transfer_name_variant",0.269312,TRUE,FALSE,FALSE,0.565,,,,,,,,,,,,
"r65103","2024-25","Concord","Bailey Dement","wbb-023811","olivia dement","transfer_name_variant",0.270513,FALSE,TRUE,FALSE,0.565,,,,,,,,,,,,
"r85863","2025-26","Young Harris","Telma Balague","wbb-009895","carla balague","transfer_name_variant",0.270513,TRUE,FALSE,FALSE,0.565,,,,,,,,,,,,
"r85863","2025-26","Young Harris","Telma Balague","wbb-014665","carla balague","transfer_name_variant",0.270513,TRUE,FALSE,FALSE,0.565,,,,,,,,,,,,
"r88671","2026-27","Fairleigh Dickinson","Megan Ngo","wbb-038082","amy ngo","transfer_name_variant",0.269841,TRUE,FALSE,FALSE,0.565,,,,,,,,,,,,
"r93270","2026-27","Texas","Isi Etute","wbb-029471","ehis etute","transfer_name_variant",0.27037,TRUE,FALSE,FALSE,0.565,,,,,,,,,,,,
"r93874","2026-27","West Texas A&M","Mylasia Smith","wbb-029497","liz smith","transfer_name_variant",0.269409,TRUE,FALSE,FALSE,0.565,,,,,,,,,,,,
"r21140","2021-22","Stevens","Lucy Alberici","wbb-012146","renata alberici","transfer_name_variant",0.272934,TRUE,FALSE,FALSE,0.564,,,,,,,,,,,,
"r32267","2022-23","Goucher","Kendra Lawrence","wbb-001209","azatah lawrence","transfer_name_variant",0.272222,FALSE,TRUE,FALSE,0.564,,,,,,,,,,,,
"r42048","2023-24","Carthage","Kyra Miller","wbb-006958","carissa miller","transfer_name_variant",0.272246,FALSE,TRUE,FALSE,0.564,,,,,,,,,,,,
"r45414","2023-24","Memphis","Ally Hollifield","wbb-017642","kate hollifield","transfer_name_variant",0.272222,TRUE,FALSE,FALSE,0.564,,,,,,,,,,,,
"r47822","2023-24","St. John Fisher","Danielle Seamon","wbb-003054","piper seamon","transfer_name_variant",0.272222,TRUE,FALSE,FALSE,0.564,,,,,,,,,,,,
"r52915","2023-24","Rosemont","Symone Wilson","wbb-011374","denijsha wilson","transfer_name_variant",0.271368,TRUE,FALSE,FALSE,0.564,,,,,,,,,,,,
"r55714","2024-25","Fresno State","Rayna Williams","wbb-002195","jade williams","transfer_name_variant",0.272161,TRUE,FALSE,FALSE,0.564,,,,,,,,,,,,
"r59737","2024-25","Merrimack","Daria Shishkina","wbb-019582","sasha shishkina","transfer_name_variant",0.272222,TRUE,FALSE,FALSE,0.564,,,,,,,,,,,,
"r61969","2024-25","Rutgers","Zachara Perkins","wbb-015098","kaley perkins","transfer_name_variant",0.272934,TRUE,FALSE,FALSE,0.564,,,,,,,,,,,,
"r64120","2024-25","West Virginia","Jordan Thomas","wbb-017509","camille thomas","transfer_name_variant",0.271062,FALSE,TRUE,FALSE,0.564,,,,,,,,,,,,
"r65142","2024-25","Dallas","Adryan Alvarez","wbb-003854","saxon alvarez","transfer_name_variant",0.272161,TRUE,FALSE,FALSE,0.564,,,,,,,,,,,,
"r70621","2025-26","Adelphi","Adout Ring","wbb-027494","adeang ring","transfer_name_variant",0.272208,TRUE,FALSE,FALSE,0.564,,,,,,,,,,,,
"r81547","2025-26","Berry","Jade Lewis","wbb-023008","sara lewis","transfer_name_variant",0.271429,TRUE,FALSE,FALSE,0.564,,,,,,,,,,,,
"r48240","2023-24","Shippensburg","Mia Johnson","wbb-002242","synia johnson","transfer_name_variant",0.273893,TRUE,FALSE,FALSE,0.563,,,,,,,,,,,,
"r48571","2023-24","Southern Miss","Noelani Cornfield","wbb-011427","tashawni cornfield","transfer_name_variant",0.273588,TRUE,FALSE,FALSE,0.563,,,,,,,,,,,,
"r48976","2023-24","Texas Tech","Loghan Johnson","wbb-013058","niyah johnson","transfer_name_variant",0.274226,TRUE,FALSE,FALSE,0.563,,,,,,,,,,,,
"r75227","2025-26","LaSalle","Charity Sawyer","wbb-010664","charity shears","same_team_name_variant",0.07381,FALSE,FALSE,TRUE,0.563,,,,,,,,,,,,
"r74083","2025-26","Georgia State","Nari Powers","wbb-000154","arjohnae powers","transfer_name_variant",0.274747,TRUE,FALSE,FALSE,0.563,,,,,,,,,,,,
"r77335","2025-26","Northern Arizona","Kayla Williams","wbb-018554","kristin williams","transfer_name_variant",0.273214,TRUE,FALSE,FALSE,0.563,,,,,,,,,,,,
"r84217","2025-26","Gwynedd Mercy","Lana Savage","wbb-025980","sa ni savage","transfer_name_variant",0.273569,TRUE,FALSE,FALSE,0.563,,,,,,,,,,,,
"r88631","2026-27","Evansville","Kelyn Johnson","wbb-023157","marley johnson","transfer_name_variant",0.274226,TRUE,FALSE,FALSE,0.563,,,,,,,,,,,,
"r90657","2026-27","Mississippi College","Morgan Williams","wbb-000321","kayla williams","transfer_name_variant",0.273016,TRUE,FALSE,FALSE,0.563,,,,,,,,,,,,
"r97593","2026-27","Northwestern Okla.","Shamiah Johnson","wbb-016205","carrie johnson","transfer_name_variant",0.273016,TRUE,FALSE,FALSE,0.563,,,,,,,,,,,,
"r31868","2022-23","St. Joseph's (L.I.)","Megan Spina","wbb-010456","megan steinman","same_team_name_variant",0.075325,FALSE,FALSE,TRUE,0.562,,,,,,,,,,,,
"r39457","2022-23","UAB","Sara Bershers","wbb-015091","tracey bershers","transfer_name_variant",0.276535,FALSE,TRUE,FALSE,0.562,,,,,,,,,,,,
"r39550","2022-23","Colorado St.","Hannah Ronsiek","wbb-001927","emma ronsiek","transfer_name_variant",0.276455,TRUE,FALSE,FALSE,0.562,,,,,,,,,,,,
"r67688","2024-25","Texas-Dallas","Jayla Lewis","wbb-003894","jordon lewis","transfer_name_variant",0.276948,TRUE,FALSE,FALSE,0.562,,,,,,,,,,,,
"r71695","2025-26","Brooklyn","Ariel Williams","wbb-005522","da naijah williams","transfer_name_variant",0.276816,TRUE,FALSE,FALSE,0.562,,,,,,,,,,,,
"r76181","2025-26","Methodist","Jada Richardson","wbb-014078","reigan richardson","transfer_name_variant",0.275817,TRUE,FALSE,FALSE,0.562,,,,,,,,,,,,
"r76379","2025-26","Minnesota","Tracey Bershers","wbb-006123","sara bershers","transfer_name_variant",0.276535,FALSE,TRUE,FALSE,0.562,,,,,,,,,,,,
"r77007","2025-26","New Mexico","Tyler Jones","wbb-009575","isabella jones","transfer_name_variant",0.275433,TRUE,FALSE,FALSE,0.562,,,,,,,,,,,,
"r77007","2025-26","New Mexico","Tyler Jones","wbb-018673","isabella jones","transfer_name_variant",0.275433,TRUE,FALSE,FALSE,0.562,,,,,,,,,,,,
"r77007","2025-26","New Mexico","Tyler Jones","wbb-025295","isabella jones","transfer_name_variant",0.275433,TRUE,FALSE,FALSE,0.562,,,,,,,,,,,,
"r77007","2025-26","New Mexico","Tyler Jones","wbb-033236","isabella jones","transfer_name_variant",0.275433,TRUE,FALSE,FALSE,0.562,,,,,,,,,,,,
"r78510","2025-26","Rutgers-Camden","Kaliyah Harris","wbb-031726","chloe harris","transfer_name_variant",0.276455,TRUE,FALSE,FALSE,0.562,,,,,,,,,,,,
"r80130","2025-26","Air Force","Eva Love","wbb-025845","leilani love","transfer_name_variant",0.275794,TRUE,FALSE,FALSE,0.562,,,,,,,,,,,,
"r94330","2026-27","Arcadia","Kennadi Johnson","wbb-002242","synia johnson","transfer_name_variant",0.276535,TRUE,FALSE,FALSE,0.562,,,,,,,,,,,,
"r17587","2021-22","Manhattanville","Niyona Smith","wbb-005410","tyeisha smith","transfer_name_variant",0.27849,TRUE,FALSE,FALSE,0.561,,,,,,,,,,,,
"r32117","2022-23","West Liberty","Olivia Baker","wbb-010645","olivia belknap","same_team_name_variant",0.077706,FALSE,FALSE,TRUE,0.561,,,,,,,,,,,,
"r32309","2022-23","Coe","Kelly Knight","wbb-001423","lauren knight","transfer_name_variant",0.27849,TRUE,FALSE,FALSE,0.561,,,,,,,,,,,,
"r41895","2023-24","UC San Diego","Erin Condron","wbb-015217","maddi condron","transfer_name_variant",0.27849,FALSE,TRUE,FALSE,0.561,,,,,,,,,,,,
"r42575","2023-24","Cornell","Clarke Jackson","wbb-012493","nadia jackson","transfer_name_variant",0.277167,TRUE,FALSE,FALSE,0.561,,,,,,,,,,,,
"r46847","2023-24","Ohio","Monica Williams","wbb-012699","jaelencia williams","transfer_name_variant",0.278063,TRUE,FALSE,FALSE,0.561,,,,,,,,,,,,
"r47418","2023-24","Randolph","Caiyah Smith","wbb-011391","jordan smith","transfer_name_variant",0.277778,TRUE,FALSE,FALSE,0.561,,,,,,,,,,,,
"r53762","2023-24","Penn St.-Abington","Mariah Moore","wbb-010011","moe moore","transfer_name_variant",0.277381,TRUE,FALSE,FALSE,0.561,,,,,,,,,,,,
"r57789","2024-25","Georgia","Trinity Turner","wbb-007715","jamiya turner","transfer_name_variant",0.277167,TRUE,FALSE,FALSE,0.561,,,,,,,,,,,,
"r57796","2024-25","Georgia","Summer Davis","wbb-015018","kailee davis","transfer_name_variant",0.277778,TRUE,FALSE,FALSE,0.561,,,,,,,,,,,,
"r60367","2024-25","UNC Greensboro","Jaila Lee","wbb-006545","taya lee","transfer_name_variant",0.277778,TRUE,FALSE,FALSE,0.561,,,,,,,,,,,,
"r63839","2024-25","Virginia State","Tiyanna James","wbb-014964","aziaha james","transfer_name_variant",0.27849,TRUE,FALSE,FALSE,0.561,,,,,,,,,,,,
"r74913","2025-26","James Madison","Maddie Oliver","wbb-027605","grace oliver","transfer_name_variant",0.27849,TRUE,FALSE,FALSE,0.561,,,,,,,,,,,,
"r96838","2026-27","Mount Mary","Brook McKenzie","wbb-039444","brooklyn mckenzie","same_team_name_variant",0.078151,FALSE,FALSE,TRUE,0.561,,,,,,,,,,,,
"r87095","2026-27","Bethune-Cookman","Kayla Lee","wbb-039564","samantha lee","transfer_name_variant",0.277778,TRUE,FALSE,FALSE,0.561,,,,,,,,,,,,
"r87153","2026-27","Boston College","Grace Oliver","wbb-035090","maddie oliver","transfer_name_variant",0.27849,TRUE,FALSE,FALSE,0.561,,,,,,,,,,,,
"r97210","2026-27","Ohio Dominican","Taylor Evans","wbb-012610","alyssa evans","transfer_name_variant",0.277778,TRUE,FALSE,FALSE,0.561,,,,,,,,,,,,
"r14034","2021-22","Brockport","Anna Lee","wbb-000888","anna felice","same_team_name_variant",0.079545,FALSE,FALSE,TRUE,0.56,,,,,,,,,,,,
"r33315","2022-23","Gettysburg","Courtney Kelly","wbb-001937","veronica kelly","transfer_name_variant",0.279221,TRUE,FALSE,FALSE,0.56,,,,,,,,,,,,
"r51711","2023-24","Southern Ark.","Jessica Clemons","wbb-010547","jessica jones","same_team_name_variant",0.080385,FALSE,FALSE,TRUE,0.56,,,,,,,,,,,,
"r48623","2023-24","Texas State","Crystal Smith","wbb-016839","sydnee smith","transfer_name_variant",0.280983,FALSE,TRUE,FALSE,0.56,,,,,,,,,,,,
"r82621","2025-26","Newberry","Rickell Brown","wbb-010141","tamera brown","transfer_name_variant",0.280983,TRUE,FALSE,FALSE,0.56,,,,,,,,,,,,
"r85888","2025-26","Sarah Lawrence","Jersana Moore","wbb-006374","brooke moore","transfer_name_variant",0.280983,TRUE,FALSE,FALSE,0.56,,,,,,,,,,,,
"r93428","2026-27","Tulsa","Jaelynn Scott","wbb-015236","nariah scott","transfer_name_variant",0.280983,TRUE,FALSE,FALSE,0.56,,,,,,,,,,,,
"r15621","2021-22","Elmhurst","Katie North","wbb-004253","lindsey north","transfer_name_variant",0.281614,TRUE,FALSE,FALSE,0.559,,,,,,,,,,,,
"r34741","2022-23","SUNY Canton","Emily Shook","wbb-017478","emily brooks","same_team_name_variant",0.081515,FALSE,FALSE,TRUE,0.559,,,,,,,,,,,,
"r29499","2022-23","New Orleans","Hennessey Luu-Brown","wbb-001343","shaunae brown","transfer_name_variant",0.282542,FALSE,TRUE,FALSE,0.559,,,,,,,,,,,,
"r40213","2022-23","Washington Col.","Kaitlyn Boggs","wbb-000158","gabby boggs","transfer_name_variant",0.281614,FALSE,TRUE,FALSE,0.559,,,,,,,,,,,,
"r60952","2024-25","Northwestern State","Payton Miller","wbb-000009","madi miller","transfer_name_variant",0.281614,FALSE,TRUE,FALSE,0.559,,,,,,,,,,,,
"r62808","2024-25","Southeast Missouri State","Ainaya Williams","wbb-006948","karon williams","transfer_name_variant",0.28153,TRUE,FALSE,FALSE,0.559,,,,,,,,,,,,
"r65151","2024-25","Defiance","Na'lani Williams","wbb-006948","karon williams","transfer_name_variant",0.281656,TRUE,FALSE,FALSE,0.559,,,,,,,,,,,,
"r74535","2025-26","Houston","Jade Jones","wbb-011343","sydney jones","transfer_name_variant",0.281944,TRUE,FALSE,FALSE,0.559,,,,,,,,,,,,
"r82043","2025-26","George Fox","Lexi Herber","wbb-025615","aly herber","transfer_name_variant",0.282576,TRUE,FALSE,FALSE,0.559,,,,,,,,,,,,
"r88235","2026-27","Delaware State","Jadea’ Johnson","wbb-005213","jayla johnson","same_team_name_variant",0.082051,FALSE,FALSE,TRUE,0.559,,,,,,,,,,,,
"r90657","2026-27","Mississippi College","Morgan Williams","wbb-002964","ariel williams","transfer_name_variant",0.28153,TRUE,FALSE,FALSE,0.559,,,,,,,,,,,,
"r18921","2021-22","North Texas","Aniyah Johnson","wbb-005315","lapraisjah johnson","transfer_name_variant",0.28373,TRUE,FALSE,FALSE,0.558,,,,,,,,,,,,
"r65456","2024-25","Hanover","Keaton Gatlin","wbb-009959","keaton chastain","same_team_name_variant",0.084103,FALSE,FALSE,TRUE,0.558,,,,,,,,,,,,
"r56626","2024-25","Cornell","Audrey Chen","wbb-024473","ellie chen","transfer_name_variant",0.284848,TRUE,FALSE,FALSE,0.558,,,,,,,,,,,,
"r62681","2024-25","Smith","Mya Williams","wbb-023339","laila williams","transfer_name_variant",0.284127,TRUE,FALSE,FALSE,0.558,,,,,,,,,,,,
"r78876","2025-26","St. Thomas (MN)","Savannah Gage","wbb-029906","savanah gardner","same_team_name_variant",0.084103,FALSE,FALSE,TRUE,0.558,,,,,,,,,,,,
"r72376","2025-26","Central (IA)","CeCe Moore","wbb-000458","gabby moore","transfer_name_variant",0.284848,TRUE,FALSE,FALSE,0.558,,,,,,,,,,,,
"r72376","2025-26","Central (IA)","CeCe Moore","wbb-020397","gabby moore","transfer_name_variant",0.284848,TRUE,FALSE,FALSE,0.558,,,,,,,,,,,,
"r83778","2025-26","Chowan","Keilana Johnson","wbb-013869","kk johnson","transfer_name_variant",0.283333,TRUE,FALSE,FALSE,0.558,,,,,,,,,,,,
"r83779","2025-26","Chowan","Keilani Johnson","wbb-013869","kk johnson","transfer_name_variant",0.283333,TRUE,FALSE,FALSE,0.558,,,,,,,,,,,,
"r85684","2025-26","Malone","Brinn Hunt","wbb-016325","teagan hunt","transfer_name_variant",0.284848,FALSE,TRUE,FALSE,0.558,,,,,,,,,,,,
"r90657","2026-27","Mississippi College","Morgan Williams","wbb-004601","lanetta williams","transfer_name_variant",0.283965,TRUE,FALSE,FALSE,0.558,,,,,,,,,,,,
"r93076","2026-27","Syracuse","Destiny Robinson","wbb-003663","kylie robinson","transfer_name_variant",0.28373,TRUE,FALSE,FALSE,0.558,,,,,,,,,,,,
"r94337","2026-27","Berry","Caroline Young","wbb-039220","nya young","transfer_name_variant",0.284061,TRUE,FALSE,FALSE,0.558,,,,,,,,,,,,
"r94888","2026-27","Huntingdon","Sasha Wood","wbb-026603","morgan wood","transfer_name_variant",0.284848,FALSE,TRUE,FALSE,0.558,,,,,,,,,,,,
"r96768","2026-27","Lee","Kate Smith","wbb-025368","molly smith","transfer_name_variant",0.284848,TRUE,FALSE,FALSE,0.558,,,,,,,,,,,,
"r48487","2023-24","Southern Conn. St.","Shadaria Smith","wbb-001510","brittney smith","transfer_name_variant",0.285714,TRUE,FALSE,FALSE,0.557,,,,,,,,,,,,
"r57797","2024-25","Georgia","Indya Davis","wbb-015018","kailee davis","transfer_name_variant",0.285354,TRUE,FALSE,FALSE,0.557,,,,,,,,,,,,
"r58221","2024-25","Howard","Saniyah King","wbb-006237","liatu king","transfer_name_variant",0.286508,TRUE,FALSE,FALSE,0.557,,,,,,,,,,,,
"r61532","2024-25","SUNY Potsdam","Paris Jones","wbb-015667","ashlyn jones","transfer_name_variant",0.285354,TRUE,FALSE,FALSE,0.557,,,,,,,,,,,,
"r69342","2024-25","Talladega","Kenya Nunn","wbb-017834","shaniah nunn","transfer_name_variant",0.286508,TRUE,FALSE,FALSE,0.557,,,,,,,,,,,,
"r74985","2025-26","Johnson C. Smith","LaNiya Simes","wbb-028457","laniya smith","same_team_name_variant",0.086667,FALSE,FALSE,TRUE,0.557,,,,,,,,,,,,
"r86967","2026-27","Baldwin Wallace","Ally Miller","wbb-020542","alyssa miller","same_team_name_variant",0.085781,FALSE,FALSE,TRUE,0.557,,,,,,,,,,,,
"r93667","2026-27","Wagner","Agatha Agba","wbb-030125","ternadoo agatha agba","transfer_name_variant",0.286364,TRUE,FALSE,FALSE,0.557,,,,,,,,,,,,
"r94661","2026-27","Erskine","Iyana Lewis","wbb-004777","taylor lewis","transfer_name_variant",0.285354,TRUE,FALSE,FALSE,0.557,,,,,,,,,,,,
"r64383","2024-25","Williams College","Kathleen Smith","wbb-014143","maura smith","transfer_name_variant",0.287879,TRUE,FALSE,FALSE,0.556,,,,,,,,,,,,
"r75426","2025-26","Lincoln (MO)","Kennedy Jones","wbb-000903","kyla jones","transfer_name_variant",0.287885,TRUE,FALSE,FALSE,0.556,,,,,,,,,,,,
"r81097","2025-26","Wisconsin","Nikki Kerstein","wbb-024879","lexi kerstein","transfer_name_variant",0.288828,TRUE,FALSE,FALSE,0.556,,,,,,,,,,,,
"r18441","2021-22","North Carolina","Destiny Adams","wbb-002934","dakota adams","transfer_name_variant",0.290385,TRUE,FALSE,FALSE,0.555,,,,,,,,,,,,
"r49364","2023-24","Valparaiso","Nevaeh Jackson","wbb-014511","destiny jackson","transfer_name_variant",0.289683,TRUE,FALSE,FALSE,0.555,,,,,,,,,,,,
"r64351","2024-25","William & Mary","Natalie Fox","wbb-004409","erin fox","transfer_name_variant",0.290404,TRUE,FALSE,FALSE,0.555,,,,,,,,,,,,
"r77482","2025-26","Norwich","Mackenzie Griner","wbb-015050","mackenzie moore","same_team_name_variant",0.09,FALSE,FALSE,TRUE,0.555,,,,,,,,,,,,
"r74696","2025-26","Illinois","Destiny Jackson","wbb-022418","ayanna jackson","transfer_name_variant",0.289683,TRUE,FALSE,FALSE,0.555,,,,,,,,,,,,
"r78510","2025-26","Rutgers-Camden","Kaliyah Harris","wbb-027728","destaney harris","transfer_name_variant",0.289418,TRUE,FALSE,FALSE,0.555,,,,,,,,,,,,
"r79148","2025-26","Shippensburg","Kiara Hardy","wbb-031887","sam hardy","transfer_name_variant",0.290524,TRUE,FALSE,FALSE,0.555,,,,,,,,,,,,
"r89487","2026-27","Iowa","McKenna Woliczko","wbb-003560","mckenna warnock","same_team_name_variant",0.09,FALSE,FALSE,TRUE,0.555,,,,,,,,,,,,
"r89517","2026-27","Jackson St.","Valajah Jackson","wbb-022408","ronyae jackson","transfer_name_variant",0.289418,TRUE,FALSE,FALSE,0.555,,,,,,,,,,,,
"r90588","2026-27","Millikin","Lauryn Jackson","wbb-034277","jamilah jackson","transfer_name_variant",0.289683,TRUE,FALSE,FALSE,0.555,,,,,,,,,,,,
"r95328","2026-27","Seattle","Ayanna Jackson","wbb-035010","destiny jackson","transfer_name_variant",0.289683,TRUE,FALSE,FALSE,0.555,,,,,,,,,,,,
"r55757","2024-25","Long Beach State","JaQuoia Jones-Brown","wbb-024370","jayda brown","transfer_name_variant",0.292539,TRUE,FALSE,FALSE,0.554,,,,,,,,,,,,
"r57750","2024-25","Georgia Southern","Tamiria Jones","wbb-014842","jailah clark jones","transfer_name_variant",0.291738,TRUE,FALSE,FALSE,0.554,,,,,,,,,,,,
"r84704","2025-26","Concordia (TX)","Aja Holmes","wbb-029974","ja siiyah holmes","transfer_name_variant",0.291667,TRUE,FALSE,FALSE,0.554,,,,,,,,,,,,
"r85762","2025-26","Fresno Pacific","Grace Brown","wbb-018624","teagan brown","transfer_name_variant",0.292088,TRUE,FALSE,FALSE,0.554,,,,,,,,,,,,
"r92839","2026-27","Southeast Missouri State","Carrington Jones","wbb-006020","sinetra jones","transfer_name_variant",0.291812,TRUE,FALSE,FALSE,0.554,,,,,,,,,,,,
"r39599","2022-23","Youngstown St.","Emily Saunders","wbb-016416","sarah saunders","transfer_name_variant",0.293651,FALSE,TRUE,FALSE,0.553,,,,,,,,,,,,
"r42203","2023-24","Chicago State","ZiKeyah Carter","wbb-018878","jayla carter","transfer_name_variant",0.294974,FALSE,TRUE,FALSE,0.553,,,,,,,,,,,,
"r65131","2024-25","Concordia Wisconsin","Hannah Moesch","wbb-009627","hannah boettcher","same_team_name_variant",0.093269,FALSE,FALSE,TRUE,0.553,,,,,,,,,,,,
"r59423","2024-25","Marietta","Sarah Podkul","wbb-003014","allison podkul","transfer_name_variant",0.294974,TRUE,FALSE,FALSE,0.553,,,,,,,,,,,,
"r84258","2025-26","Northeastern St.","Alexis Schell","wbb-016201","alex hill","same_team_name_variant",0.094872,FALSE,FALSE,TRUE,0.553,,,,,,,,,,,,
"r84472","2025-26","MSOE","Emily Troia","wbb-026203","emily ross","same_team_name_variant",0.094545,FALSE,FALSE,TRUE,0.553,,,,,,,,,,,,
"r94639","2026-27","Emporia St.","Sarah Yokley","wbb-031829","makenna yokley","transfer_name_variant",0.294974,FALSE,TRUE,FALSE,0.553,,,,,,,,,,,,
"r21164","2021-22","Stony Brook","Elizabeth Field","wbb-003581","abbi field","transfer_name_variant",0.296296,TRUE,FALSE,FALSE,0.552,,,,,,,,,,,,
"r44391","2023-24","James Madison","Atiana Williams","wbb-002730","kenna williams","transfer_name_variant",0.296681,TRUE,FALSE,FALSE,0.552,,,,,,,,,,,,
"r55757","2024-25","Long Beach State","JaQuoia Jones-Brown","wbb-007675","jenna brown","transfer_name_variant",0.295774,TRUE,FALSE,FALSE,0.552,,,,,,,,,,,,
"r58503","2024-25","Ithaca","Olivia Stevens","wbb-008096","madison stevens","transfer_name_variant",0.296681,TRUE,FALSE,FALSE,0.552,,,,,,,,,,,,
"r73954","2025-26","Frostburg St.","Morgan Taylor","wbb-027102","chaniya taylor","transfer_name_variant",0.295686,TRUE,FALSE,FALSE,0.552,,,,,,,,,,,,
"r78334","2025-26","Richmond","Shaneka Campbell","wbb-012883","jayda campbell","transfer_name_variant",0.296807,FALSE,TRUE,FALSE,0.552,,,,,,,,,,,,
"r79148","2025-26","Shippensburg","Kiara Hardy","wbb-018792","samantha hardy","transfer_name_variant",0.296266,TRUE,FALSE,FALSE,0.552,,,,,,,,,,,,
"r96302","2026-27","Colorado Mesa","Sophie Nielsen","wbb-011453","sophie anderson","same_team_name_variant",0.09619,FALSE,FALSE,TRUE,0.552,,,,,,,,,,,,
"r91813","2026-27","Pfeiffer","Maliah Preston","wbb-018746","raven preston","transfer_name_variant",0.295686,TRUE,FALSE,FALSE,0.552,,,,,,,,,,,,
"r96893","2026-27","Salem (NC)","Amaiya Williams","wbb-011889","ryane williams","transfer_name_variant",0.296681,TRUE,FALSE,FALSE,0.552,,,,,,,,,,,,
"r37251","2022-23","St. Norbert","Emma Harris","wbb-015456","emma morrisey","same_team_name_variant",0.097902,FALSE,FALSE,TRUE,0.551,,,,,,,,,,,,
"r38634","2022-23","LeTourneau","Lauren Smith","wbb-006554","jasmine smith","transfer_name_variant",0.297009,TRUE,FALSE,FALSE,0.551,,,,,,,,,,,,
"r56899","2024-25","Drake","Maggie Taylor","wbb-002139","maggie bair","same_team_name_variant",0.097902,FALSE,FALSE,TRUE,0.551,,,,,,,,,,,,
"r54810","2024-25","Arizona","Brooklyn Rhodes","wbb-026095","genesis rhodes","transfer_name_variant",0.298413,TRUE,FALSE,FALSE,0.551,,,,,,,,,,,,
"r55146","2024-25","Bemidji St.","Aubrey Heyer","wbb-021548","mallory heyer","transfer_name_variant",0.297009,TRUE,FALSE,FALSE,0.551,,,,,,,,,,,,
"r75592","2025-26","UMass Lowell","Klimentina Modeva","wbb-020153","gabriela modeva","transfer_name_variant",0.297445,TRUE,FALSE,FALSE,0.551,,,,,,,,,,,,
"r83352","2025-26","Oglethorpe","Ashton Jones","wbb-032505","carrington jones","transfer_name_variant",0.297222,TRUE,FALSE,FALSE,0.551,,,,,,,,,,,,
"r84275","2025-26","Tusculum","Jae'oni Davis","wbb-020720","brianna davis","transfer_name_variant",0.297721,TRUE,FALSE,FALSE,0.551,,,,,,,,,,,,
"r90938","2026-27","Charlotte","Mariah Sain","wbb-005208","mariah linney","same_team_name_variant",0.097902,FALSE,FALSE,TRUE,0.551,,,,,,,,,,,,
"r89547","2026-27","James Madison","Ja'Quoia Jones-Brown","wbb-024370","jayda brown","transfer_name_variant",0.298855,TRUE,FALSE,FALSE,0.551,,,,,,,,,,,,
"r91635","2026-27","Old Dominion","Shadasia Brackens","wbb-023849","mckinna brackens","transfer_name_variant",0.297571,TRUE,FALSE,FALSE,0.551,,,,,,,,,,,,
"r39983","2022-23","Alliance","Brianna Williams","wbb-006355","chanell williams","transfer_name_variant",0.299242,TRUE,FALSE,FALSE,0.55,,,,,,,,,,,,
"r42012","2023-24","Carroll (WI)","Katie Barger","wbb-001401","katie rohner","same_team_name_variant",0.1,FALSE,FALSE,TRUE,0.55,,,,,,,,,,,,
"r45817","2023-24","Monmouth (IL)","Madison Finch","wbb-020472","madison heisch","same_team_name_variant",0.100899,FALSE,FALSE,TRUE,0.55,,,,,,,,,,,,
"r58899","2024-25","Lake Superior St.","Taylor Clarey","wbb-023361","taylor stacy","same_team_name_variant",0.099487,FALSE,FALSE,TRUE,0.55,,,,,,,,,,,,
"r72571","2025-26","Clark Atlanta","Janiah Caples","wbb-008121","janiah ellis","same_team_name_variant",0.099487,FALSE,FALSE,TRUE,0.55,,,,,,,,,,,,
"r83760","2025-26","Southwestern Okla.","Maddie Moeller","wbb-011156","maddie sperle","same_team_name_variant",0.100899,FALSE,FALSE,TRUE,0.55,,,,,,,,,,,,
"r74021","2025-26","George Mason","MJ Johnson","wbb-010845","jonaie johnson","transfer_name_variant",0.300529,TRUE,FALSE,FALSE,0.55,,,,,,,,,,,,
"r77367","2025-26","Northern Illinois","Sa'Mahn Johnson","wbb-015192","maliyah johnson","transfer_name_variant",0.3,TRUE,FALSE,FALSE,0.55,,,,,,,,,,,,
"r81652","2025-26","Catawba","Ashantes Lewis","wbb-005182","tamiah lewis","transfer_name_variant",0.300794,TRUE,FALSE,FALSE,0.55,,,,,,,,,,,,
"r97653","2026-27","Emmanuel (GA)","Maddie Siuta","wbb-032805","maddie futch","same_team_name_variant",0.1,FALSE,FALSE,TRUE,0.55,,,,,,,,,,,,
"r92840","2026-27","Southeast Missouri State","Journee Harris","wbb-017734","ja mia harris","transfer_name_variant",0.300206,TRUE,FALSE,FALSE,0.55,,,,,,,,,,,,
"r40192","2022-23","Ursinus","Madison Smith","wbb-001799","raanee smith","transfer_name_variant",0.301816,TRUE,FALSE,FALSE,0.549,,,,,,,,,,,,
"r73764","2025-26","Florida A&M","Zikeyah Ransom-Carter","wbb-027984","zikeyah carter","same_team_name_variant",0.102381,FALSE,FALSE,TRUE,0.549,,,,,,,,,,,,
"r73013","2025-26","Davis & Elkins","Kamea Jones","wbb-029993","savanna jones","transfer_name_variant",0.302448,TRUE,FALSE,FALSE,0.549,,,,,,,,,,,,
"r94385","2026-27","Caldwell","Zaakirah Edwards","wbb-011631","yanae edwards","transfer_name_variant",0.301923,TRUE,FALSE,FALSE,0.549,,,,,,,,,,,,
"r25625","2021-22","Northwestern-St. Paul","Grace Landvik","wbb-012014","grace langmade","same_team_name_variant",0.103297,FALSE,FALSE,TRUE,0.548,,,,,,,,,,,,
"r64550","2024-25","Wis.-Platteville","Caitlyn Strom","wbb-009051","caitlyn tipton","same_team_name_variant",0.103297,FALSE,FALSE,TRUE,0.548,,,,,,,,,,,,
"r66755","2024-25","Ark.-Monticello","Alyssa Batton","wbb-025915","alyssia thorne","same_team_name_variant",0.103297,FALSE,FALSE,TRUE,0.548,,,,,,,,,,,,
"r76493","2025-26","Missouri S&T","Ava Casper","wbb-029032","ava maner","same_team_name_variant",0.104444,FALSE,FALSE,TRUE,0.548,,,,,,,,,,,,
"r82261","2025-26","Husson","Sophia Carnes","wbb-016491","sophia mcvicar","same_team_name_variant",0.103297,FALSE,FALSE,TRUE,0.548,,,,,,,,,,,,
"r82266","2025-26","Neb.-Kearney","Kelsey Hatcher","wbb-010054","kelsey sanger","same_team_name_variant",0.103297,FALSE,FALSE,TRUE,0.548,,,,,,,,,,,,
"r93817","2026-27","Webster","Rylee Webb","wbb-020734","rylee denbow","same_team_name_variant",0.103333,FALSE,FALSE,TRUE,0.548,,,,,,,,,,,,
"r91778","2026-27","Pennsylvania","Ava Jones","wbb-009575","isabella jones","transfer_name_variant",0.304894,TRUE,FALSE,FALSE,0.548,,,,,,,,,,,,
"r91778","2026-27","Pennsylvania","Ava Jones","wbb-018673","isabella jones","transfer_name_variant",0.304894,TRUE,FALSE,FALSE,0.548,,,,,,,,,,,,
"r91778","2026-27","Pennsylvania","Ava Jones","wbb-025295","isabella jones","transfer_name_variant",0.304894,TRUE,FALSE,FALSE,0.548,,,,,,,,,,,,
"r91778","2026-27","Pennsylvania","Ava Jones","wbb-033236","isabella jones","transfer_name_variant",0.304894,TRUE,FALSE,FALSE,0.548,,,,,,,,,,,,
"r95785","2026-27","Incarnate Word","Martina Monton Martinez","wbb-025413","andrea martinez","transfer_name_variant",0.304757,TRUE,FALSE,FALSE,0.548,,,,,,,,,,,,
"r95785","2026-27","Incarnate Word","Martina Monton Martinez","wbb-036078","andrea martinez","transfer_name_variant",0.304757,TRUE,FALSE,FALSE,0.548,,,,,,,,,,,,
"r28002","2022-23","Bowling Green","Jasmine Fearne","wbb-000808","jasmine clerkley","same_team_name_variant",0.105357,FALSE,FALSE,TRUE,0.547,,,,,,,,,,,,
"r30673","2022-23","Defiance","Taylor Bates","wbb-009648","taylor day","same_team_name_variant",0.106667,FALSE,FALSE,TRUE,0.547,,,,,,,,,,,,
"r43842","2023-24","Hardin-Simmons","Madison Williams","wbb-007802","priscilla williams","transfer_name_variant",0.305556,TRUE,FALSE,FALSE,0.547,,,,,,,,,,,,
"r43842","2023-24","Hardin-Simmons","Madison Williams","wbb-017860","priscilla williams","transfer_name_variant",0.305556,TRUE,FALSE,FALSE,0.547,,,,,,,,,,,,
"r62234","2024-25","Saint Mary's (CA)","Addi Wedin","wbb-015446","addison wedin","same_team_name_variant",0.106154,FALSE,FALSE,TRUE,0.547,,,,,,,,,,,,
"r58547","2024-25","Jacksonville","Priscilla Williams","wbb-023082","madison williams","transfer_name_variant",0.305556,TRUE,FALSE,FALSE,0.547,,,,,,,,,,,,
"r58831","2024-25","LaSalle","Ayisse Magassa","wbb-001982","tenin magassa","transfer_name_variant",0.305495,TRUE,FALSE,FALSE,0.547,,,,,,,,,,,,
"r60857","2024-25","Northern Colorado","Olivia Loomis-Goltl","wbb-022635","ruthie loomis goltl","transfer_name_variant",0.306391,TRUE,FALSE,FALSE,0.547,,,,,,,,,,,,
"r62211","2024-25","Saint Louis","Hannah Wallace","wbb-005618","makayla wallace","transfer_name_variant",0.306349,TRUE,FALSE,FALSE,0.547,,,,,,,,,,,,
"r65651","2024-25","Lander","Ainsley Anderson","wbb-024238","rachael anderson","transfer_name_variant",0.305556,TRUE,FALSE,FALSE,0.547,,,,,,,,,,,,
"r66166","2024-25","Texas Lutheran","Callista Perez","wbb-010915","brenna perez","transfer_name_variant",0.305556,TRUE,FALSE,FALSE,0.547,,,,,,,,,,,,
"r73639","2025-26","Evansville","Sydney Huber","wbb-002553","sydney thurwalker","same_team_name_variant",0.105437,FALSE,FALSE,TRUE,0.547,,,,,,,,,,,,
"r70836","2025-26","Alcorn State","Jazlyn Johnson","wbb-008122","tiyah johnson","transfer_name_variant",0.305495,FALSE,TRUE,FALSE,0.547,,,,,,,,,,,,
"r71704","2025-26","Brooklyn","Paige Smith","wbb-030068","kimora smith","transfer_name_variant",0.306187,TRUE,FALSE,FALSE,0.547,,,,,,,,,,,,
"r74432","2025-26","Hillsdale","Maddie Smith","wbb-032892","kacey smith","transfer_name_variant",0.306187,TRUE,FALSE,FALSE,0.547,,,,,,,,,,,,
"r74670","2025-26","Illinois State","Zanyra Adams","wbb-018422","hailey adams","transfer_name_variant",0.305556,TRUE,FALSE,FALSE,0.547,,,,,,,,,,,,
"r91288","2026-27","North Central (IL)","Chloe Santos","wbb-005635","alana santos","transfer_name_variant",0.305556,TRUE,FALSE,FALSE,0.547,,,,,,,,,,,,
"r96693","2026-27","Minn.-Crookston","Lexi Lamppa","wbb-028192","emma lamppa","transfer_name_variant",0.306818,TRUE,FALSE,FALSE,0.547,,,,,,,,,,,,
"r14383","2021-22","UC Davis","Megan Norris","wbb-001244","megan jones","same_team_name_variant",0.108586,FALSE,FALSE,TRUE,0.546,,,,,,,,,,,,
"r16168","2021-22","Gonzaga","Bree Salenbien","wbb-003180","dani salenbien","transfer_name_variant",0.307143,FALSE,TRUE,FALSE,0.546,,,,,,,,,,,,
"r45338","2023-24","Maryville (MO)","Olivia Hahn","wbb-004541","olivia kastens","same_team_name_variant",0.107792,FALSE,FALSE,TRUE,0.546,,,,,,,,,,,,
"r41787","2023-24","Sacramento State","Ayanna Jackson","wbb-017718","camille jackson","transfer_name_variant",0.307937,TRUE,FALSE,FALSE,0.546,,,,,,,,,,,,
"r66263","2024-25","Western N.M.","Alina Martin","wbb-010678","alina simon","same_team_name_variant",0.108586,FALSE,FALSE,TRUE,0.546,,,,,,,,,,,,
"r74123","2025-26","Gettysburg","Olivia Jones","wbb-033008","ana jones","transfer_name_variant",0.308201,TRUE,FALSE,FALSE,0.546,,,,,,,,,,,,
"r77104","2025-26","Nichols","Jailyn Garvin-Martin","wbb-011761","jennell martin","transfer_name_variant",0.308377,TRUE,FALSE,FALSE,0.546,,,,,,,,,,,,
"r86011","2025-26","Okla. Christian","Kendall Brown","wbb-028296","mariyah brown","transfer_name_variant",0.307692,TRUE,FALSE,FALSE,0.546,,,,,,,,,,,,
"r91332","2026-27","North Texas","Arianna Johnson","wbb-020087","tia johnson","transfer_name_variant",0.308081,TRUE,FALSE,FALSE,0.546,,,,,,,,,,,,
"r95328","2026-27","Seattle","Ayanna Jackson","wbb-017718","camille jackson","transfer_name_variant",0.307937,TRUE,FALSE,FALSE,0.546,,,,,,,,,,,,
"r30927","2022-23","Chatham","Ashlie Louden","wbb-011406","ashley guidone","same_team_name_variant",0.110623,FALSE,FALSE,TRUE,0.545,,,,,,,,,,,,
"r40336","2022-23","Marian (WI)","Aliyah Kvamme","wbb-010188","aliyah evans","same_team_name_variant",0.109487,FALSE,FALSE,TRUE,0.545,,,,,,,,,,,,
"r26818","2022-23","Wisconsin","Serah Williams","wbb-006867","danaijah williams","transfer_name_variant",0.310288,TRUE,FALSE,FALSE,0.545,,,,,,,,,,,,
"r49430","2023-24","Villanova","Maddie Webber","wbb-006156","maddie burke","same_team_name_variant",0.109487,FALSE,FALSE,TRUE,0.545,,,,,,,,,,,,
"r54620","2024-25","Albright","Saidat Abbas","wbb-022056","sai abbas","same_team_name_variant",0.110185,FALSE,FALSE,TRUE,0.545,,,,,,,,,,,,
"r62545","2024-25","Seattle Pacific","Grace Mertes","wbb-020891","grace leasure","same_team_name_variant",0.109487,FALSE,FALSE,TRUE,0.545,,,,,,,,,,,,
"r55054","2024-25","Ball State","Maliyah ""MJ"" Johnson","wbb-010845","jonaie johnson","transfer_name_variant",0.310053,TRUE,FALSE,FALSE,0.545,,,,,,,,,,,,
"r60017","2024-25","Mississippi Valley State","Serenity Echols","wbb-005405","rodrea echols","transfer_name_variant",0.309972,TRUE,FALSE,FALSE,0.545,,,,,,,,,,,,
"r65375","2024-25","Ga. Southwestern","Jade Lewis","wbb-005182","tamiah lewis","transfer_name_variant",0.310317,TRUE,FALSE,FALSE,0.545,,,,,,,,,,,,
"r81547","2025-26","Berry","Jade Lewis","wbb-005182","tamiah lewis","transfer_name_variant",0.310317,TRUE,FALSE,FALSE,0.545,,,,,,,,,,,,
"r96795","2026-27","Texas-Tyler","Nova Szabo","wbb-036276","stella szabo","transfer_name_variant",0.310317,TRUE,FALSE,FALSE,0.545,,,,,,,,,,,,
"r25633","2021-22","Northwestern-St. Paul","Bethany Brocker","wbb-012012","bethany lunke","same_team_name_variant",0.112821,FALSE,FALSE,TRUE,0.544,,,,,,,,,,,,
"r26948","2022-23","Central Michigan","Sydney Harris","wbb-001524","sydney graber","same_team_name_variant",0.112308,FALSE,FALSE,TRUE,0.544,,,,,,,,,,,,
"r33994","2022-23","Northwestern-St. Paul","Allison Terry","wbb-012017","allison eide","same_team_name_variant",0.111538,FALSE,FALSE,TRUE,0.544,,,,,,,,,,,,
"r36038","2022-23","Babson","Caroline Stasio","wbb-013223","caroline king","same_team_name_variant",0.112821,FALSE,FALSE,TRUE,0.544,,,,,,,,,,,,
"r51297","2023-24","Limestone","Ameera Thomas","wbb-001511","destiny thomas","transfer_name_variant",0.312729,TRUE,FALSE,FALSE,0.544,,,,,,,,,,,,
"r61335","2024-25","UNC Pembroke","DeNaira Williams","wbb-006132","tiara williams","same_team_name_variant",0.111951,FALSE,FALSE,TRUE,0.544,,,,,,,,,,,,
"r75503","2025-26","Long Island","Camille Wiley","wbb-004085","camille gray","same_team_name_variant",0.111538,FALSE,FALSE,TRUE,0.544,,,,,,,,,,,,
"r79748","2025-26","Tampa","Maddie O'Berski","wbb-024702","maddie leslie","same_team_name_variant",0.112821,FALSE,FALSE,TRUE,0.544,,,,,,,,,,,,
"r79927","2025-26","Texas","Aaliyah Crump","wbb-015794","aaliyah moore","same_team_name_variant",0.112308,FALSE,FALSE,TRUE,0.544,,,,,,,,,,,,
"r80785","2025-26","McDaniel","Peyton Cramer","wbb-014601","peyton tague","same_team_name_variant",0.111538,FALSE,FALSE,TRUE,0.544,,,,,,,,,,,,
"r84959","2025-26","Mount Aloysius","Taylor Doyle","wbb-019833","taylor whalen","same_team_name_variant",0.111538,FALSE,FALSE,TRUE,0.544,,,,,,,,,,,,
"r84985","2025-26","Trine","Sophie Gesell","wbb-012068","sophie sloneker","same_team_name_variant",0.111375,FALSE,FALSE,TRUE,0.544,,,,,,,,,,,,
"r85101","2025-26","Central St. (OH)","Samara Savoy","wbb-032341","samara gibson","same_team_name_variant",0.111538,FALSE,FALSE,TRUE,0.544,,,,,,,,,,,,
"r89932","2026-27","Lock Haven","Taylor Pullen","wbb-004059","taylor leidy","same_team_name_variant",0.111538,FALSE,FALSE,TRUE,0.544,,,,,,,,,,,,
"r94156","2026-27","Wisconsin-Superior","Makenna Hohbein","wbb-016105","makenna guden","same_team_name_variant",0.112821,FALSE,FALSE,TRUE,0.544,,,,,,,,,,,,
"r13786","2021-22","Bethany (WV)","Alexis Mahaffey","wbb-000681","alexis heap","same_team_name_variant",0.114848,FALSE,FALSE,TRUE,0.543,,,,,,,,,,,,
"r17668","2021-22","Marquette","Makiyah Williams","wbb-004770","cameron williams","transfer_name_variant",0.314394,TRUE,FALSE,FALSE,0.543,,,,,,,,,,,,
"r33648","2022-23","Heidelberg","Taylor Ratliff","wbb-003163","taylor reppart","same_team_name_variant",0.114286,FALSE,FALSE,TRUE,0.543,,,,,,,,,,,,
"r37873","2022-23","Trinity (CT)","Samantha Slofkiss","wbb-008093","samantha gallo","same_team_name_variant",0.113445,FALSE,FALSE,TRUE,0.543,,,,,,,,,,,,
"r31030","2022-23","Harding","Kathryn Echols","wbb-005405","rodrea echols","transfer_name_variant",0.314204,TRUE,FALSE,FALSE,0.543,,,,,,,,,,,,
"r34291","2022-23","Penn St. Harrisburg","Ja-Shae McLean","wbb-005325","nya mclean","transfer_name_variant",0.31369,TRUE,FALSE,FALSE,0.543,,,,,,,,,,,,
"r43252","2023-24","Evansville","Sydney Bradley","wbb-002553","sydney thurwalker","same_team_name_variant",0.113445,FALSE,FALSE,TRUE,0.543,,,,,,,,,,,,
"r53516","2023-24","Cal St. Monterey Bay","Camille Sroufe","wbb-012200","camille parker","same_team_name_variant",0.114286,FALSE,FALSE,TRUE,0.543,,,,,,,,,,,,
"r50687","2023-24","Coker","Kamari Thompson","wbb-017667","taylor thompson","transfer_name_variant",0.314141,TRUE,FALSE,FALSE,0.543,,,,,,,,,,,,
"r55660","2024-25","Cal St. Dom. Hills","Cristina Jones","wbb-021669","cristina oliva","same_team_name_variant",0.114286,FALSE,FALSE,TRUE,0.543,,,,,,,,,,,,
"r66331","2024-25","Whitworth","Ashlyn Peterson","wbb-025769","ashlyn neilsen","same_team_name_variant",0.114372,FALSE,FALSE,TRUE,0.543,,,,,,,,,,,,
"r62570","2024-25","Shaw","Skylar Adams","wbb-010205","chandler adams","transfer_name_variant",0.313492,TRUE,FALSE,FALSE,0.543,,,,,,,,,,,,
"r79292","2025-26","South Dakota State","Brooklynn Felchle","wbb-017709","brooklyn meyer","same_team_name_variant",0.113445,FALSE,FALSE,TRUE,0.543,,,,,,,,,,,,
"r81133","2025-26","Wis.-Oshkosh","Julia Wolf","wbb-009013","julia silloway","same_team_name_variant",0.113651,FALSE,FALSE,TRUE,0.543,,,,,,,,,,,,
"r75169","2025-26","Kenyon","Alyssa Horsley","wbb-018940","jenna horsley","transfer_name_variant",0.314204,FALSE,TRUE,FALSE,0.543,,,,,,,,,,,,
"r75773","2025-26","Manhattanville","Madison Carlo","wbb-020505","allessia carlo","transfer_name_variant",0.314204,TRUE,FALSE,FALSE,0.543,,,,,,,,,,,,
"r82145","2025-26","Guilford","Markayah Johnson","wbb-025792","brianna johnson","transfer_name_variant",0.314268,TRUE,FALSE,FALSE,0.543,,,,,,,,,,,,
"r93477","2026-27","Army","Jane Rape","wbb-037218","jane preston","same_team_name_variant",0.113889,FALSE,FALSE,TRUE,0.543,,,,,,,,,,,,
"r86840","2026-27","Auburn","Zaniyah Williams","wbb-015107","ashanti barnes williams","transfer_name_variant",0.314959,TRUE,FALSE,FALSE,0.543,,,,,,,,,,,,
"r18952","2021-22","Truman State","Maddie Niemeier","wbb-005674","maddie re","same_team_name_variant",0.115556,FALSE,FALSE,TRUE,0.542,,,,,,,,,,,,
"r52131","2023-24","Incarnate Word","Destiny Whitaker","wbb-010912","destiny terrell","same_team_name_variant",0.115833,FALSE,FALSE,TRUE,0.542,,,,,,,,,,,,
"r44365","2023-24","Jacksonville St.","Elsie Harris","wbb-004141","brianna harris","transfer_name_variant",0.316468,TRUE,FALSE,FALSE,0.542,,,,,,,,,,,,
"r45694","2023-24","Minn. Duluth","Nicole O'Neil","wbb-003072","larisa o neil","transfer_name_variant",0.316239,TRUE,FALSE,FALSE,0.542,,,,,,,,,,,,
"r59479","2024-25","Mary Washington","Elizabeth Barry","wbb-002160","elizabeth dufrane","same_team_name_variant",0.11549,FALSE,FALSE,TRUE,0.542,,,,,,,,,,,,
"r81408","2025-26","Yeshiva","Danielle Zaretsky","wbb-030769","daniella bessler","same_team_name_variant",0.115328,FALSE,FALSE,TRUE,0.542,,,,,,,,,,,,
"r95180","2026-27","Ouachita Baptist","Brooklyn Mitchell","wbb-025620","brooke smith","same_team_name_variant",0.115686,FALSE,FALSE,TRUE,0.542,,,,,,,,,,,,
"r15185","2021-22","Delaware State","Mizani Johnson","wbb-007687","kaia johnson","transfer_name_variant",0.31746,TRUE,FALSE,FALSE,0.541,,,,,,,,,,,,
"r37251","2022-23","St. Norbert","Emma Harris","wbb-015458","emma herb","same_team_name_variant",0.117172,FALSE,FALSE,TRUE,0.541,,,,,,,,,,,,
"r42576","2023-24","Cornell","Kameryn Perry","wbb-013136","destine perry","transfer_name_variant",0.31891,TRUE,FALSE,FALSE,0.541,,,,,,,,,,,,
"r61676","2024-25","Ramapo","Brianna Smith","wbb-006444","brianna michel carter","same_team_name_variant",0.117766,FALSE,FALSE,TRUE,0.541,,,,,,,,,,,,
"r69683","2024-25","Liberty","Emma Soldis","wbb-014460","emma hess","same_team_name_variant",0.117172,FALSE,FALSE,TRUE,0.541,,,,,,,,,,,,
"r65992","2024-25","Dominican (IL)","Niah Williams","wbb-002953","mckayla williams","transfer_name_variant",0.31859,TRUE,FALSE,FALSE,0.541,,,,,,,,,,,,
"r74615","2025-26","Idaho","Sofia Ekh","wbb-014683","matilda ekh","transfer_name_variant",0.318182,TRUE,FALSE,FALSE,0.541,,,,,,,,,,,,
"r86982","2026-27","Charleston Southern","Sofia Ekh","wbb-014683","matilda ekh","transfer_name_variant",0.318182,TRUE,FALSE,FALSE,0.541,,,,,,,,,,,,
"r21286","2021-22","Chattanooga","Leah Jones","wbb-006020","sinetra jones","transfer_name_variant",0.319872,TRUE,FALSE,FALSE,0.54,,,,,,,,,,,,
"r30673","2022-23","Defiance","Taylor Bates","wbb-009651","taylor steinbrunner","same_team_name_variant",0.119059,FALSE,FALSE,TRUE,0.54,,,,,,,,,,,,
"r37744","2022-23","Bowdoin","Starlette Franklin","wbb-008838","jasmine franklin","transfer_name_variant",0.319444,TRUE,FALSE,FALSE,0.54,,,,,,,,,,,,
"r49220","2023-24","Air Force","Grace Walsh","wbb-008193","grace hess","same_team_name_variant",0.119545,FALSE,FALSE,TRUE,0.54,,,,,,,,,,,,
"r66080","2024-25","Schreiner","Alyxa Martinez","wbb-010473","juliett martinez","transfer_name_variant",0.320238,TRUE,FALSE,FALSE,0.54,,,,,,,,,,,,
"r90427","2026-27","Meredith","Emma Hadley","wbb-014654","emma lodge","same_team_name_variant",0.119545,FALSE,FALSE,TRUE,0.54,,,,,,,,,,,,
"r92581","2026-27","San Francisco","Maria Burliga","wbb-007147","marija galic","same_team_name_variant",0.119487,FALSE,FALSE,TRUE,0.54,,,,,,,,,,,,
"r89547","2026-27","James Madison","Ja'Quoia Jones-Brown","wbb-007675","jenna brown","transfer_name_variant",0.319545,TRUE,FALSE,FALSE,0.54,,,,,,,,,,,,
"r26818","2022-23","Wisconsin","Serah Williams","wbb-005522","da naijah williams","transfer_name_variant",0.32227,TRUE,FALSE,FALSE,0.539,,,,,,,,,,,,
"r27921","2022-23","San Diego State","Natalija Grizelj","wbb-006925","mia grizelj","transfer_name_variant",0.32197,TRUE,FALSE,FALSE,0.539,,,,,,,,,,,,
"r28226","2022-23","College of Charleston","Marissa Brown","wbb-011499","gabby brown","transfer_name_variant",0.322677,TRUE,FALSE,FALSE,0.539,,,,,,,,,,,,
"r34233","2022-23","Saint Vincent","Cadence Smith","wbb-014492","autumn smith","transfer_name_variant",0.32265,TRUE,FALSE,FALSE,0.539,,,,,,,,,,,,
"r37648","2022-23","Texas Lutheran","Davi'Yanna Jones","wbb-007921","sahara jones","transfer_name_variant",0.321759,TRUE,FALSE,FALSE,0.539,,,,,,,,,,,,
"r39285","2022-23","East Tennessee State","Meghan Downing","wbb-010796","allie downing","transfer_name_variant",0.322161,TRUE,FALSE,FALSE,0.539,,,,,,,,,,,,
"r59693","2024-25","Mercy","Caitlin Leary","wbb-021835","amanda leary","transfer_name_variant",0.32265,FALSE,TRUE,FALSE,0.539,,,,,,,,,,,,
"r65034","2024-25","Chadron St.","Malorie Byrne","wbb-005296","delaynie byrne","transfer_name_variant",0.322161,TRUE,FALSE,FALSE,0.539,,,,,,,,,,,,
"r66501","2024-25","North Florida","Jamisyn Stinson","wbb-021618","faith stinson","transfer_name_variant",0.321368,TRUE,FALSE,FALSE,0.539,,,,,,,,,,,,
"r81130","2025-26","Wis.-Oshkosh","Adahlyn Hoerl","wbb-021221","olivia hoerl","transfer_name_variant",0.32265,FALSE,TRUE,FALSE,0.539,,,,,,,,,,,,
"r81130","2025-26","Wis.-Oshkosh","Adahlyn Hoerl","wbb-025111","olivia hoerl","transfer_name_variant",0.32265,FALSE,TRUE,FALSE,0.539,,,,,,,,,,,,
"r93276","2026-27","Texas-El Paso","Kobe Johnson","wbb-013058","niyah johnson","transfer_name_variant",0.32265,TRUE,FALSE,FALSE,0.539,,,,,,,,,,,,
"r94075","2026-27","Wisconsin-La Crosse","Olivia Hoerl","wbb-037594","adahlyn hoerl","transfer_name_variant",0.32265,TRUE,FALSE,FALSE,0.539,,,,,,,,,,,,
"r18556","2021-22","UNLV","Kenadee Winfrey","wbb-012835","brylee winfrey","transfer_name_variant",0.323016,TRUE,FALSE,FALSE,0.538,,,,,,,,,,,,
"r33474","2022-23","IUPUI","Jaci Jones","wbb-004890","mikeba jones","transfer_name_variant",0.323611,TRUE,FALSE,FALSE,0.538,,,,,,,,,,,,
"r51275","2023-24","Lenoir-Rhyne","Mikeba Jones","wbb-010825","jaci jones","transfer_name_variant",0.323611,TRUE,FALSE,FALSE,0.538,,,,,,,,,,,,
"r51275","2023-24","Lenoir-Rhyne","Mikeba Jones","wbb-019617","jaci jones","transfer_name_variant",0.323611,TRUE,FALSE,FALSE,0.538,,,,,,,,,,,,
"r52033","2023-24","IUPUI","Jaci Jones","wbb-004890","mikeba jones","transfer_name_variant",0.323611,TRUE,FALSE,FALSE,0.538,,,,,,,,,,,,
"r60906","2024-25","Northern Kentucky","Jaci Jones","wbb-004890","mikeba jones","transfer_name_variant",0.323611,TRUE,FALSE,FALSE,0.538,,,,,,,,,,,,
"r60906","2024-25","Northern Kentucky","Jaci Jones","wbb-025529","mikeba jones","transfer_name_variant",0.323611,TRUE,FALSE,FALSE,0.538,,,,,,,,,,,,
"r70276","2024-25","Goucher","Kayley Washington","wbb-013341","jazmine washington","transfer_name_variant",0.32487,TRUE,FALSE,FALSE,0.538,,,,,,,,,,,,
"r80369","2025-26","Virginia Commonwealth","Ty Williams","wbb-028429","angela williams","transfer_name_variant",0.323569,TRUE,FALSE,FALSE,0.538,,,,,,,,,,,,
"r85065","2025-26","Penn St.-Berks","Paige Sonzogni","wbb-019272","devon sonzogni","transfer_name_variant",0.32381,TRUE,FALSE,FALSE,0.538,,,,,,,,,,,,
"r48976","2023-24","Texas Tech","Loghan Johnson","wbb-002975","ireneshia johnson","transfer_name_variant",0.325439,TRUE,FALSE,FALSE,0.537,,,,,,,,,,,,
"r75349","2025-26","Le Moyne","Kayden Clark","wbb-005685","stella clark","transfer_name_variant",0.326389,FALSE,TRUE,FALSE,0.537,,,,,,,,,,,,
"r85717","2025-26","South Dakota Mines","Janay Kravig","wbb-017012","kylie kravig","transfer_name_variant",0.326389,FALSE,TRUE,FALSE,0.537,,,,,,,,,,,,
"r85745","2025-26","Walsh","Carlota Lopez","wbb-030761","lucia martinez lopez","transfer_name_variant",0.325641,TRUE,FALSE,FALSE,0.537,,,,,,,,,,,,
"r44365","2023-24","Jacksonville St.","Elsie Harris","wbb-017925","cordasia harris","transfer_name_variant",0.327778,TRUE,FALSE,FALSE,0.536,,,,,,,,,,,,
"r49597","2023-24","Washington","Ari Long","wbb-010882","jalen long","transfer_name_variant",0.327778,TRUE,FALSE,FALSE,0.536,,,,,,,,,,,,
"r58555","2024-25","James Madison","Angela Williams","wbb-015581","tyrielle williams","transfer_name_variant",0.327748,TRUE,FALSE,FALSE,0.536,,,,,,,,,,,,
"r60550","2024-25","New Mexico State","Noah Garcia","wbb-018038","alba garcia","transfer_name_variant",0.327652,TRUE,FALSE,FALSE,0.536,,,,,,,,,,,,
"r60637","2024-25","Nicholls State","Caroline Adams","wbb-007447","bren naisa adams","transfer_name_variant",0.32711,TRUE,FALSE,FALSE,0.536,,,,,,,,,,,,
"r71369","2025-26","Benedict","Christyonna Jackson","wbb-008475","katrice jackson","transfer_name_variant",0.328363,TRUE,FALSE,FALSE,0.536,,,,,,,,,,,,
"r77007","2025-26","New Mexico","Tyler Jones","wbb-003597","cherelle jones","transfer_name_variant",0.327802,TRUE,FALSE,FALSE,0.536,,,,,,,,,,,,
"r82145","2025-26","Guilford","Markayah Johnson","wbb-020496","gabrielle johnson","transfer_name_variant",0.328922,TRUE,FALSE,FALSE,0.536,,,,,,,,,,,,
"r85764","2025-26","Fresno Pacific","Mason Long","wbb-024942","ari long","transfer_name_variant",0.327778,TRUE,FALSE,FALSE,0.536,,,,,,,,,,,,
"r71186","2025-26","Austin Peay","Lameria Thomas","wbb-025518","trinity thomas","transfer_name_variant",0.330688,TRUE,FALSE,FALSE,0.535,,,,,,,,,,,,
"r78534","2025-26","Sacred Heart","Kristen Phelan","wbb-031478","shannon phelan","transfer_name_variant",0.330688,TRUE,FALSE,FALSE,0.535,,,,,,,,,,,,
"r78020","2025-26","SUNY Potsdam","Olivia Cook","wbb-015809","jessica cook","transfer_name_variant",0.33153,FALSE,TRUE,FALSE,0.534,,,,,,,,,,,,
"r81848","2025-26","Defiance","Azariah Smith","wbb-029497","liz smith","transfer_name_variant",0.331909,FALSE,TRUE,FALSE,0.534,,,,,,,,,,,,
"r90070","2026-27","MacMurray","Faith Thomas","wbb-019110","skye thomas","transfer_name_variant",0.33153,TRUE,FALSE,FALSE,0.534,,,,,,,,,,,,
"r94771","2026-27","Georgia College","India Williams","wbb-009834","jhessyka williams","transfer_name_variant",0.332493,TRUE,FALSE,FALSE,0.534,,,,,,,,,,,,
"r95963","2026-27","McMurry","Faith Thomas","wbb-019110","skye thomas","transfer_name_variant",0.33153,TRUE,FALSE,FALSE,0.534,,,,,,,,,,,,
"r13927","2021-22","Bowie St.","Mya Henson","wbb-005088","ja niah henson","transfer_name_variant",0.334524,TRUE,FALSE,FALSE,0.533,,,,,,,,,,,,
"r21286","2021-22","Chattanooga","Leah Jones","wbb-006027","manaya jones","transfer_name_variant",0.334127,TRUE,FALSE,FALSE,0.533,,,,,,,,,,,,
"r47692","2023-24","Sacred Heart","Emma Kirby","wbb-020906","sophie kirby","transfer_name_variant",0.334127,TRUE,FALSE,FALSE,0.533,,,,,,,,,,,,
"r63068","2024-25","Stephen F. Austin","Cha Gardner","wbb-020726","graciella gardner","transfer_name_variant",0.334225,FALSE,TRUE,FALSE,0.533,,,,,,,,,,,,
"r69320","2024-25","IIT","Kaya Jones","wbb-009575","isabella jones","transfer_name_variant",0.334524,TRUE,FALSE,FALSE,0.533,,,,,,,,,,,,
"r69320","2024-25","IIT","Kaya Jones","wbb-018673","isabella jones","transfer_name_variant",0.334524,TRUE,FALSE,FALSE,0.533,,,,,,,,,,,,
"r69320","2024-25","IIT","Kaya Jones","wbb-025295","isabella jones","transfer_name_variant",0.334524,TRUE,FALSE,FALSE,0.533,,,,,,,,,,,,
"r73198","2025-26","Drake","Quinn Vice","wbb-023535","halle vice","transfer_name_variant",0.333333,TRUE,FALSE,FALSE,0.533,,,,,,,,,,,,
"r77332","2025-26","Northern Arizona","J'Bionna Robinson","wbb-008180","kaitlyn robinson","transfer_name_variant",0.33415,TRUE,FALSE,FALSE,0.533,,,,,,,,,,,,
"r81486","2025-26","Arkansas Tech","Jaiden Smith","wbb-029437","caya smith","transfer_name_variant",0.334127,TRUE,FALSE,FALSE,0.533,,,,,,,,,,,,
"r81652","2025-26","Catawba","Ashantes Lewis","wbb-031011","jade lewis","transfer_name_variant",0.334524,TRUE,FALSE,FALSE,0.533,,,,,,,,,,,,
"r81913","2025-26","Edgewood","Laci Lindsey","wbb-021194","mallory lindsey","transfer_name_variant",0.333333,FALSE,TRUE,FALSE,0.533,,,,,,,,,,,,
"r85097","2025-26","Central St. (OH)","Kennedy Walker","wbb-006692","sakima walker","transfer_name_variant",0.333562,TRUE,FALSE,FALSE,0.533,,,,,,,,,,,,
"r57142","2024-25","Eastern N.M.","Nataya Lockett","wbb-008053","quinesha lockett","transfer_name_variant",0.336905,TRUE,FALSE,FALSE,0.532,,,,,,,,,,,,
"r58555","2024-25","James Madison","Angela Williams","wbb-015311","trinity williams","transfer_name_variant",0.336111,TRUE,FALSE,FALSE,0.532,,,,,,,,,,,,
"r45984","2023-24","CMSV","Anastasia Davis","wbb-020720","brianna davis","transfer_name_variant",0.338034,TRUE,FALSE,FALSE,0.531,,,,,,,,,,,,
"r40240","2022-23","McDaniel","Jordan McLean","wbb-001870","mir mclean","transfer_name_variant",0.340705,TRUE,FALSE,FALSE,0.53,,,,,,,,,,,,
"r46822","2023-24","Ohio Northern","Liz Key","wbb-020533","elizabeth key","transfer_name_variant",0.540293,FALSE,TRUE,TRUE,0.53,,,,,,,,,,,,
"r57398","2024-25","Fayetteville St.","Daziyahna Wilson","wbb-026170","symone wilson","transfer_name_variant",0.34099,TRUE,FALSE,FALSE,0.53,,,,,,,,,,,,
"r84275","2025-26","Tusculum","Jae'oni Davis","wbb-004322","dee dee davis","transfer_name_variant",0.339744,TRUE,FALSE,FALSE,0.53,,,,,,,,,,,,
"r82993","2025-26","Wayne St. (NE)","Tenleigh Smith","wbb-024953","taylor smith","transfer_name_variant",0.341071,FALSE,TRUE,FALSE,0.529,,,,,,,,,,,,
"r54856","2024-25","Ashland","Ashley Mullet","wbb-017379","brynn mullet","transfer_name_variant",0.343483,TRUE,FALSE,FALSE,0.528,,,,,,,,,,,,
"r55099","2024-25","Bates","Lily Lambo","wbb-019716","taylor lambo","transfer_name_variant",0.344444,TRUE,FALSE,FALSE,0.528,,,,,,,,,,,,
"r65994","2024-25","Dominican (IL)","Laila Jones","wbb-025822","raychel jones","transfer_name_variant",0.344114,TRUE,FALSE,FALSE,0.528,,,,,,,,,,,,
"r66717","2024-25","Goldey-Beacom","Farrah White","wbb-008535","kaleigh white","transfer_name_variant",0.343483,TRUE,FALSE,FALSE,0.528,,,,,,,,,,,,
"r78329","2025-26","Richmond","Rayne Wright","wbb-030344","olivia wright","transfer_name_variant",0.343483,TRUE,FALSE,FALSE,0.528,,,,,,,,,,,,
"r78959","2025-26","Samford","Martha Bishop","wbb-031845","abbie bishop","transfer_name_variant",0.343483,TRUE,FALSE,FALSE,0.528,,,,,,,,,,,,
"r80623","2025-26","Webster","Daijah Jones","wbb-025822","raychel jones","transfer_name_variant",0.343483,TRUE,FALSE,FALSE,0.528,,,,,,,,,,,,
"r84283","2025-26","Centenary (NJ)","Makayla Williams","wbb-007012","kendrea williams","transfer_name_variant",0.344697,TRUE,FALSE,FALSE,0.528,,,,,,,,,,,,
"r91202","2026-27","Norfolk State","Jizelle James","wbb-014964","aziaha james","transfer_name_variant",0.343483,TRUE,FALSE,FALSE,0.528,,,,,,,,,,,,
"r42742","2023-24","Denison","Violet Mitchell","wbb-000086","sam mitchell","transfer_name_variant",0.346296,TRUE,FALSE,FALSE,0.527,,,,,,,,,,,,
"r60427","2024-25","Omaha","Mar Vidal","wbb-005805","claudia vidal","transfer_name_variant",0.346968,TRUE,FALSE,FALSE,0.527,,,,,,,,,,,,
"r69803","2024-25","CMSV","Sharon Brown","wbb-026717","jayonna myracle brown","transfer_name_variant",0.346825,TRUE,FALSE,FALSE,0.527,,,,,,,,,,,,
"r78146","2025-26","Quinnipiac","Ella Ryan","wbb-018122","sydney ryan","transfer_name_variant",0.34596,FALSE,TRUE,FALSE,0.527,,,,,,,,,,,,
"r80691","2025-26","West Georgia","Destiny Jones","wbb-014669","mya jones","transfer_name_variant",0.346968,FALSE,TRUE,FALSE,0.527,,,,,,,,,,,,
"r83946","2025-26","Missouri Western","Nakiya Harris","wbb-003520","ilani williams harris","transfer_name_variant",0.346376,TRUE,FALSE,FALSE,0.527,,,,,,,,,,,,
"r21904","2021-22","Wartburg","Denise Perez","wbb-003146","imani perez","transfer_name_variant",0.347854,TRUE,FALSE,FALSE,0.526,,,,,,,,,,,,
"r25669","2021-22","Mount Aloysius","Hanna Rittenhouse","wbb-000225","rylie rittenhouse","transfer_name_variant",0.348856,FALSE,TRUE,FALSE,0.526,,,,,,,,,,,,
"r30057","2022-23","Evansville","Kynidi Mason Striverson","wbb-017422","alana striverson","transfer_name_variant",0.348453,TRUE,FALSE,FALSE,0.526,,,,,,,,,,,,
"r54491","2024-25","Alabama A&M","Alyssa Williams","wbb-001784","tori williams","transfer_name_variant",0.347009,FALSE,TRUE,FALSE,0.526,,,,,,,,,,,,
"r75057","2025-26","Kansas State","Gina Garcia","wbb-000304","marta garcia","transfer_name_variant",0.347854,FALSE,TRUE,FALSE,0.526,,,,,,,,,,,,
"r78068","2025-26","Principia","Taylor Brown","wbb-012559","autumn brown","transfer_name_variant",0.347222,TRUE,FALSE,FALSE,0.526,,,,,,,,,,,,
"r85669","2025-26","Lindenwood (MO)","Noah Garcia","wbb-028539","irene garcia","transfer_name_variant",0.347854,TRUE,FALSE,FALSE,0.526,,,,,,,,,,,,
"r32353","2022-23","Colo. Sch. of Mines","Suni Davis","wbb-005429","kyla davis","transfer_name_variant",0.35,TRUE,FALSE,FALSE,0.525,,,,,,,,,,,,
"r57881","2024-25","Greensboro","Kat Robinson","wbb-011059","snoop robinson","transfer_name_variant",0.350529,TRUE,FALSE,FALSE,0.525,,,,,,,,,,,,
"r93276","2026-27","Texas-El Paso","Kobe Johnson","wbb-024741","loghan johnson","transfer_name_variant",0.350529,TRUE,FALSE,FALSE,0.525,,,,,,,,,,,,
"r21373","2021-22","Texas Southern","Ariana Taylor","wbb-007996","joanne allen taylor","transfer_name_variant",0.351484,TRUE,FALSE,FALSE,0.524,,,,,,,,,,,,
"r59188","2024-25","UMass Lowell","Carla Subirats","wbb-019475","ivet subirats","transfer_name_variant",0.351241,TRUE,FALSE,FALSE,0.524,,,,,,,,,,,,
"r62660","2024-25","Skidmore","Sophia Martinez","wbb-013675","alexis semidey martinez","transfer_name_variant",0.351087,TRUE,FALSE,FALSE,0.524,,,,,,,,,,,,
"r89589","2026-27","Johnson C. Smith","Egypt Moore-Coleman","wbb-011519","keira coleman","transfer_name_variant",0.351484,TRUE,FALSE,FALSE,0.524,,,,,,,,,,,,
"r68204","2024-25","Saint Vincent","Madison Hertzler","wbb-014132","haley hertzler","transfer_name_variant",0.353571,FALSE,TRUE,FALSE,0.523,,,,,,,,,,,,
"r73694","2025-26","Fayetteville St.","Alyssa Jessup","wbb-029280","elliott jessup","transfer_name_variant",0.354396,TRUE,FALSE,FALSE,0.523,,,,,,,,,,,,
"r54062","2023-24","Union (TN)","Olivia Lee","wbb-010250","savannah lee","transfer_name_variant",0.355556,FALSE,TRUE,FALSE,0.522,,,,,,,,,,,,
"r54248","2023-24","Penn College","Kenni Galbreath","wbb-012295","jayla galbreath","transfer_name_variant",0.355556,FALSE,TRUE,FALSE,0.522,,,,,,,,,,,,
"r71938","2025-26","Cal State Fullerton","Lilliana Petersen","wbb-012518","emily petersen","transfer_name_variant",0.355742,TRUE,FALSE,FALSE,0.522,,,,,,,,,,,,
"r77332","2025-26","Northern Arizona","J'Bionna Robinson","wbb-011059","snoop robinson","transfer_name_variant",0.355742,TRUE,FALSE,FALSE,0.522,,,,,,,,,,,,
"r78058","2025-26","Principia","Elyssa White","wbb-012183","amoni white","transfer_name_variant",0.355339,TRUE,FALSE,FALSE,0.522,,,,,,,,,,,,
"r87518","2026-27","UC Santa Barbara","Sarah Heyn","wbb-027346","sydney heyn","transfer_name_variant",0.356364,FALSE,TRUE,FALSE,0.522,,,,,,,,,,,,
"r40143","2022-23","Springfield","Amanda Leary","wbb-016656","erin leary","transfer_name_variant",0.357937,FALSE,TRUE,FALSE,0.521,,,,,,,,,,,,
"r58300","2024-25","Benedictine (IL)","Alexis Schueler","wbb-019361","mckenzie schueler","transfer_name_variant",0.358051,FALSE,TRUE,FALSE,0.521,,,,,,,,,,,,
"r60751","2024-25","North Dakota State","Claire Stern","wbb-017235","anna stern","transfer_name_variant",0.357937,TRUE,FALSE,FALSE,0.521,,,,,,,,,,,,
"r79975","2025-26","Thiel","Tatum Olczak","wbb-026844","pascale olczak","transfer_name_variant",0.358135,FALSE,TRUE,FALSE,0.521,,,,,,,,,,,,
"r85400","2025-26","Tex. Permian Basin","Jonesha Neal","wbb-028014","me arah o neal","transfer_name_variant",0.358135,TRUE,FALSE,FALSE,0.521,,,,,,,,,,,,
"r89855","2026-27","LeMoyne-Owen","Serena Lee","wbb-005648","rochelle lee","transfer_name_variant",0.357937,TRUE,FALSE,FALSE,0.521,,,,,,,,,,,,
"r46404","2023-24","Norfolk State","Da’Brya Clark","wbb-017114","madison clark","transfer_name_variant",0.360577,TRUE,FALSE,FALSE,0.52,,,,,,,,,,,,
"r56769","2024-25","Delaware State","Ericka Huggins","wbb-013795","ronnasia blatch huggins","transfer_name_variant",0.359817,TRUE,FALSE,FALSE,0.52,,,,,,,,,,,,
"r65651","2024-25","Lander","Ainsley Anderson","wbb-016400","shakara anderson","transfer_name_variant",0.359848,TRUE,FALSE,FALSE,0.52,,,,,,,,,,,,
"r66416","2024-25","Arkansas-Pine Bluff","Briontanay Marshall","wbb-006428","destinee marshall","transfer_name_variant",0.359735,TRUE,FALSE,FALSE,0.52,,,,,,,,,,,,
"r56176","2024-25","Central Florida","Adeang Ring","wbb-016958","amou ring","transfer_name_variant",0.361364,TRUE,FALSE,FALSE,0.519,,,,,,,,,,,,
"r77332","2025-26","Northern Arizona","J'Bionna Robinson","wbb-022239","katherine robinson","transfer_name_variant",0.361928,TRUE,FALSE,FALSE,0.519,,,,,,,,,,,,
"r92839","2026-27","Southeast Missouri State","Carrington Jones","wbb-006027","manaya jones","transfer_name_variant",0.361111,TRUE,FALSE,FALSE,0.519,,,,,,,,,,,,
"r96476","2026-27","Belmont","Samiya Jones","wbb-032505","carrington jones","transfer_name_variant",0.361111,FALSE,TRUE,FALSE,0.519,,,,,,,,,,,,
"r24317","2021-22","Belmont Abbey","Peyton Nation","wbb-002808","mckel nation","transfer_name_variant",0.364316,FALSE,TRUE,FALSE,0.518,,,,,,,,,,,,
"r49406","2023-24","Vermont","Malia Lenz","wbb-008668","sienna lenz","transfer_name_variant",0.364069,TRUE,FALSE,FALSE,0.518,,,,,,,,,,,,
"r66303","2024-25","Westminster (MO)","Madison Brown","wbb-019082","bailey brown","transfer_name_variant",0.364316,TRUE,FALSE,FALSE,0.518,,,,,,,,,,,,
"r89610","2026-27","Juniata","Teagan Strunk","wbb-015319","emily strunk","transfer_name_variant",0.364316,TRUE,FALSE,FALSE,0.518,,,,,,,,,,,,
"r14117","2021-22","Butler","Zoe Jackson","wbb-000105","stephanie jackson","transfer_name_variant",0.365617,TRUE,FALSE,FALSE,0.517,,,,,,,,,,,,
"r65154","2024-25","Defiance","San'Taizia Thomas","wbb-006681","lindsey thomas","transfer_name_variant",0.365826,TRUE,FALSE,FALSE,0.517,,,,,,,,,,,,
"r69984","2024-25","Stephen F. Austin","Makana Gardner","wbb-020726","graciella gardner","transfer_name_variant",0.365826,FALSE,TRUE,FALSE,0.517,,,,,,,,,,,,
"r91809","2026-27","Pfeiffer","Kairah Dixon-Booker","wbb-028669","lili booker","transfer_name_variant",0.365674,TRUE,FALSE,FALSE,0.517,,,,,,,,,,,,
"r28945","2022-23","Lamar","R'Mani Taylor","wbb-007996","joanne allen taylor","transfer_name_variant",0.368151,TRUE,FALSE,FALSE,0.516,,,,,,,,,,,,
"r81652","2025-26","Catawba","Ashantes Lewis","wbb-030813","briaiah lewis","transfer_name_variant",0.36976,TRUE,FALSE,FALSE,0.515,,,,,,,,,,,,
"r91778","2026-27","Pennsylvania","Ava Jones","wbb-006020","sinetra jones","transfer_name_variant",0.370777,TRUE,FALSE,FALSE,0.515,,,,,,,,,,,,
"r89688","2026-27","Ky. Wesleyan","Andrea Martin Garcia","wbb-028539","irene garcia","transfer_name_variant",0.372222,TRUE,FALSE,FALSE,0.514,,,,,,,,,,,,
"r92839","2026-27","Southeast Missouri State","Carrington Jones","wbb-003597","cherelle jones","transfer_name_variant",0.372321,TRUE,FALSE,FALSE,0.514,,,,,,,,,,,,
"r51230","2023-24","LaGrange","Taylor Smith","wbb-010021","kelcie smith","transfer_name_variant",0.373016,TRUE,FALSE,FALSE,0.513,,,,,,,,,,,,
"r51257","2023-24","Lander","Jamia Clark","wbb-006598","syd clark","transfer_name_variant",0.373737,TRUE,FALSE,FALSE,0.513,,,,,,,,,,,,
"r71314","2025-26","Bellarmine","Ava Smith","wbb-018237","sydni smith","transfer_name_variant",0.373737,FALSE,TRUE,FALSE,0.513,,,,,,,,,,,,
"r75752","2025-26","Manhattan","Agar Farrés Garcia","wbb-018244","cristina garcia","transfer_name_variant",0.375926,TRUE,FALSE,FALSE,0.512,,,,,,,,,,,,
"r87430","2026-27","Cal State Fullerton","Jennifer Hawkins","wbb-013478","ashley hawkins","transfer_name_variant",0.375992,TRUE,FALSE,FALSE,0.512,,,,,,,,,,,,
"r89688","2026-27","Ky. Wesleyan","Andrea Martin Garcia","wbb-016628","rebeca garcia","transfer_name_variant",0.376923,TRUE,FALSE,FALSE,0.512,,,,,,,,,,,,
"r30568","2022-23","Christian Brothers","Isabella Jones","wbb-006027","manaya jones","transfer_name_variant",0.378968,TRUE,FALSE,FALSE,0.511,,,,,,,,,,,,
"r50665","2023-24","Christian Brothers","Isabella Jones","wbb-006027","manaya jones","transfer_name_variant",0.378968,TRUE,FALSE,FALSE,0.511,,,,,,,,,,,,
"r70124","2024-25","Christian Brothers","Isabella Jones","wbb-006027","manaya jones","transfer_name_variant",0.378968,TRUE,FALSE,FALSE,0.511,,,,,,,,,,,,
"r91202","2026-27","Norfolk State","Jizelle James","wbb-030424","tiyanna james","transfer_name_variant",0.379121,TRUE,FALSE,FALSE,0.51,,,,,,,,,,,,
"r48563","2023-24","Southern Miss","Morgan Sieper","wbb-000779","ashley sieper","transfer_name_variant",0.38141,TRUE,FALSE,FALSE,0.509,,,,,,,,,,,,
"r51509","2023-24","Cairn","Crystal Jones","wbb-017245","addison jones","transfer_name_variant",0.38141,TRUE,FALSE,FALSE,0.509,,,,,,,,,,,,
"r60183","2024-25","Morehead State","Chrishawn Coleman","wbb-006012","tyaija coleman","transfer_name_variant",0.382493,TRUE,FALSE,FALSE,0.509,,,,,,,,,,,,
"r92839","2026-27","Southeast Missouri State","Carrington Jones","wbb-015745","leah jones","transfer_name_variant",0.382738,TRUE,FALSE,FALSE,0.509,,,,,,,,,,,,
"r92839","2026-27","Southeast Missouri State","Carrington Jones","wbb-032996","kaya jones","transfer_name_variant",0.382738,TRUE,FALSE,FALSE,0.509,,,,,,,,,,,,
"r92839","2026-27","Southeast Missouri State","Carrington Jones","wbb-035924","tyler jones","transfer_name_variant",0.382576,TRUE,FALSE,FALSE,0.509,,,,,,,,,,,,
"r91332","2026-27","North Texas","Arianna Johnson","wbb-020088","deja johnson","transfer_name_variant",0.383333,TRUE,FALSE,FALSE,0.508,,,,,,,,,,,,
"r28626","2022-23","Cincinnati","A'riel Jackson","wbb-012006","shequana jackson","transfer_name_variant",0.386905,TRUE,FALSE,FALSE,0.507,,,,,,,,,,,,
"r41099","2023-24","Baldwin Wallace","Taylor Bass","wbb-013072","reagan bass","transfer_name_variant",0.386364,FALSE,TRUE,FALSE,0.507,,,,,,,,,,,,
"r88118","2026-27","Coppin State","Jayleen Jones","wbb-002626","sierra jones","transfer_name_variant",0.38515,TRUE,FALSE,FALSE,0.507,,,,,,,,,,,,
"r91145","2026-27","New Mexico","Katie Duncan","wbb-020049","hannah duncan","transfer_name_variant",0.38515,TRUE,FALSE,FALSE,0.507,,,,,,,,,,,,
"r48976","2023-24","Texas Tech","Loghan Johnson","wbb-008458","zaria johnson","transfer_name_variant",0.388278,TRUE,FALSE,FALSE,0.506,,,,,,,,,,,,
"r55991","2024-25","Canisius","Jaela Johnson","wbb-014370","sydney johnson","transfer_name_variant",0.388278,TRUE,FALSE,FALSE,0.506,,,,,,,,,,,,
"r63852","2024-25","Virginia Union","Tatiana Jones","wbb-014746","ashley jones","transfer_name_variant",0.387973,TRUE,FALSE,FALSE,0.506,,,,,,,,,,,,
"r63958","2024-25","Washington Col.","Sarah Oleary","wbb-002046","lizzie oleary","transfer_name_variant",0.387973,TRUE,FALSE,FALSE,0.506,,,,,,,,,,,,
"r76741","2025-26","Muskingum","Emmie Duskey","wbb-028775","alyssa duskey","transfer_name_variant",0.387973,FALSE,TRUE,FALSE,0.506,,,,,,,,,,,,
"r80691","2025-26","West Georgia","Destiny Jones","wbb-023313","mariah jones","transfer_name_variant",0.387973,TRUE,FALSE,FALSE,0.506,,,,,,,,,,,,
"r88319","2026-27","Detroit Mercy","Paula Lopez","wbb-014897","belen morales lopez","transfer_name_variant",0.388058,TRUE,FALSE,FALSE,0.506,,,,,,,,,,,,
"r68755","2024-25","Shorter","Semaj'a Jackson","wbb-016480","kennedy ryan jackson","transfer_name_variant",0.390404,TRUE,FALSE,FALSE,0.505,,,,,,,,,,,,
"r81257","2025-26","Wisconsin-Whitewater","Izzy Kirchner","wbb-028979","gabrielle kirchner","transfer_name_variant",0.391738,TRUE,FALSE,FALSE,0.504,,,,,,,,,,,,
"r14117","2021-22","Butler","Zoe Jackson","wbb-002370","chanterria jackson","transfer_name_variant",0.393939,TRUE,FALSE,FALSE,0.503,,,,,,,,,,,,
"r50811","2023-24","Eastern Nazarene","Molly Smith","wbb-011978","addison smith","transfer_name_variant",0.394106,TRUE,FALSE,FALSE,0.503,,,,,,,,,,,,
"r50811","2023-24","Eastern Nazarene","Molly Smith","wbb-019802","addison smith","transfer_name_variant",0.394106,TRUE,FALSE,FALSE,0.503,,,,,,,,,,,,
"r67885","2024-25","Lee","Addison Smith","wbb-025368","molly smith","transfer_name_variant",0.394106,TRUE,FALSE,FALSE,0.503,,,,,,,,,,,,
"r69320","2024-25","IIT","Kaya Jones","wbb-006020","sinetra jones","transfer_name_variant",0.396703,TRUE,FALSE,FALSE,0.502,,,,,,,,,,,,
"r79781","2025-26","Tennessee St.","Icesis Thomas","wbb-018724","jamiyah thomas","transfer_name_variant",0.396062,TRUE,FALSE,FALSE,0.502,,,,,,,,,,,,
"r41496","2023-24","Brigham Young","Nani Falatea","wbb-013383","nani falatea","same_team_name_variant",0,FALSE,FALSE,FALSE,0.5,,,,,,,,,,,,
"r41496","2023-24","Brigham Young","Nani Falatea","wbb-017986","nani falatea","same_team_name_variant",0,FALSE,FALSE,FALSE,0.5,,,,,,,,,,,,
"r45084","2023-24","MacMurray","Kristin Salas","wbb-004274","kristin salas","same_team_name_variant",0,FALSE,FALSE,FALSE,0.5,,,,,,,,,,,,
"r52312","2023-24","McMurry","Kristin Salas","wbb-011091","kristin salas","same_team_name_variant",0,FALSE,FALSE,FALSE,0.5,,,,,,,,,,,,
"r62316","2024-25","Saint Peter's","Lara Aguzzi","wbb-024431","lara aguzzi","same_team_name_variant",0,FALSE,FALSE,FALSE,0.5,,,,,,,,,,,,
"r68247","2024-25","St. Joseph's (Brkln)","Mercedes Perez","wbb-010915","brenna perez","transfer_name_variant",0.399802,TRUE,FALSE,FALSE,0.5,,,,,,,,,,,,
"r96843","2026-27","Mount Mary","Ta'Miah Jamison","wbb-039450","ta miah jamison","same_team_name_variant",0,FALSE,FALSE,FALSE,0.5,,,,,,,,,,,,
"r87610","2026-27","UCLA","Donovyn Hunter","wbb-036571","jamie hunter","transfer_name_variant",0.400794,TRUE,FALSE,FALSE,0.5,,,,,,,,,,,,
"r92877","2026-27","Southern Ill.","Chellise Jones","wbb-022113","skylar jones","transfer_name_variant",0.399802,TRUE,FALSE,FALSE,0.5,,,,,,,,,,,,
"r51759","2023-24","Texas Lutheran","Calli Perez","wbb-010915","brenna perez","transfer_name_variant",0.402958,TRUE,FALSE,FALSE,0.499,,,,,,,,,,,,
"r61727","2024-25","Redlands","Audrey Meek","wbb-006300","mckelle meek","transfer_name_variant",0.401515,TRUE,FALSE,FALSE,0.499,,,,,,,,,,,,
"r75212","2025-26","Kutztown","Ariana Smuda","wbb-004042","bella smuda","transfer_name_variant",0.402958,TRUE,FALSE,FALSE,0.499,,,,,,,,,,,,
"r91036","2026-27","UNLV","Arianna Davis","wbb-014975","dj davis","transfer_name_variant",0.401709,TRUE,FALSE,FALSE,0.499,,,,,,,,,,,,
"r91778","2026-27","Pennsylvania","Ava Jones","wbb-035924","tyler jones","transfer_name_variant",0.401515,TRUE,FALSE,FALSE,0.499,,,,,,,,,,,,
"r59118","2024-25","Longwood","Lili Booker","wbb-000477","d shara booker","transfer_name_variant",0.406926,TRUE,FALSE,FALSE,0.497,,,,,,,,,,,,
"r68247","2024-25","St. Joseph's (Brkln)","Mercedes Perez","wbb-025709","calli perez","transfer_name_variant",0.406926,TRUE,FALSE,FALSE,0.497,,,,,,,,,,,,
"r76155","2025-26","Merrimack","Makayla Thomas","wbb-020718","andrene thomas","transfer_name_variant",0.410714,TRUE,FALSE,FALSE,0.495,,,,,,,,,,,,
"r89688","2026-27","Ky. Wesleyan","Andrea Martin Garcia","wbb-029221","noah garcia","transfer_name_variant",0.410606,TRUE,FALSE,FALSE,0.495,,,,,,,,,,,,
"r89688","2026-27","Ky. Wesleyan","Andrea Martin Garcia","wbb-039811","noah garcia","transfer_name_variant",0.410606,TRUE,FALSE,FALSE,0.495,,,,,,,,,,,,
"r41915","2023-24","UC Santa Cruz","Alyssa Jackson","wbb-016480","kennedy ryan jackson","transfer_name_variant",0.411905,FALSE,TRUE,FALSE,0.494,,,,,,,,,,,,
"r84370","2025-26","Belmont","Dacarra Ward","wbb-000054","shmya ward","transfer_name_variant",0.411111,TRUE,FALSE,FALSE,0.494,,,,,,,,,,,,
"r92938","2026-27","Southern Miss","Bruna da Silva","wbb-028319","ana beatriz passos alves da silva","transfer_name_variant",0.412518,TRUE,FALSE,FALSE,0.494,,,,,,,,,,,,
"r88070","2026-27","Columbus St.","Makenzie Moore","wbb-013655","brittni moore","transfer_name_variant",0.416896,TRUE,FALSE,FALSE,0.492,,,,,,,,,,,,
"r92877","2026-27","Southern Ill.","Chellise Jones","wbb-035333","kennedy jones","transfer_name_variant",0.416896,TRUE,FALSE,FALSE,0.492,,,,,,,,,,,,
"r94040","2026-27","Winthrop","Madison Bush-Lewis","wbb-003894","jordon lewis","transfer_name_variant",0.416667,TRUE,FALSE,FALSE,0.492,,,,,,,,,,,,
"r56452","2024-25","Colorado Col.","JuJu Garcia","wbb-017273","alexis garcia","transfer_name_variant",0.417915,TRUE,FALSE,FALSE,0.491,,,,,,,,,,,,
"r23080","2021-22","Concordia Wisconsin","Lindsey Lonigro","wbb-009715","brooke lonigro","transfer_name_variant",0.419048,FALSE,TRUE,FALSE,0.49,,,,,,,,,,,,
"r37974","2022-23","Bridgeport","Ayanna Brown","wbb-003664","victoria brown","transfer_name_variant",0.424603,TRUE,FALSE,FALSE,0.488,,,,,,,,,,,,
"r37974","2022-23","Bridgeport","Ayanna Brown","wbb-009891","victoria brown","transfer_name_variant",0.424603,TRUE,FALSE,FALSE,0.488,,,,,,,,,,,,
"r80669","2025-26","Wesleyan (CT)","Brooke Adams","wbb-020631","danielle adams","transfer_name_variant",0.424603,TRUE,FALSE,FALSE,0.488,,,,,,,,,,,,
"r51814","2023-24","Waynesburg","Jaden Sturm","wbb-013737","victoria sturm","transfer_name_variant",0.430736,TRUE,FALSE,FALSE,0.485,,,,,,,,,,,,
"r59654","2024-25","Memphis","Tamya Smith","wbb-010021","kelcie smith","transfer_name_variant",0.429293,TRUE,FALSE,FALSE,0.485,,,,,,,,,,,,
"r92996","2026-27","Louisiana","Justyse George","wbb-024576","breyionce george","transfer_name_variant",0.431548,TRUE,FALSE,FALSE,0.484,,,,,,,,,,,,
"r20748","2021-22","South Carolina St.","Ajia Smith","wbb-002059","michelle smith","transfer_name_variant",0.433333,TRUE,FALSE,FALSE,0.483,,,,,,,,,,,,
"r56767","2024-25","Delaware State","Brooke  Barnes","wbb-015692","zaniyyah ross barnes","transfer_name_variant",0.434046,TRUE,FALSE,FALSE,0.483,,,,,,,,,,,,
"r84312","2025-26","Anderson (SC)","Key Barnes","wbb-024629","natasha barnes","transfer_name_variant",0.433333,TRUE,FALSE,FALSE,0.483,,,,,,,,,,,,
"r90465","2026-27","Methodist","Chloe Hall","wbb-023953","anaya hall","transfer_name_variant",0.433333,TRUE,FALSE,FALSE,0.483,,,,,,,,,,,,
"r92839","2026-27","Southeast Missouri State","Carrington Jones","wbb-009575","isabella jones","transfer_name_variant",0.434524,TRUE,FALSE,FALSE,0.483,,,,,,,,,,,,
"r92839","2026-27","Southeast Missouri State","Carrington Jones","wbb-018673","isabella jones","transfer_name_variant",0.434524,TRUE,FALSE,FALSE,0.483,,,,,,,,,,,,
"r92839","2026-27","Southeast Missouri State","Carrington Jones","wbb-025295","isabella jones","transfer_name_variant",0.434524,TRUE,FALSE,FALSE,0.483,,,,,,,,,,,,
"r92839","2026-27","Southeast Missouri State","Carrington Jones","wbb-033236","isabella jones","transfer_name_variant",0.434524,TRUE,FALSE,FALSE,0.483,,,,,,,,,,,,
"r92877","2026-27","Southern Ill.","Chellise Jones","wbb-000903","kyla jones","transfer_name_variant",0.433333,TRUE,FALSE,FALSE,0.483,,,,,,,,,,,,
"r50318","2023-24","Xavier","Júlia Garcia Roig","wbb-006877","lula roig","transfer_name_variant",0.436819,TRUE,FALSE,FALSE,0.482,,,,,,,,,,,,
"r64911","2024-25","Bluefield St.","Caiyiah Smith","wbb-011391","jordan smith","transfer_name_variant",0.435592,TRUE,FALSE,FALSE,0.482,,,,,,,,,,,,
"r87608","2026-27","UC Irvine","Ellery Burke-Brown","wbb-013148","payton brown","transfer_name_variant",0.437831,FALSE,TRUE,FALSE,0.481,,,,,,,,,,,,
"r24906","2021-22","St. Elizabeth","Cecilia Smith","wbb-001470","brynn smith","transfer_name_variant",0.442113,TRUE,FALSE,FALSE,0.479,,,,,,,,,,,,
"r33903","2022-23","Adelphi","Amanda Behrend-Hansen","wbb-005630","nicole hansen","transfer_name_variant",0.441188,TRUE,FALSE,FALSE,0.479,,,,,,,,,,,,
"r57231","2024-25","Elmhurst","Macie Gil Ramos","wbb-022869","macle gil ramos","same_team_name_variant",0.047778,FALSE,FALSE,FALSE,0.476,,,,,,,,,,,,
"r92991","2026-27","Louisiana","Kennedi Johnson","wbb-002317","jayla johnson","transfer_name_variant",0.450427,TRUE,FALSE,FALSE,0.475,,,,,,,,,,,,
"r45689","2023-24","Minn. Duluth","Lexi Karlen","wbb-020447","lexi karge","same_team_name_variant",0.056364,FALSE,FALSE,FALSE,0.472,,,,,,,,,,,,
"r85698","2025-26","McKendree","Madison Johnson","wbb-012578","madison jones","same_team_name_variant",0.055385,FALSE,FALSE,FALSE,0.472,,,,,,,,,,,,
"r87297","2026-27","Buena Vista","Addison Hedberg","wbb-000942","addison weber","same_team_name_variant",0.055385,FALSE,FALSE,FALSE,0.472,,,,,,,,,,,,
"r89547","2026-27","James Madison","Ja'Quoia Jones-Brown","wbb-028628","taylor brown","transfer_name_variant",0.456944,FALSE,TRUE,FALSE,0.472,,,,,,,,,,,,
"r44003","2023-24","Hope","Lauren Nemens","wbb-003256","lauren newman","same_team_name_variant",0.061538,FALSE,FALSE,FALSE,0.469,,,,,,,,,,,,
"r69320","2024-25","IIT","Kaya Jones","wbb-003597","cherelle jones","transfer_name_variant",0.462698,TRUE,FALSE,FALSE,0.469,,,,,,,,,,,,
"r95875","2026-27","Washburn","Olivia Wren","wbb-016848","olivia wedman","same_team_name_variant",0.064336,FALSE,FALSE,FALSE,0.468,,,,,,,,,,,,
"r96849","2026-27","Crown (MN)","Destiny Casey","wbb-017242","destiny ray","same_team_name_variant",0.064336,FALSE,FALSE,FALSE,0.468,,,,,,,,,,,,
"r60572","2024-25","New Orleans","Shanihya Brown","wbb-004032","dee brown","transfer_name_variant",0.468254,TRUE,FALSE,FALSE,0.466,,,,,,,,,,,,
"r96366","2026-27","Wheeling","Brook Edge","wbb-039085","brooke edge","same_team_name_variant",0.068182,FALSE,FALSE,FALSE,0.466,,,,,,,,,,,,
"r94040","2026-27","Winthrop","Madison Bush-Lewis","wbb-032138","jayla lewis","transfer_name_variant",0.467773,TRUE,FALSE,FALSE,0.466,,,,,,,,,,,,
"r76909","2025-26","Nevada","Gabby Ramos","wbb-005309","gabby rones","same_team_name_variant",0.072727,FALSE,FALSE,FALSE,0.464,,,,,,,,,,,,
"r52893","2023-24","Cedar Crest","Megan Perrine","wbb-011607","megan peifer","same_team_name_variant",0.074709,FALSE,FALSE,FALSE,0.463,,,,,,,,,,,,
"r86671","2026-27","Alcorn State","Dekyra Mitchell","wbb-013108","deja mitchell","same_team_name_variant",0.073846,FALSE,FALSE,FALSE,0.463,,,,,,,,,,,,
"r57304","2024-25","Emory & Henry","Tori West","wbb-002513","tori powers","same_team_name_variant",0.076768,FALSE,FALSE,FALSE,0.462,,,,,,,,,,,,
"r32038","2022-23","Brockport","Mackenzie Higby","wbb-000887","mackenzie grube","same_team_name_variant",0.08,FALSE,FALSE,FALSE,0.46,,,,,,,,,,,,
"r51296","2023-24","Limestone","Madison Cole","wbb-016535","madison clark","same_team_name_variant",0.079487,FALSE,FALSE,FALSE,0.46,,,,,,,,,,,,
"r55554","2024-25","Buena Vista","McKenna Scott","wbb-013406","mckenna cone","same_team_name_variant",0.079487,FALSE,FALSE,FALSE,0.46,,,,,,,,,,,,
"r65153","2024-25","Defiance","Taylor Haynes","wbb-018713","taylor bates","same_team_name_variant",0.079487,FALSE,FALSE,FALSE,0.46,,,,,,,,,,,,
"r78588","2025-26","Saint Benedict","Kate Ebert","wbb-006760","kate seyer","same_team_name_variant",0.08,FALSE,FALSE,FALSE,0.46,,,,,,,,,,,,
"r86296","2025-26","Asbury","Morgan Flannery","wbb-032898","morgan flanagan","same_team_name_variant",0.08,FALSE,FALSE,FALSE,0.46,,,,,,,,,,,,
"r15174","2021-22","DePauw","Ainsley Boras","wbb-002003","ainsley urbanski","same_team_name_variant",0.082051,FALSE,FALSE,FALSE,0.459,,,,,,,,,,,,
"r65153","2024-25","Defiance","Taylor Haynes","wbb-009648","taylor day","same_team_name_variant",0.081538,FALSE,FALSE,FALSE,0.459,,,,,,,,,,,,
"r72377","2025-26","Central (IA)","Hannah Dunkin","wbb-027477","hannah dau","same_team_name_variant",0.081538,FALSE,FALSE,FALSE,0.459,,,,,,,,,,,,
"r72626","2025-26","Clemson","Morgan Lee","wbb-027555","morgan miller","same_team_name_variant",0.081538,FALSE,FALSE,FALSE,0.459,,,,,,,,,,,,
"r84883","2025-26","Texas-Tyler","Leila Davis","wbb-001789","liah davis","same_team_name_variant",0.084545,FALSE,FALSE,FALSE,0.458,,,,,,,,,,,,
"r22579","2021-22","Wisconsin-Whitewater","Rebecca Schauer","wbb-009131","rebekah schumacher","same_team_name_variant",0.086349,FALSE,FALSE,FALSE,0.457,,,,,,,,,,,,
"r22637","2021-22","WPI","Jordan Brown","wbb-009193","jordan wynn","same_team_name_variant",0.086364,FALSE,FALSE,FALSE,0.457,,,,,,,,,,,,
"r36621","2022-23","Pace","Morgan Ryan","wbb-006100","morgan brown","same_team_name_variant",0.086364,FALSE,FALSE,FALSE,0.457,,,,,,,,,,,,
"r40143","2022-23","Springfield","Amanda Leary","wbb-007646","amanda carr","same_team_name_variant",0.086364,FALSE,FALSE,FALSE,0.457,,,,,,,,,,,,
"r44573","2023-24","Ky. Wesleyan","Mariah Jones","wbb-014375","mariah edmonds","same_team_name_variant",0.086797,FALSE,FALSE,FALSE,0.457,,,,,,,,,,,,
"r64497","2024-25","Milwaukee","Kendall Barnes","wbb-009008","kendall nead","same_team_name_variant",0.086797,FALSE,FALSE,FALSE,0.457,,,,,,,,,,,,
"r69427","2024-25","Cal Poly","Avery Carter","wbb-022363","mary carter","same_team_name_variant",0.085859,FALSE,FALSE,FALSE,0.457,,,,,,,,,,,,
"r82039","2025-26","George Fox","Aubrey Case","wbb-009855","aubrey baker","same_team_name_variant",0.086364,FALSE,FALSE,FALSE,0.457,,,,,,,,,,,,
"r83390","2025-26","Howard Payne","Caitlyn Parsons","wbb-033283","caitlyn panuco","same_team_name_variant",0.085238,FALSE,FALSE,FALSE,0.457,,,,,,,,,,,,
"r68752","2024-25","Shorter","Kyla Neal","wbb-012674","kyla raven","same_team_name_variant",0.087222,FALSE,FALSE,FALSE,0.456,,,,,,,,,,,,
"r75773","2025-26","Manhattanville","Madison Carlo","wbb-020322","madison lockery","same_team_name_variant",0.088718,FALSE,FALSE,FALSE,0.456,,,,,,,,,,,,
"r90062","2026-27","MacMurray","Vanessa Mora","wbb-004284","vanessa wharton","same_team_name_variant",0.088182,FALSE,FALSE,FALSE,0.456,,,,,,,,,,,,
"r95955","2026-27","McMurry","Vanessa Mora","wbb-011101","vanessa wharton","same_team_name_variant",0.088182,FALSE,FALSE,FALSE,0.456,,,,,,,,,,,,
"r19677","2021-22","Providence","Olivia Olsen","wbb-006356","olivia orlando","same_team_name_variant",0.090476,FALSE,FALSE,FALSE,0.455,,,,,,,,,,,,
"r53227","2023-24","Transylvania","Grace Bruner","wbb-011935","grace bringard","same_team_name_variant",0.090476,FALSE,FALSE,FALSE,0.455,,,,,,,,,,,,
"r75739","2025-26","Maine","Bailey Breen","wbb-014554","bailey wilborn","same_team_name_variant",0.090476,FALSE,FALSE,FALSE,0.455,,,,,,,,,,,,
"r19753","2021-22","Radford","Makaila Brown","wbb-006430","makaila wilson","same_team_name_variant",0.091808,FALSE,FALSE,FALSE,0.454,,,,,,,,,,,,
"r33839","2022-23","Cal Poly Humboldt","Julia Calvin","wbb-003309","julia iman","same_team_name_variant",0.092222,FALSE,FALSE,FALSE,0.454,,,,,,,,,,,,
"r63778","2024-25","Vassar","Maddie Hooper","wbb-021085","maddie ahearn","same_team_name_variant",0.092308,FALSE,FALSE,FALSE,0.454,,,,,,,,,,,,
"r66000","2024-25","St. Edward's","Jasmyn Jackson","wbb-010446","jazmine jackson","same_team_name_variant",0.091429,FALSE,FALSE,FALSE,0.454,,,,,,,,,,,,
"r75706","2025-26","Maine Maritime","Addison Ivery","wbb-028738","addison forry","same_team_name_variant",0.092308,FALSE,FALSE,FALSE,0.454,,,,,,,,,,,,
"r96363","2026-27","Wheeling","Madison Clark","wbb-031949","maddie clark","same_team_name_variant",0.092735,FALSE,FALSE,FALSE,0.454,,,,,,,,,,,,
"r16861","2021-22","John Carroll","Olivia Giunta","wbb-003651","olivia nagy","same_team_name_variant",0.094336,FALSE,FALSE,FALSE,0.453,,,,,,,,,,,,
"r23671","2021-22","Mars Hill","Hannah Kendall","wbb-010194","hannah chandler","same_team_name_variant",0.093571,FALSE,FALSE,FALSE,0.453,,,,,,,,,,,,
"r36211","2022-23","New England Col.","Mackenzie McDonald","wbb-014887","mackenzie mcnutt","same_team_name_variant",0.093056,FALSE,FALSE,FALSE,0.453,,,,,,,,,,,,
"r44518","2023-24","Keene St.","Sarah Moyer","wbb-003760","sarah howe","same_team_name_variant",0.094545,FALSE,FALSE,FALSE,0.453,,,,,,,,,,,,
"r51330","2023-24","Marian (WI)","Kenna Kirby","wbb-016548","kenna gray","same_team_name_variant",0.094545,FALSE,FALSE,FALSE,0.453,,,,,,,,,,,,
"r66919","2024-25","Southwestern (TX)","Emma Flores","wbb-011170","emma lewis","same_team_name_variant",0.094545,FALSE,FALSE,FALSE,0.453,,,,,,,,,,,,
"r75779","2025-26","Minnesota St.","Natalie Mueller","wbb-020324","natalie bremer","same_team_name_variant",0.093571,FALSE,FALSE,FALSE,0.453,,,,,,,,,,,,
"r94965","2026-27","Lakeland","Paige Vogel","wbb-018922","paige olsen","same_team_name_variant",0.094949,FALSE,FALSE,FALSE,0.453,,,,,,,,,,,,
"r38596","2022-23","Buena Vista","Emily Nothwehr","wbb-000956","emily newton","same_team_name_variant",0.095887,FALSE,FALSE,FALSE,0.452,,,,,,,,,,,,
"r59336","2024-25","Me.-Farmington","Makayla Emerson","wbb-004296","makayla wilson","same_team_name_variant",0.09619,FALSE,FALSE,FALSE,0.452,,,,,,,,,,,,
"r59757","2024-25","Messiah","Brooke Fenchel","wbb-004669","brooke breinich","same_team_name_variant",0.09619,FALSE,FALSE,FALSE,0.452,,,,,,,,,,,,
"r73679","2025-26","Fairleigh Dickinson","Madison Stuart","wbb-002592","madison stanley","same_team_name_variant",0.09619,FALSE,FALSE,FALSE,0.452,,,,,,,,,,,,
"r77725","2025-26","Oregon","Sara Barhoum","wbb-024092","sarah rambus","same_team_name_variant",0.09697,FALSE,FALSE,FALSE,0.452,,,,,,,,,,,,
"r84560","2025-26","Stevenson","Nadia Ferguson","wbb-017106","aysia ferguson","same_team_name_variant",0.095238,FALSE,FALSE,FALSE,0.452,,,,,,,,,,,,
"r88446","2026-27","Tex. A&M-Commerce","MaKenzie White","wbb-002274","makenzie schott","same_team_name_variant",0.09619,FALSE,FALSE,FALSE,0.452,,,,,,,,,,,,
"r72522","2025-26","Chris. Newport","Sydney Worsham","wbb-004473","sydney sherman","same_team_name_variant",0.09881,FALSE,FALSE,FALSE,0.451,,,,,,,,,,,,
"r76542","2025-26","Monmouth","Alexis Andrews","wbb-000023","alexis stewart","same_team_name_variant",0.09881,FALSE,FALSE,FALSE,0.451,,,,,,,,,,,,
"r79977","2025-26","Thiel","Emily Betsinger","wbb-008035","emily peters","same_team_name_variant",0.097273,FALSE,FALSE,FALSE,0.451,,,,,,,,,,,,
"r87128","2026-27","Bloomsburg","Olivia Green","wbb-033751","olivia selverian","same_team_name_variant",0.097348,FALSE,FALSE,FALSE,0.451,,,,,,,,,,,,
"r43037","2023-24","Eastern Michigan","Olivia Westphal","wbb-018080","olivia smith","same_team_name_variant",0.1,FALSE,FALSE,FALSE,0.45,,,,,,,,,,,,
"r43466","2023-24","Franklin Pierce","Abby Chery","wbb-019510","abby rice","same_team_name_variant",0.099722,FALSE,FALSE,FALSE,0.45,,,,,,,,,,,,
"r44713","2023-24","Lake Superior St.","Taylor Stacy","wbb-003938","taylor bryant","same_team_name_variant",0.099487,FALSE,FALSE,FALSE,0.45,,,,,,,,,,,,
"r48731","2023-24","Stonehill","Isabella Mallory","wbb-007748","isabella santoro","same_team_name_variant",0.1,FALSE,FALSE,FALSE,0.45,,,,,,,,,,,,
"r50943","2023-24","Gardner-Webb","Lauren Bailey","wbb-009836","lauren bevis","same_team_name_variant",0.099487,FALSE,FALSE,FALSE,0.45,,,,,,,,,,,,
"r55012","2024-25","Babson","Madison Hart","wbb-000511","madison odam","same_team_name_variant",0.1,FALSE,FALSE,FALSE,0.45,,,,,,,,,,,,
"r62896","2024-25","SIUE","Alexis Warren","wbb-005729","alexis legan","same_team_name_variant",0.099487,FALSE,FALSE,FALSE,0.45,,,,,,,,,,,,
"r71638","2025-26","Bridgewater (VA)","Madison Gaso","wbb-000855","madison baum","same_team_name_variant",0.1,FALSE,FALSE,FALSE,0.45,,,,,,,,,,,,
"r79134","2025-26","Shenandoah","Maddie Belan","wbb-015527","maddie kimble","same_team_name_variant",0.099487,FALSE,FALSE,FALSE,0.45,,,,,,,,,,,,
"r79871","2025-26","Texas Christian","Emily Hunter","wbb-000250","emily fisher","same_team_name_variant",0.1,FALSE,FALSE,FALSE,0.45,,,,,,,,,,,,
"r91815","2026-27","Pfeiffer","Aaliyah Townes","wbb-006212","aaliah walton","same_team_name_variant",0.100899,FALSE,FALSE,FALSE,0.45,,,,,,,,,,,,
"r92712","2026-27","Simpson","Alyssa Goode","wbb-036851","alyssa jones","same_team_name_variant",0.1,FALSE,FALSE,FALSE,0.45,,,,,,,,,,,,
"r94223","2026-27","Wyoming","Hayley Johnson","wbb-009246","jaye johnson","same_team_name_variant",0.099206,FALSE,FALSE,FALSE,0.45,,,,,,,,,,,,
"r49247","2023-24","Army","Taylor Wilson","wbb-008229","taylor sullivan","same_team_name_variant",0.102284,FALSE,FALSE,FALSE,0.449,,,,,,,,,,,,
"r55971","2024-25","Calvin","Lauren VanSumeren","wbb-021697","lauren vanderstelt","same_team_name_variant",0.10116700000000001,FALSE,FALSE,FALSE,0.449,,,,,,,,,,,,
"r62336","2024-25","St. Scholastica","Hanna Hoskin","wbb-024438","hannah kinsey","same_team_name_variant",0.101981,FALSE,FALSE,FALSE,0.449,,,,,,,,,,,,
"r79346","2025-26","Southeast Missouri State","Madison Ayers","wbb-030100","madison roberts","same_team_name_variant",0.102284,FALSE,FALSE,FALSE,0.449,,,,,,,,,,,,
"r86035","2025-26","Rogers St.","Reagan Fowler","wbb-026666","breanna fowler","same_team_name_variant",0.101038,FALSE,FALSE,FALSE,0.449,,,,,,,,,,,,
"r13230","2021-22","Albion","Cierra Calloway","wbb-000140","cierra cole","same_team_name_variant",0.104848,FALSE,FALSE,FALSE,0.448,,,,,,,,,,,,
"r13608","2021-22","Babson","Caroline King","wbb-000509","caroline clark","same_team_name_variant",0.103297,FALSE,FALSE,FALSE,0.448,,,,,,,,,,,,
"r32310","2022-23","Coe","Kennedy Gordon","wbb-013674","kennedy arens","same_team_name_variant",0.103297,FALSE,FALSE,FALSE,0.448,,,,,,,,,,,,
"r52680","2023-24","Sage Colleges","Emily Zeh","wbb-011426","emily pike","same_team_name_variant",0.104444,FALSE,FALSE,FALSE,0.448,,,,,,,,,,,,
"r55549","2024-25","Buena Vista","Olivia Mattson","wbb-000941","olivia larsen","same_team_name_variant",0.103297,FALSE,FALSE,FALSE,0.448,,,,,,,,,,,,
"r64325","2024-25","Wilkes","Madison Olguin","wbb-008855","madison robel","same_team_name_variant",0.103297,FALSE,FALSE,FALSE,0.448,,,,,,,,,,,,
"r64325","2024-25","Wilkes","Madison Olguin","wbb-021165","madison robel","same_team_name_variant",0.103297,FALSE,FALSE,FALSE,0.448,,,,,,,,,,,,
"r64325","2024-25","Wilkes","Madison Olguin","wbb-025042","madison robel","same_team_name_variant",0.103297,FALSE,FALSE,FALSE,0.448,,,,,,,,,,,,
"r76613","2025-26","Morehead State","Kate Dike","wbb-029088","kate novik","same_team_name_variant",0.104444,FALSE,FALSE,FALSE,0.448,,,,,,,,,,,,
"r80942","2025-26","Wilkes","Madison Robel","wbb-030623","madison olguin","same_team_name_variant",0.103297,FALSE,FALSE,FALSE,0.448,,,,,,,,,,,,
"r81542","2025-26","Arcadia","Madelyn Weaver","wbb-021461","madelynn card","same_team_name_variant",0.103297,FALSE,FALSE,FALSE,0.448,,,,,,,,,,,,
"r89310","2026-27","Illinois State","Madison Young","wbb-034999","madison austin","same_team_name_variant",0.103297,FALSE,FALSE,FALSE,0.448,,,,,,,,,,,,
"r92525","2026-27","Samford","Natalie Barnes","wbb-007106","natalie armstrong","same_team_name_variant",0.104062,FALSE,FALSE,FALSE,0.448,,,,,,,,,,,,
"r94737","2026-27","Francis Marion","Trinity Fields","wbb-016391","trinity adams","same_team_name_variant",0.103297,FALSE,FALSE,FALSE,0.448,,,,,,,,,,,,
"r97254","2026-27","Minot St.","Emma Jones","wbb-017391","emma mogen","same_team_name_variant",0.105,FALSE,FALSE,FALSE,0.448,,,,,,,,,,,,
"r13793","2021-22","Bethel (MN)","Courtney Nuest","wbb-000694","courtney mcneill","same_team_name_variant",0.105357,FALSE,FALSE,FALSE,0.447,,,,,,,,,,,,
"r16314","2021-22","Hardin-Simmons","Madison Stratton","wbb-003095","madison hartman","same_team_name_variant",0.106667,FALSE,FALSE,FALSE,0.447,,,,,,,,,,,,
"r22158","2021-22","Western Ky.","Jenna Walker","wbb-008730","jenna kallenberg","same_team_name_variant",0.106439,FALSE,FALSE,FALSE,0.447,,,,,,,,,,,,
"r23725","2021-22","MSU Moorhead","Natalie Jens","wbb-010261","natalie steichen","same_team_name_variant",0.106439,FALSE,FALSE,FALSE,0.447,,,,,,,,,,,,
"r49633","2023-24","Weber State","Taylor Smith","wbb-014873","taylin smith","same_team_name_variant",0.106667,FALSE,FALSE,FALSE,0.447,,,,,,,,,,,,
"r49674","2023-24","Wentworth","Samantha Jones","wbb-008644","samantha cormier","same_team_name_variant",0.105357,FALSE,FALSE,FALSE,0.447,,,,,,,,,,,,
"r50721","2023-24","Concordia Wisconsin","Aubrey DeBuach","wbb-009636","aubrey buchholtz","same_team_name_variant",0.105357,FALSE,FALSE,FALSE,0.447,,,,,,,,,,,,
"r53871","2023-24","Sioux Falls","Danielle Misaas","wbb-017401","danielle schaub","same_team_name_variant",0.106667,FALSE,FALSE,FALSE,0.447,,,,,,,,,,,,
"r54669","2024-25","Allegheny","Bella Wilson","wbb-019008","bella wier","same_team_name_variant",0.106667,FALSE,FALSE,FALSE,0.447,,,,,,,,,,,,
"r60168","2024-25","Moravian","Megan Elias","wbb-005056","meghan ansel","same_team_name_variant",0.106768,FALSE,FALSE,FALSE,0.447,,,,,,,,,,,,
"r64464","2024-25","Wisconsin-La Crosse","Aaliyah Hamilton","wbb-021191","aaliyah mcmillan","same_team_name_variant",0.105769,FALSE,FALSE,FALSE,0.447,,,,,,,,,,,,
"r65120","2024-25","Concordia Wisconsin","Aubrey DeBauch","wbb-009636","aubrey buchholtz","same_team_name_variant",0.105357,FALSE,FALSE,FALSE,0.447,,,,,,,,,,,,
"r75865","2025-26","Marshall","Olivia Olson","wbb-021560","olivia ziolkowski","same_team_name_variant",0.105437,FALSE,FALSE,FALSE,0.447,,,,,,,,,,,,
"r78927","2025-26","Salve Regina","Hannah Lauenstein","wbb-007076","hannah autenrieth","same_team_name_variant",0.106303,FALSE,FALSE,FALSE,0.447,,,,,,,,,,,,
"r80060","2025-26","Troy","Jasmine Timmons","wbb-008131","jasmine robinson","same_team_name_variant",0.106667,FALSE,FALSE,FALSE,0.447,,,,,,,,,,,,
"r86303","2025-26","Asbury","Grace Bale","wbb-032896","grace hanlon","same_team_name_variant",0.106667,FALSE,FALSE,FALSE,0.447,,,,,,,,,,,,
"r87972","2026-27","Coe","Katie Hein","wbb-022609","katie keeney","same_team_name_variant",0.106667,FALSE,FALSE,FALSE,0.447,,,,,,,,,,,,
"r88838","2026-27","Fort Valley St.","Anaya Ferguson","wbb-028023","ja nya ferguson","same_team_name_variant",0.106716,FALSE,FALSE,FALSE,0.447,,,,,,,,,,,,
"r89291","2026-27","Illinois Col.","Madison Nettles","wbb-003385","madison schoenfeld","same_team_name_variant",0.105299,FALSE,FALSE,FALSE,0.447,,,,,,,,,,,,
"r18799","2021-22","North Alabama","Olivia Jones","wbb-005526","olivia noah","same_team_name_variant",0.108586,FALSE,FALSE,FALSE,0.446,,,,,,,,,,,,
"r57067","2024-25","Eastern Conn. St.","Marissa Nudd","wbb-002297","mariah dunn","same_team_name_variant",0.108586,FALSE,FALSE,FALSE,0.446,,,,,,,,,,,,
"r68642","2024-25","McKendree","Morgan Feil","wbb-017427","morgan nettles","same_team_name_variant",0.107792,FALSE,FALSE,FALSE,0.446,,,,,,,,,,,,
"r71835","2025-26","Cal Poly","Arissa Garcia","wbb-013435","maia garcia","same_team_name_variant",0.107226,FALSE,FALSE,FALSE,0.446,,,,,,,,,,,,
"r86632","2026-27","Albany St. (GA)","Taylor Harris","wbb-026815","tayelor davis","same_team_name_variant",0.107692,FALSE,FALSE,FALSE,0.446,,,,,,,,,,,,
"r91558","2026-27","Occidental","Chelsea Lee","wbb-015076","chelsea groves","same_team_name_variant",0.107792,FALSE,FALSE,FALSE,0.446,,,,,,,,,,,,
"r92346","2026-27","St. John's","Asia Donald","wbb-017817","jailah donald","same_team_name_variant",0.107226,FALSE,FALSE,FALSE,0.446,,,,,,,,,,,,
"r95070","2026-27","Minnesota-Morris","Claire Utes","wbb-038251","claire stark","same_team_name_variant",0.108586,FALSE,FALSE,FALSE,0.446,,,,,,,,,,,,
"r97412","2026-27","Walsh","Caroline Bayliff","wbb-026571","caroline guy","same_team_name_variant",0.108333,FALSE,FALSE,FALSE,0.446,,,,,,,,,,,,
"r27883","2022-23","Appalachian State","Alexis Black","wbb-007231","alexia allesch","same_team_name_variant",0.110476,FALSE,FALSE,FALSE,0.445,,,,,,,,,,,,
"r28740","2022-23","Harvard","Gabby Anderson","wbb-003135","gabby donaldson","same_team_name_variant",0.110238,FALSE,FALSE,FALSE,0.445,,,,,,,,,,,,
"r30315","2022-23","UT-Rio Grande Valley","Mariam Traore","wbb-015155","mariya taser","same_team_name_variant",0.109487,FALSE,FALSE,FALSE,0.445,,,,,,,,,,,,
"r70042","2024-25","Western Connecticut St.","Sydney Craig","wbb-008709","sydney gouveia","same_team_name_variant",0.110476,FALSE,FALSE,FALSE,0.445,,,,,,,,,,,,
"r71173","2025-26","Aurora","Payton Beck","wbb-022163","payton reid","same_team_name_variant",0.109091,FALSE,FALSE,FALSE,0.445,,,,,,,,,,,,
"r73639","2025-26","Evansville","Sydney Huber","wbb-022903","sydney bradley","same_team_name_variant",0.110476,FALSE,FALSE,FALSE,0.445,,,,,,,,,,,,
"r73728","2025-26","Ferrum","Jordan Fisher","wbb-002611","jordan ellis","same_team_name_variant",0.109487,FALSE,FALSE,FALSE,0.445,,,,,,,,,,,,
"r85955","2025-26","Berea","Nevaeh Carsby","wbb-012784","nevaeh bates","same_team_name_variant",0.109487,FALSE,FALSE,FALSE,0.445,,,,,,,,,,,,
"r86287","2025-26","Asbury","Camryn Poole","wbb-032899","camryn preston","same_team_name_variant",0.110476,FALSE,FALSE,FALSE,0.445,,,,,,,,,,,,
"r95133","2026-27","Newberry","Talia Busser","wbb-010315","talia roberts","same_team_name_variant",0.109487,FALSE,FALSE,FALSE,0.445,,,,,,,,,,,,
"r14625","2021-22","Centenary (LA)","Brianna Thomas","wbb-001472","brianna worthy","same_team_name_variant",0.112987,FALSE,FALSE,FALSE,0.444,,,,,,,,,,,,
"r16826","2021-22","Jacksonville","Ashley Sneed","wbb-003616","ashley malone","same_team_name_variant",0.111538,FALSE,FALSE,FALSE,0.444,,,,,,,,,,,,
"r17981","2021-22","Michigan State","Lauren Walker","wbb-004726","lauren rewers","same_team_name_variant",0.112308,FALSE,FALSE,FALSE,0.444,,,,,,,,,,,,
"r26905","2022-23","California Baptist","Georgia Kehoe","wbb-012544","georgia dale","same_team_name_variant",0.111538,FALSE,FALSE,FALSE,0.444,,,,,,,,,,,,
"r31528","2022-23","Montevallo","Savannah Cook","wbb-010250","savannah lee","same_team_name_variant",0.111538,FALSE,FALSE,FALSE,0.444,,,,,,,,,,,,
"r36613","2022-23","Otterbein","Natalie Allen","wbb-006070","natalie galaida","same_team_name_variant",0.112821,FALSE,FALSE,FALSE,0.444,,,,,,,,,,,,
"r37823","2022-23","Texas Woman's","Jordan Jackson","wbb-007967","jordan jenkins","same_team_name_variant",0.112987,FALSE,FALSE,FALSE,0.444,,,,,,,,,,,,
"r39898","2022-23","Hope","Lauren Leach","wbb-003256","lauren newman","same_team_name_variant",0.111538,FALSE,FALSE,FALSE,0.444,,,,,,,,,,,,
"r40311","2022-23","Husson","Sydney Loring","wbb-010039","sydney allen","same_team_name_variant",0.111538,FALSE,FALSE,FALSE,0.444,,,,,,,,,,,,
"r44770","2023-24","Lebanon Valley","Rachel Witkoski","wbb-003991","rachel wright","same_team_name_variant",0.112821,FALSE,FALSE,FALSE,0.444,,,,,,,,,,,,
"r47831","2023-24","St. John's","Jayda Brown","wbb-003215","jakayla brown","same_team_name_variant",0.112448,FALSE,FALSE,FALSE,0.444,,,,,,,,,,,,
"r51236","2023-24","LaGrange","Grace Bryson","wbb-010086","gracie brunel","same_team_name_variant",0.111538,FALSE,FALSE,FALSE,0.444,,,,,,,,,,,,
"r52019","2023-24","Franklin","Lauren Barker","wbb-021913","lauryn bates","same_team_name_variant",0.111538,FALSE,FALSE,FALSE,0.444,,,,,,,,,,,,
"r52835","2023-24","Tusculum","Jordyn Roderick","wbb-011548","jordan rogers","same_team_name_variant",0.112821,FALSE,FALSE,FALSE,0.444,,,,,,,,,,,,
"r55438","2024-25","Bridgewater (VA)","Taylor Lester","wbb-000869","taylor stafford","same_team_name_variant",0.112821,FALSE,FALSE,FALSE,0.444,,,,,,,,,,,,
"r57248","2024-25","Elmira","Mallory Schultz","wbb-022870","mallory welty","same_team_name_variant",0.112821,FALSE,FALSE,FALSE,0.444,,,,,,,,,,,,
"r59420","2024-25","Marietta","Madison Lynn","wbb-004393","madison cecil","same_team_name_variant",0.111538,FALSE,FALSE,FALSE,0.444,,,,,,,,,,,,
"r64120","2024-25","West Virginia","Jordan Thomas","wbb-018454","jordan harrison","same_team_name_variant",0.111375,FALSE,FALSE,FALSE,0.444,,,,,,,,,,,,
"r64903","2024-25","Bluefield St.","Tianna Rhodes","wbb-009443","tianna crockett","same_team_name_variant",0.112821,FALSE,FALSE,FALSE,0.444,,,,,,,,,,,,
"r68204","2024-25","Saint Vincent","Madison Hertzler","wbb-012234","madison weber","same_team_name_variant",0.111451,FALSE,FALSE,FALSE,0.444,,,,,,,,,,,,
"r72528","2025-26","Chris. Newport","Sydney Richardson","wbb-004473","sydney sherman","same_team_name_variant",0.112395,FALSE,FALSE,FALSE,0.444,,,,,,,,,,,,
"r77654","2025-26","Olivet","Alexis Woodbeck","wbb-005995","alexis rhodes","same_team_name_variant",0.112821,FALSE,FALSE,FALSE,0.444,,,,,,,,,,,,
"r78815","2025-26","St. Norbert","Makayla Foley","wbb-029883","makayla hayes","same_team_name_variant",0.112308,FALSE,FALSE,FALSE,0.444,,,,,,,,,,,,
"r79195","2025-26","Simpson","Alyssa Jones","wbb-007292","alyssa rostad","same_team_name_variant",0.111538,FALSE,FALSE,FALSE,0.444,,,,,,,,,,,,
"r79376","2025-26","UMass Dartmouth","Riley Graveline","wbb-002295","riley griffin","same_team_name_variant",0.112821,FALSE,FALSE,FALSE,0.444,,,,,,,,,,,,
"r79631","2025-26","Stevens","Isabella Curanovic","wbb-020871","isabella duval","same_team_name_variant",0.111905,FALSE,FALSE,FALSE,0.444,,,,,,,,,,,,
"r81250","2025-26","Wisconsin-Superior","Maddie Reott","wbb-009116","maddie larson","same_team_name_variant",0.111538,FALSE,FALSE,FALSE,0.444,,,,,,,,,,,,
"r82253","2025-26","Huntingdon","Madison Turner","wbb-010018","madison schluter","same_team_name_variant",0.111905,FALSE,FALSE,FALSE,0.444,,,,,,,,,,,,
"r84147","2025-26","Colo. Christian","Nicole Burns","wbb-011439","nicole bowlin","same_team_name_variant",0.111538,FALSE,FALSE,FALSE,0.444,,,,,,,,,,,,
"r84414","2025-26","William Peace","Alyssa Monroe","wbb-017081","alyssa brake","same_team_name_variant",0.111538,FALSE,FALSE,FALSE,0.444,,,,,,,,,,,,
"r88225","2026-27","Delaware State","Mariah Jones","wbb-034375","aniyah jones","same_team_name_variant",0.111111,FALSE,FALSE,FALSE,0.444,,,,,,,,,,,,
"r88621","2026-27","Emory","Claire Barber","wbb-002524","claire brock","same_team_name_variant",0.111538,FALSE,FALSE,FALSE,0.444,,,,,,,,,,,,
"r89536","2026-27","James Madison","Maddie Leach","wbb-035090","maddie oliver","same_team_name_variant",0.111538,FALSE,FALSE,FALSE,0.444,,,,,,,,,,,,
"r91325","2026-27","North Park","Caroline Barlar","wbb-023974","caroline long","same_team_name_variant",0.112821,FALSE,FALSE,FALSE,0.444,,,,,,,,,,,,
"r92712","2026-27","Simpson","Alyssa Goode","wbb-007292","alyssa rostad","same_team_name_variant",0.111538,FALSE,FALSE,FALSE,0.444,,,,,,,,,,,,
"r94884","2026-27","Huntingdon","Madison Ivey-Dowdwell","wbb-018884","madison gill","same_team_name_variant",0.111905,FALSE,FALSE,FALSE,0.444,,,,,,,,,,,,
"r95416","2026-27","Tiffin","Peyton Mounce","wbb-025714","peyton magee","same_team_name_variant",0.111538,FALSE,FALSE,FALSE,0.444,,,,,,,,,,,,
"r96210","2026-27","Embry-Riddle (FL)","Alyssa Marino","wbb-026033","alyssa brasko","same_team_name_variant",0.112308,FALSE,FALSE,FALSE,0.444,,,,,,,,,,,,
"r40717","2023-24","Alfred","Briana Dorr","wbb-000184","briana broadwell","same_team_name_variant",0.113182,FALSE,FALSE,FALSE,0.443,,,,,,,,,,,,
"r59261","2024-25","Lycoming","Allison Fisher","wbb-004234","allison wagner","same_team_name_variant",0.114286,FALSE,FALSE,FALSE,0.443,,,,,,,,,,,,
"r59261","2024-25","Lycoming","Allison Fisher","wbb-004243","allison butler","same_team_name_variant",0.114286,FALSE,FALSE,FALSE,0.443,,,,,,,,,,,,
"r59877","2024-25","Middlebury","Meghan McDonald","wbb-004787","reagan mcdonald","same_team_name_variant",0.11453,FALSE,FALSE,FALSE,0.443,,,,,,,,,,,,
"r60327","2024-25","UNC Asheville","Trinity Barnes","wbb-023813","trinity fields","same_team_name_variant",0.114286,FALSE,FALSE,FALSE,0.443,,,,,,,,,,,,
"r62891","2024-25","SIUE","Olivia Loveland","wbb-008160","olivia clayton","same_team_name_variant",0.114372,FALSE,FALSE,FALSE,0.443,,,,,,,,,,,,
"r70637","2025-26","Adrian","Abigail Malone","wbb-026761","abigayl haller","same_team_name_variant",0.114286,FALSE,FALSE,FALSE,0.443,,,,,,,,,,,,
"r80862","2025-26","Wheaton (MA)","Alex Dore","wbb-008797","alexis romer","same_team_name_variant",0.113889,FALSE,FALSE,FALSE,0.443,,,,,,,,,,,,
"r86005","2025-26","Northwestern Okla.","Camille Pritchard","wbb-017509","camille thomas","same_team_name_variant",0.113445,FALSE,FALSE,FALSE,0.443,,,,,,,,,,,,
"r86255","2025-26","SUNY Delhi","Kayleigh Tobin","wbb-026738","kayleigh allen","same_team_name_variant",0.114286,FALSE,FALSE,FALSE,0.443,,,,,,,,,,,,
"r17917","2021-22","Merrimack","Marissa Hamilton","wbb-004656","marissa gattuso","same_team_name_variant",0.115833,FALSE,FALSE,FALSE,0.442,,,,,,,,,,,,
"r22705","2021-22","Yale","Mackenzie Egger","wbb-009264","mackenzie hewitt","same_team_name_variant",0.115833,FALSE,FALSE,FALSE,0.442,,,,,,,,,,,,
"r26148","2021-22","Sioux Falls","Madison Birnbaum","wbb-012515","madison wuebben","same_team_name_variant",0.115,FALSE,FALSE,FALSE,0.442,,,,,,,,,,,,
"r37362","2022-23","Shenandoah","Zoe Smith","wbb-007237","zoe star","same_team_name_variant",0.116667,FALSE,FALSE,FALSE,0.442,,,,,,,,,,,,
"r38374","2022-23","Wis.-Platteville","Madalyn Reichmann","wbb-009060","madalyn bohn","same_team_name_variant",0.115686,FALSE,FALSE,FALSE,0.442,,,,,,,,,,,,
"r38724","2022-23","Southwestern (TX)","Kaitlyn Rzasnicki","wbb-011167","kaitlyn atkinson","same_team_name_variant",0.115328,FALSE,FALSE,FALSE,0.442,,,,,,,,,,,,
"r43623","2023-24","Georgia State","Crystal Henderson","wbb-002884","taylor henderson","same_team_name_variant",0.115605,FALSE,FALSE,FALSE,0.442,,,,,,,,,,,,
"r44402","2023-24","John Carroll","Olivia Donnelly","wbb-003651","olivia nagy","same_team_name_variant",0.116364,FALSE,FALSE,FALSE,0.442,,,,,,,,,,,,
"r45043","2023-24","Lycoming","Emily Orth","wbb-004239","emily lockard","same_team_name_variant",0.116923,FALSE,FALSE,FALSE,0.442,,,,,,,,,,,,
"r46998","2023-24","Otterbein","Abby Rawlings","wbb-015137","abby brown","same_team_name_variant",0.116923,FALSE,FALSE,FALSE,0.442,,,,,,,,,,,,
"r51801","2023-24","Waynesburg","Emily Beck","wbb-019182","emily bennett","same_team_name_variant",0.116923,FALSE,FALSE,FALSE,0.442,,,,,,,,,,,,
"r65241","2024-25","Emporia St.","Elizabeth Tjaden","wbb-018754","elizabeth milligan","same_team_name_variant",0.116667,FALSE,FALSE,FALSE,0.442,,,,,,,,,,,,
"r65315","2024-25","Fort Lewis","Caitlyn Benally","wbb-009315","kaitlyn bell","same_team_name_variant",0.116667,FALSE,FALSE,FALSE,0.442,,,,,,,,,,,,
"r69651","2024-25","Keene St.","Elizabeth Winsor","wbb-003757","elizabeth gonyea","same_team_name_variant",0.116667,FALSE,FALSE,FALSE,0.442,,,,,,,,,,,,
"r69948","2024-25","San Diego State","Natalia Martinez","wbb-017916","natalija grizelj","same_team_name_variant",0.116667,FALSE,FALSE,FALSE,0.442,,,,,,,,,,,,
"r91295","2026-27","North Dakota State","Georgia Ell","wbb-002327","georgia baldwin","same_team_name_variant",0.116364,FALSE,FALSE,FALSE,0.442,,,,,,,,,,,,
"r44266","2023-24","UIndy","Jada Haines","wbb-020168","jada lake","same_team_name_variant",0.117172,FALSE,FALSE,FALSE,0.441,,,,,,,,,,,,
"r47289","2023-24","Puget Sound","Paige Oh","wbb-006364","paige gerhart","same_team_name_variant",0.117308,FALSE,FALSE,FALSE,0.441,,,,,,,,,,,,
"r51054","2023-24","Hanover","Emma Winsor","wbb-009960","emma ward","same_team_name_variant",0.117172,FALSE,FALSE,FALSE,0.441,,,,,,,,,,,,
"r77265","2025-26","North Park","Ava Couture","wbb-020617","ava foote","same_team_name_variant",0.117172,FALSE,FALSE,FALSE,0.441,,,,,,,,,,,,
"r83973","2025-26","North Greenville","Amiyah Clark-Lamelle","wbb-031849","amiyah ware","same_team_name_variant",0.118182,FALSE,FALSE,FALSE,0.441,,,,,,,,,,,,
"r87095","2026-27","Bethune-Cookman","Kayla Lee","wbb-013292","kayla white","same_team_name_variant",0.117172,FALSE,FALSE,FALSE,0.441,,,,,,,,,,,,
"r87095","2026-27","Bethune-Cookman","Kayla Lee","wbb-013293","kayla clark","same_team_name_variant",0.117172,FALSE,FALSE,FALSE,0.441,,,,,,,,,,,,
"r18025","2021-22","Middle Tennessee","Anastasiia Boldyreva","wbb-004771","anastasia hayes","same_team_name_variant",0.119744,FALSE,FALSE,FALSE,0.44,,,,,,,,,,,,
"r18090","2021-22","Millsaps","Emily Adams","wbb-004843","emily sims","same_team_name_variant",0.119545,FALSE,FALSE,FALSE,0.44,,,,,,,,,,,,
"r36113","2022-23","Muskingum","Abby Boeing","wbb-005175","abby jones","same_team_name_variant",0.119545,FALSE,FALSE,FALSE,0.44,,,,,,,,,,,,
"r44742","2023-24","Lawrence","Kylie Loomis","wbb-003973","kylie neilson","same_team_name_variant",0.119487,FALSE,FALSE,FALSE,0.44,,,,,,,,,,,,
"r48201","2023-24","Seattle Pacific","Grace Turley","wbb-020891","grace leasure","same_team_name_variant",0.119487,FALSE,FALSE,FALSE,0.44,,,,,,,,,,,,
"r71058","2025-26","Ashland","Sophie Ziel","wbb-020246","sophia niese","same_team_name_variant",0.119697,FALSE,FALSE,FALSE,0.44,,,,,,,,,,,,
"r75693","2025-26","Macalester","Emma Karlin","wbb-004265","emma lafrenz","same_team_name_variant",0.119697,FALSE,FALSE,FALSE,0.44,,,,,,,,,,,,
"r87972","2026-27","Coe","Katie Hein","wbb-019249","katie smith","same_team_name_variant",0.119545,FALSE,FALSE,FALSE,0.44,,,,,,,,,,,,
"r95137","2026-27","Newberry","Chloe Grant","wbb-025596","chloe andrew","same_team_name_variant",0.119697,FALSE,FALSE,FALSE,0.44,,,,,,,,,,,,
"r91809","2026-27","Pfeiffer","Kairah Dixon-Booker","wbb-018153","shy booker","transfer_name_variant",0.52807,TRUE,FALSE,FALSE,0.436,,,,,,,,,,,,
"r45984","2023-24","CMSV","Anastasia Davis","wbb-004322","dee dee davis","transfer_name_variant",0.546154,TRUE,FALSE,FALSE,0.427,,,,,,,,,,,,
"r14625","2021-22","Centenary (LA)","Brianna Thomas","wbb-011574","brianna thomas","ambiguous_transfer",,TRUE,TRUE,,,,,,,,,,,,,,
"r14625","2021-22","Centenary (LA)","Brianna Thomas","wbb-012147","brianna thomas","ambiguous_transfer",,TRUE,TRUE,,,,,,,,,,,,,,
"r14640","2021-22","Centenary (LA)","Salma Eddahiri","wbb-006446","salma eddahiri","ambiguous_transfer",,TRUE,FALSE,,,,,,,,,,,,,,
"r14640","2021-22","Centenary (LA)","Salma Eddahiri","wbb-011572","salma eddahiri","ambiguous_transfer",,TRUE,TRUE,,,,,,,,,,,,,,
"r20544","2021-22","San Jose State","Ella Ogier","wbb-005279","ella ogier","ambiguous_transfer",,FALSE,TRUE,,,,,,,,,,,,,,
"r20544","2021-22","San Jose State","Ella Ogier","wbb-006816","ella ogier","ambiguous_transfer",,FALSE,TRUE,,,,,,,,,,,,,,
"r13102","2021-22","Adelphi","Stavriana Dimitrakopoulou","wbb-012282","stavriana dimitrakopoulou","same_name_unconfirmed_transfer",,,,,,"William Smith","no_evidence","none",TRUE,TRUE,,,,,,,
"r13108","2021-22","Akron","Annika Corcoran","wbb-002111","annika corcoran","same_name_unconfirmed_transfer",,,,,,"Detroit Mercy","no_evidence","none",TRUE,TRUE,,,,,,,
"r13336","2021-22","American International","Kyla Smith","wbb-002227","kyla smith","same_name_unconfirmed_transfer",,,,,,"Earlham","no_evidence","none",TRUE,TRUE,,,,,,,
"r14055","2021-22","Bryant","Kemari Reynolds","wbb-006169","kemari reynolds","same_name_unconfirmed_transfer",,,,,,"Pennsylvania","no_evidence","none",TRUE,TRUE,,,,,,,
"r14258","2021-22","Cal State Fullerton","Nancy Panagiotopoulou-Andritsopoulou","wbb-003437","nancy panagiotopoulou andritsopoulou","same_name_unconfirmed_transfer",,,,,,"Illinois","no_evidence","none",TRUE,TRUE,,,,,,,
"r14261","2021-22","Cal State Fullerton","Lily Wahinekapu","wbb-003153","lily wahinekapu","same_name_unconfirmed_transfer",,,,,,"Hawaii","no_evidence","none",TRUE,TRUE,,,,,,,
"r14266","2021-22","Cal State Fullerton","Fujika Nimmo","wbb-002670","fujika nimmo","same_name_unconfirmed_transfer",,,,,,"FIU","no_evidence","none",TRUE,TRUE,,,,,,,
"r14289","2021-22","Long Beach State","Teodora Popovic","wbb-002824","teodora popovic","same_name_unconfirmed_transfer",,,,,,"George Mason","no_evidence","none",TRUE,TRUE,,,,,,,
"r14423","2021-22","UC Riverside","Anna Blount","wbb-005292","anna blount","same_name_unconfirmed_transfer",,,,,,"UNLV","no_evidence","none",TRUE,TRUE,,,,,,,
"r14645","2021-22","Central Connecticut","Eden Nibbelink","wbb-002559","eden nibbelink","same_name_unconfirmed_transfer",,,,,,"Fairfield","no_evidence","none",TRUE,TRUE,,,,,,,
"r15027","2021-22","UConn","Dorka Juhász","wbb-005923","dorka juhasz","same_name_unconfirmed_transfer",,,,,,"Ohio State","no_evidence","none",TRUE,TRUE,,,,,,,
"r15157","2021-22","DePaul","Kierra Collier","wbb-002129","kierra collier","same_name_unconfirmed_transfer",,,,,,"Drake","no_evidence","none",TRUE,TRUE,,,,,,,
"r15258","2021-22","Denver","Makayla Minett","wbb-003295","makayla minett","same_name_unconfirmed_transfer",,,,,,"Howard","no_evidence","none",TRUE,TRUE,,,,,,,
"r15293","2021-22","Dist. Columbia","Tori Williams","wbb-001784","tori williams","same_name_unconfirmed_transfer",,,,,,"Colorado St.","no_evidence","none",TRUE,TRUE,,,,,,,
"r15387","2021-22","Duquesne","Fatou Pouye","wbb-008728","fatou pouye","same_name_unconfirmed_transfer",,,,,,"Western Ky.","no_evidence","none",TRUE,TRUE,,,,,,,
"r15490","2021-22","Eastern Kentucky","Arina Khlopkova","wbb-008005","arina khlopkova","same_name_unconfirmed_transfer",,,,,,"Texas-El Paso","no_evidence","none",TRUE,TRUE,,,,,,,
"r15723","2021-22","Evansville","Celine Dupont","wbb-005416","celine dupont","same_name_unconfirmed_transfer",,,,,,"New Mexico","no_evidence","none",TRUE,TRUE,,,,,,,
"r15864","2021-22","FIU","Grace Hunter","wbb-005731","grace hunter","same_name_unconfirmed_transfer",,,,,,"Northern Illinois","no_evidence","none",TRUE,TRUE,,,,,,,
"r15980","2021-22","Frostburg St.","Samiya Esema","wbb-012625","samiya esema","same_name_unconfirmed_transfer",,,,,,"Walsh","no_evidence","none",TRUE,TRUE,,,,,,,
"r16066","2021-22","Georgetown","Ariel Jenkins","wbb-002598","ariel jenkins","same_name_unconfirmed_transfer",,,,,,"Ferris St.","no_evidence","none",TRUE,TRUE,,,,,,,
"r16170","2021-22","Gonzaga","Maud Huijbens","wbb-007799","maud huijbens","same_name_unconfirmed_transfer",,,,,,"Syracuse","no_evidence","none",TRUE,TRUE,,,,,,,
"r16334","2021-22","Hartford","Lya Farcy","wbb-006531","lya farcy","same_name_unconfirmed_transfer",,,,,,"Rhode Island","no_evidence","none",TRUE,TRUE,,,,,,,
"r16353","2021-22","Hartwick","Alexis Mark","wbb-000764","alexis mark","same_name_unconfirmed_transfer",,,,,,"Boise State","no_evidence","none",TRUE,TRUE,,,,,,,
"r16495","2021-22","Houston","Fatou Diagne","wbb-006387","fatou diagne","same_name_unconfirmed_transfer",,,,,,"Purdue","no_evidence","none",TRUE,TRUE,,,,,,,
"r16547","2021-22","Idaho St.","Ivvana Murillo","wbb-007118","ivvana murillo","same_name_unconfirmed_transfer",,,,,,"San Diego State","no_evidence","none",TRUE,TRUE,,,,,,,
"r16639","2021-22","Illinois","Sara Anastasieska","wbb-002189","sara anastasieska","same_name_unconfirmed_transfer",,,,,,"Duke","no_evidence","none",TRUE,TRUE,,,,,,,
"r16669","2021-22","Indiana State","Florence Tshimanga","wbb-007558","florence tshimanga","same_name_unconfirmed_transfer",,,,,,"Southern Methodist","no_evidence","none",TRUE,TRUE,,,,,,,
"r16755","2021-22","Iowa State","Beatriz Jordão","wbb-007410","beatriz jordao","same_name_unconfirmed_transfer",,,,,,"South Florida","no_evidence","none",TRUE,TRUE,,,,,,,
"r17091","2021-22","LaSalle","Gabby Crawford","wbb-005071","gabby crawford","same_name_unconfirmed_transfer",,,,,,"Morehead State","no_evidence","none",TRUE,TRUE,,,,,,,
"r17293","2021-22","Long Island","Trinity Copeland","wbb-012716","trinity copeland","same_name_unconfirmed_transfer",,,,,,"Houghton","no_evidence","none",TRUE,TRUE,,,,,,,
"r17302","2021-22","Long Island","Danielle Grim","wbb-004637","danielle grim","same_name_unconfirmed_transfer",,,,,,"Mercyhurst","no_evidence","none",TRUE,TRUE,,,,,,,
"r17321","2021-22","Loras","Tess Johnson","wbb-009099","tess johnson","same_name_unconfirmed_transfer",,,,,,"Wisconsin-Stout","no_evidence","none",TRUE,TRUE,,,,,,,
"r17358","2021-22","Louisiana Tech","Gabbie Green","wbb-006234","gabbie green","same_name_unconfirmed_transfer",,,,,,"Pittsburgh","no_evidence","none",TRUE,TRUE,,,,,,,
"r17769","2021-22","Maryville (MO)","Jenna Cotter","wbb-006324","jenna cotter","same_name_unconfirmed_transfer",,,,,,"SUNY Potsdam","no_evidence","none",TRUE,TRUE,,,,,,,
"r17824","2021-22","McNeese State","Clara Rosini","wbb-002324","clara rosini","same_name_unconfirmed_transfer",,,,,,"Eastern Kentucky","no_evidence","none",TRUE,TRUE,,,,,,,
"r17825","2021-22","McNeese State","Autumn Watts","wbb-005421","autumn watts","same_name_unconfirmed_transfer",,,,,,"New Mexico","no_evidence","none",TRUE,TRUE,,,,,,,
"r17827","2021-22","McNeese State","Zuzanna Kulinska","wbb-001797","zuzanna kulinska","same_name_unconfirmed_transfer",,,,,,"Colorado","no_evidence","none",TRUE,TRUE,,,,,,,
"r17829","2021-22","McNeese State","Lana Skripkina","wbb-005085","lana skripkina","same_name_unconfirmed_transfer",,,,,,"Morgan St.","no_evidence","none",TRUE,TRUE,,,,,,,
"r17831","2021-22","McNeese State","Cristina Gil","wbb-000757","cristina gil","same_name_unconfirmed_transfer",,,,,,"Boise State","no_evidence","none",TRUE,TRUE,,,,,,,
"r17918","2021-22","Merrimack","Carla Balague","wbb-009895","carla balague","same_name_unconfirmed_transfer",,,,,,"Grand Canyon","no_evidence","none",TRUE,TRUE,,,,,,,
"r18024","2021-22","Middle Tennessee","Dor Saar","wbb-004313","dor saar","same_name_unconfirmed_transfer",,,,,,"Maine","no_evidence","none",TRUE,TRUE,,,,,,,
"r18049","2021-22","Miles","Camryn London","wbb-002969","camryn london","same_name_unconfirmed_transfer",,,,,,"Grambling","no_evidence","none",TRUE,TRUE,,,,,,,
"r18326","2021-22","Morehead State","Julan McDonald","wbb-004598","julan mcdonald","same_name_unconfirmed_transfer",,,,,,"Memphis","no_evidence","none",TRUE,TRUE,,,,,,,
"r18402","2021-22","Murray State","Takiya Howard","wbb-007524","takiya howard","same_name_unconfirmed_transfer",,,,,,"Southern Ind.","no_evidence","none",TRUE,TRUE,,,,,,,
"r18794","2021-22","North Alabama","Kenley Woods","wbb-012665","kenley woods","same_name_unconfirmed_transfer",,,,,,"Shorter","no_evidence","none",TRUE,TRUE,,,,,,,
"r18801","2021-22","North Alabama","Reagan Hune","wbb-010286","reagan hune","same_name_unconfirmed_transfer",,,,,,"Mount Olive","no_evidence","none",TRUE,TRUE,,,,,,,
"r18831","2021-22","North Carolina Central","Aniya Finger","wbb-008920","aniya finger","same_name_unconfirmed_transfer",,,,,,"Winston-Salem","no_evidence","none",TRUE,TRUE,,,,,,,
"r18968","2021-22","Northeastern","Donna Ntambue","wbb-008313","donna ntambue","same_name_unconfirmed_transfer",,,,,,"Utah","no_evidence","none",TRUE,TRUE,,,,,,,
"r18999","2021-22","Northern Colorado","Zoe Campbell","wbb-011282","zoe campbell","same_name_unconfirmed_transfer",,,,,,"Mo. Southern St.","no_evidence","none",TRUE,TRUE,,,,,,,
"r19345","2021-22","Oregon","Taylor Hosendove","wbb-002878","taylor hosendove","same_name_unconfirmed_transfer",,,,,,"Georgia State","no_evidence","none",TRUE,TRUE,,,,,,,
"r19544","2021-22","Pittsburgh","Maliyah Johnson","wbb-007917","maliyah johnson","same_name_unconfirmed_transfer",,,,,,"Texas A&M","no_evidence","none",TRUE,TRUE,,,,,,,
"r19756","2021-22","Radford","Bailee Adkins","wbb-001975","bailee adkins","same_name_unconfirmed_transfer",,,,,,"Dayton","no_evidence","none",TRUE,TRUE,,,,,,,
"r19835","2021-22","Regis (CO)","Erin Stroberg","wbb-012584","erin stroberg","same_name_unconfirmed_transfer",,,,,,"McKendree","no_evidence","none",TRUE,TRUE,,,,,,,
"r19857","2021-22","Rhode Island College","Madison Medbury","wbb-008796","madison medbury","same_name_unconfirmed_transfer",,,,,,"Wheaton (MA)","no_evidence","none",TRUE,TRUE,,,,,,,
"r19889","2021-22","Rice","Alexis Stover","wbb-009218","alexis stover","same_name_unconfirmed_transfer",,,,,,"Wright St.","no_evidence","none",TRUE,TRUE,,,,,,,
"r19931","2021-22","Rider","Jessika Schiffer","wbb-000970","jessika schiffer","same_name_unconfirmed_transfer",,,,,,"Buffalo","no_evidence","none",TRUE,TRUE,,,,,,,
"r20033","2021-22","Rose-Hulman","Rowan Hein","wbb-002094","rowan hein","same_name_unconfirmed_transfer",,,,,,"Denver","no_evidence","none",TRUE,TRUE,,,,,,,
"r20058","2021-22","Rutgers","Sayawni Lassiter","wbb-002691","sayawni lassiter","same_name_unconfirmed_transfer",,,,,,"Florida State","no_evidence","none",TRUE,TRUE,,,,,,,
"r20151","2021-22","St. Bonaventure","Ene Adams","wbb-008817","ene adams","same_name_unconfirmed_transfer",,,,,,"Wichita State","no_evidence","none",TRUE,TRUE,,,,,,,
"r20248","2021-22","Saint Joseph's (PA)","Mackenzie Smith","wbb-005978","mackenzie smith","same_name_unconfirmed_transfer",,,,,,"Old Dominion","no_evidence","none",TRUE,TRUE,,,,,,,
"r20407","2021-22","St. Scholastica","Emma Schmidt","wbb-007931","emma schmidt","same_name_unconfirmed_transfer",,,,,,"Texas Christian","no_evidence","none",TRUE,TRUE,,,,,,,
"r20564","2021-22","Scranton","Abby Anderson","wbb-005018","abby anderson","same_name_unconfirmed_transfer",,,,,,"Montana","no_evidence","none",TRUE,TRUE,,,,,,,
"r20816","2021-22","South Florida","Dulcy Fankam Mendjiadeu","wbb-004596","dulcy fankam mendjiadeu","same_name_unconfirmed_transfer",,,,,,"Memphis","no_evidence","none",TRUE,TRUE,,,,,,,
"r20854","2021-22","Southeastern Louisiana","Morgan Davis","wbb-002764","morgan davis","same_name_unconfirmed_transfer",,,,,,"Fredonia","no_evidence","none",TRUE,TRUE,,,,,,,
"r20913","2021-22","SIUE","Gabby Nikitinaite","wbb-002839","gabby nikitinaite","same_name_unconfirmed_transfer",,,,,,"George Washington","no_evidence","none",TRUE,TRUE,,,,,,,
"r21104","2021-22","Stephen F. Austin","Tyler McCliment-Call","wbb-006306","tyler mccliment call","same_name_unconfirmed_transfer",,,,,,"Portland","no_evidence","none",TRUE,TRUE,,,,,,,
"r21217","2021-22","Syracuse","Alaysia Styles","wbb-004499","alaysia styles","same_name_unconfirmed_transfer",,,,,,"Maryland","no_evidence","none",TRUE,TRUE,,,,,,,
"r21218","2021-22","Syracuse","Christianna Carr","wbb-003731","christianna carr","same_name_unconfirmed_transfer",,,,,,"Kansas State","no_evidence","none",TRUE,TRUE,,,,,,,
"r21231","2021-22","Tampa","Danielle Delano","wbb-001496","danielle delano","same_name_unconfirmed_transfer",,,,,,"Central Connecticut","no_evidence","none",TRUE,TRUE,,,,,,,
"r21292","2021-22","Chattanooga","Karsen Murphy","wbb-005028","karsen murphy","same_name_unconfirmed_transfer",,,,,,"Montana","no_evidence","none",TRUE,TRUE,,,,,,,
"r21380","2021-22","Texas Tech","Ella Tofaeono","wbb-007914","ella tofaeono","same_name_unconfirmed_transfer",,,,,,"Texas A&M","no_evidence","none",TRUE,TRUE,,,,,,,
"r21418","2021-22","Texas-Arlington","Aaliyah McMillan","wbb-010620","aaliyah mcmillan","same_name_unconfirmed_transfer",,,,,,"Wayne St. (NE)","no_evidence","none",TRUE,TRUE,,,,,,,
"r21423","2021-22","Texas","Aaliyah Moore","wbb-006829","aaliyah moore","same_name_unconfirmed_transfer",,,,,,"Saint Francis (PA)","no_evidence","none",TRUE,TRUE,,,,,,,
"r22088","2021-22","West Texas A&M","Alivia Lewis","wbb-002371","alivia lewis","same_name_unconfirmed_transfer",,,,,,"Eastern N.M.","no_evidence","none",TRUE,TRUE,,,,,,,
"r22414","2021-22","Wisconsin-La Crosse","Paige Schumann","wbb-002305","paige schumann","same_name_unconfirmed_transfer",,,,,,"Eastern Illinois","no_evidence","none",TRUE,TRUE,,,,,,,
"r22582","2021-22","Wisconsin-Whitewater","Hailey Voelker","wbb-003937","hailey voelker","same_name_unconfirmed_transfer",,,,,,"Lake Superior St.","no_evidence","none",TRUE,TRUE,,,,,,,
"r22637","2021-22","WPI","Jordan Brown","wbb-011217","jordan brown","same_name_unconfirmed_transfer",,,,,,"Converse","no_evidence","none",TRUE,TRUE,,,,,,,
"r22728","2021-22","Youngstown St.","Paige Shy","wbb-004443","paige shy","same_name_unconfirmed_transfer",,,,,,"Marshall","no_evidence","none",TRUE,TRUE,,,,,,,
"r22804","2021-22","Austin","Carrie Johnson","wbb-010530","carrie johnson","same_name_unconfirmed_transfer",,,,,,"Southeastern Okla.","no_evidence","none",TRUE,TRUE,,,,,,,
"r23083","2021-22","Concordia Wisconsin","Kathryn Kirkwood","wbb-000726","kathryn kirkwood","same_name_unconfirmed_transfer",,,,,,"Binghamton","no_evidence","none",TRUE,TRUE,,,,,,,
"r23167","2021-22","Edgewood","Kallie Norby","wbb-008272","kallie norby","same_name_unconfirmed_transfer",,,,,,"Upper Iowa","no_evidence","none",TRUE,TRUE,,,,,,,
"r23257","2021-22","Fort Lewis","Grace Ellis","wbb-009245","grace ellis","same_name_unconfirmed_transfer",,,,,,"Wyoming","no_evidence","none",TRUE,TRUE,,,,,,,
"r23317","2021-22","Georgia College","Diamond Ellison","wbb-012909","diamond ellison","same_name_unconfirmed_transfer",,,,,,"Southern Wesleyan","no_evidence","none",TRUE,TRUE,,,,,,,
"r23517","2021-22","Neb.-Kearney","Grace O'Neill","wbb-006502","grace o neill","same_name_unconfirmed_transfer",,,,,,"Regis (CO)","no_evidence","none",TRUE,TRUE,,,,,,,
"r23542","2021-22","Keuka","Lauren Hill","wbb-004854","lauren hill","same_name_unconfirmed_transfer",,,,,,"Millsaps","no_evidence","none",TRUE,TRUE,,,,,,,
"r23689","2021-22","Mary Hardin-Baylor","McCall Hampton","wbb-010447","mccall hampton","same_name_unconfirmed_transfer",,,,,,"St. Edward's","no_evidence","none",TRUE,TRUE,,,,,,,
"r23776","2021-22","Newberry","Giulia Bongiorno","wbb-002667","giulia bongiorno","same_name_unconfirmed_transfer",,,,,,"FIU","no_evidence","none",TRUE,TRUE,,,,,,,
"r24061","2021-22","Sul Ross St.","Kayla James","wbb-011998","kayla james","same_name_unconfirmed_transfer",,,,,,"Texas-Tyler","no_evidence","none",TRUE,TRUE,,,,,,,
"r24076","2021-22","Tarleton St.","Jenna Dick","wbb-002396","jenna dick","same_name_unconfirmed_transfer",,,,,,"Eastern Washington","no_evidence","none",TRUE,TRUE,,,,,,,
"r24181","2021-22","Western N.M.","Eliza Joynes","wbb-004196","eliza joynes","same_name_unconfirmed_transfer",,,,,,"Loyola Marymount","no_evidence","none",TRUE,TRUE,,,,,,,
"r24259","2021-22","Wilmington (OH)","Emma Wright","wbb-002798","emma wright","same_name_unconfirmed_transfer",,,,,,"Gannon","no_evidence","none",TRUE,TRUE,,,,,,,
"r24392","2021-22","Oglethorpe","Carley Bell","wbb-012355","carley bell","same_name_unconfirmed_transfer",,,,,,"AUM","no_evidence","none",TRUE,TRUE,,,,,,,
"r24508","2021-22","Western Colo.","Abby Lebherz","wbb-010233","abby lebherz","same_name_unconfirmed_transfer",,,,,,"Mary Hardin-Baylor","no_evidence","none",TRUE,TRUE,,,,,,,
"r24544","2021-22","Washburn","Shae Sanchez","wbb-011533","shae sanchez","same_name_unconfirmed_transfer",,,,,,"Northeastern St.","no_evidence","none",TRUE,TRUE,,,,,,,
"r24773","2021-22","East Central","Emily Wilson","wbb-008624","emily wilson","same_name_unconfirmed_transfer",,,,,,"Webster","no_evidence","none",TRUE,TRUE,,,,,,,
"r25032","2021-22","Colorado Mesa","Mariah Martin","wbb-012980","mariah martin","same_name_unconfirmed_transfer",,,,,,"Westminster (UT)","no_evidence","none",TRUE,TRUE,,,,,,,
"r25044","2021-22","Queens (NC)","Nicole Gwynn","wbb-007354","nicole gwynn","corroborated_blocked",,,,,,"South Carolina St.","height_conflict","high_school",TRUE,FALSE,,,,,,,
"r25155","2021-22","Anderson (SC)","Brittney Stafford","wbb-010918","brittney stafford","same_name_unconfirmed_transfer",,,,,,"Incarnate Word","no_evidence","none",TRUE,TRUE,,,,,,,
"r25351","2021-22","Texas-Dallas","Blythe Williams","wbb-010577","blythe williams","same_name_unconfirmed_transfer",,,,,,"Tarleton St.","no_evidence","none",TRUE,TRUE,,,,,,,
"r25381","2021-22","Medaille","Morgan Kennedy","wbb-000592","morgan kennedy","same_name_unconfirmed_transfer",,,,,,"Bates","no_evidence","none",TRUE,TRUE,,,,,,,
"r25575","2021-22","Trevecca Nazarene","Shelby Jane Petty","wbb-008379","shelby jane petty","same_name_unconfirmed_transfer",,,,,,"Vermont","no_evidence","none",TRUE,TRUE,,,,,,,
"r25577","2021-22","Trevecca Nazarene","Emma Palmer","wbb-005765","emma palmer","same_name_unconfirmed_transfer",,,,,,"Northern Kentucky","no_evidence","none",TRUE,TRUE,,,,,,,
"r25727","2021-22","North Central (MN)","Aubrey Robinson","wbb-010885","aubrey robinson","same_name_unconfirmed_transfer",,,,,,"Colorado St.-Pueblo","no_evidence","none",TRUE,TRUE,,,,,,,
"r25933","2021-22","Geneva","Taylor Jackson","wbb-012002","taylor jackson","same_name_unconfirmed_transfer",,,,,,"Texas-Tyler","no_evidence","none",TRUE,TRUE,,,,,,,
"r26001","2021-22","Utah Tech","Talia Sireni","wbb-007111","talia sireni","same_name_unconfirmed_transfer",,,,,,"San Diego State","no_evidence","none",TRUE,TRUE,,,,,,,
"r26140","2021-22","Simon Fraser","Jessica Jones","wbb-010547","jessica jones","same_name_unconfirmed_transfer",,,,,,"Southern Ark.","no_evidence","none",TRUE,TRUE,,,,,,,
"r26147","2021-22","Sioux Falls","Danielle Schaub","wbb-011319","danielle schaub","same_name_unconfirmed_transfer",,,,,,"Concordia-St. Paul","no_evidence","none",TRUE,TRUE,,,,,,,
"r26148","2021-22","Sioux Falls","Madison Birnbaum","wbb-012195","madison birnbaum","same_name_unconfirmed_transfer",,,,,,"Newman","no_evidence","none",TRUE,TRUE,,,,,,,
"r26589","2021-22","Cal St. San Marcos","Jordan Vasquez","wbb-009812","jordan vasquez","same_name_unconfirmed_transfer",,,,,,"Fort Lewis","no_evidence","none",TRUE,TRUE,,,,,,,
"r25045","2021-22","Queens (NC)","Kemia Ward","wbb-000481",,"duplicate_wbb_id_claim",,,,,,,,,,,,,,,,,
"r16180","2021-22","Grambling","Miracle Saxon","wbb-001084",,"duplicate_wbb_id_claim",,,,,,,,,,,,,,,,,
"r25132","2021-22","Centenary (NJ)","Brynn Smith","wbb-001470",,"duplicate_wbb_id_claim",,,,,,,,,,,,,,,,,
"r25134","2021-22","Centenary (NJ)","Brianna Worthy","wbb-001472",,"duplicate_wbb_id_claim",,,,,,,,,,,,,,,,,
"r25139","2021-22","Centenary (NJ)","Kaylie Elsbree","wbb-001476",,"duplicate_wbb_id_claim",,,,,,,,,,,,,,,,,
"r25147","2021-22","Centenary (NJ)","McKayla Mooney","wbb-001483",,"duplicate_wbb_id_claim",,,,,,,,,,,,,,,,,
"r25592","2021-22","Lee","Haley Cameron","wbb-002310",,"duplicate_wbb_id_claim",,,,,,,,,,,,,,,,,
"r20472","2021-22","Samford","Rylie Stephens","wbb-002555",,"duplicate_wbb_id_claim",,,,,,,,,,,,,,,,,
"r20460","2021-22","Sam Houston State","Devyn Wilson","wbb-002826",,"duplicate_wbb_id_claim",,,,,,,,,,,,,,,,,
"r18487","2021-22","UNCW","Vita Stam","wbb-002829",,"duplicate_wbb_id_claim",,,,,,,,,,,,,,,,,
"r24350","2021-22","IUPUI","Tahlia Walton","wbb-003800",,"duplicate_wbb_id_claim",,,,,,,,,,,,,,,,,
"r24345","2021-22","IUPUI","Katie Davidson","wbb-004699",,"duplicate_wbb_id_claim",,,,,,,,,,,,,,,,,
"r15465","2021-22","Eastern Conn. St.","Hannah Barrientos","wbb-005510",,"duplicate_wbb_id_claim",,,,,,,,,,,,,,,,,
"r21827","2021-22","Virginia Commonwealth","Skye Robinson","wbb-005518",,"duplicate_wbb_id_claim",,,,,,,,,,,,,,,,,
"r20468","2021-22","Samford","Macey Lee","wbb-005533",,"duplicate_wbb_id_claim",,,,,,,,,,,,,,,,,
"r23123","2021-22","D'Youville","Sydney Ottomano","wbb-006842",,"duplicate_wbb_id_claim",,,,,,,,,,,,,,,,,
"r22553","2021-22","Wisconsin-Superior","Julie Diveney","wbb-008622",,"duplicate_wbb_id_claim",,,,,,,,,,,,,,,,,
"r15758","2021-22","FDU-Florham","Anissa Arteaga","wbb-008887",,"duplicate_wbb_id_claim",,,,,,,,,,,,,,,,,
"r18933","2021-22","Louisiana Monroe","Chloe Wilbanks","wbb-010544",,"duplicate_wbb_id_claim",,,,,,,,,,,,,,,,,
"r13635","2021-22","Ball State","Jazmyn Turner","wbb-010829",,"duplicate_wbb_id_claim",,,,,,,,,,,,,,,,,
"r16183","2021-22","Grambling","Tiana Gardner","wbb-010921",,"duplicate_wbb_id_claim",,,,,,,,,,,,,,,,,
"r20454","2021-22","Sam Houston State","Jordyn Weaver","wbb-011466",,"duplicate_wbb_id_claim",,,,,,,,,,,,,,,,,
"r14627","2021-22","Centenary (LA)","Taylor Bossert","wbb-011563",,"duplicate_wbb_id_claim",,,,,,,,,,,,,,,,,
"r14630","2021-22","Centenary (LA)","Victoria Jacobs","wbb-011564",,"duplicate_wbb_id_claim",,,,,,,,,,,,,,,,,
"r14632","2021-22","Centenary (LA)","Danika Brandt","wbb-011565",,"duplicate_wbb_id_claim",,,,,,,,,,,,,,,,,
"r14634","2021-22","Centenary (LA)","Carly Tarnowski","wbb-011566",,"duplicate_wbb_id_claim",,,,,,,,,,,,,,,,,
"r14635","2021-22","Centenary (LA)","Meghan Barone","wbb-011567",,"duplicate_wbb_id_claim",,,,,,,,,,,,,,,,,
"r14636","2021-22","Centenary (LA)","Devin Gibbs","wbb-011569",,"duplicate_wbb_id_claim",,,,,,,,,,,,,,,,,
"r14639","2021-22","Centenary (LA)","Jessica McKenzie","wbb-011570",,"duplicate_wbb_id_claim",,,,,,,,,,,,,,,,,
"r14631","2021-22","Centenary (LA)","Molly Collins","wbb-011571",,"duplicate_wbb_id_claim",,,,,,,,,,,,,,,,,
"r17657","2021-22","Marist","Siobhan Boylan","wbb-011710",,"duplicate_wbb_id_claim",,,,,,,,,,,,,,,,,
"r21310","2021-22","UT Martin","Mia Hurst","wbb-011973",,"duplicate_wbb_id_claim",,,,,,,,,,,,,,,,,
"r23857","2021-22","Cairn","Kamiah Caraway","wbb-012152",,"duplicate_wbb_id_claim",,,,,,,,,,,,,,,,,
"r16514","2021-22","Cal Poly Humboldt","Jadence Clifton","wbb-012453",,"duplicate_wbb_id_claim",,,,,,,,,,,,,,,,,
"r26737","2022-23","Texas A&M","Tineya Hylton","wbb-014075","tineya hylton","corroborated_blocked",,,,,,"Georgia","height_conflict","previous_school",TRUE,FALSE,,,,,,,
"r26762","2022-23","Arizona","Esmery Martinez","wbb-008681","esmery martinez","same_name_unconfirmed_transfer",,,,,,"West Virginia","no_evidence","none",TRUE,TRUE,,,,,,,
"r26834","2022-23","Oregon State","Shalexxus Aaron","wbb-007465","shalexxus aaron","corroborated_blocked",,,,,,"Texas Southern","failed_year_progression","hometown",FALSE,TRUE,,,,,,,
"r26905","2022-23","California Baptist","Georgia Kehoe","wbb-010514","georgia kehoe","same_name_unconfirmed_transfer",,,,,,"Seattle","no_evidence","none",TRUE,TRUE,,,,,,,
"r26922","2022-23","Chicago State","Ahlea Myers","wbb-009585","ahlea myers","same_name_unconfirmed_transfer",,,,,,"Coker","no_evidence","none",TRUE,TRUE,,,,,,,
"r27000","2022-23","Syracuse","Dariauna Lewis","wbb-000040","dariauna lewis","same_name_unconfirmed_transfer",,,,,,"Alabama A&M","no_evidence","none",TRUE,TRUE,,,,,,,
"r27049","2022-23","Duke","Reigan Richardson","wbb-014078","reigan richardson","corroborated_blocked",,,,,,"Georgia","height_conflict","previous_school",TRUE,FALSE,,,,,,,
"r27066","2022-23","Duquesne","Selma Kulo","wbb-008734","selma kulo","same_name_unconfirmed_transfer",,,,,,"Western Ky.","no_evidence","none",TRUE,TRUE,,,,,,,
"r27395","2022-23","Southeast Missouri State","Kiyley Flowers","wbb-016421","kiyley flowers","same_name_unconfirmed_transfer",,,,,,"Grand Canyon","no_evidence","none",TRUE,TRUE,,,,,,,
"r27414","2022-23","Saint Peter's","Erin Harris","wbb-005797","erin harris","same_name_unconfirmed_transfer",,,,,,"Northwestern State","no_evidence","none",TRUE,TRUE,,,,,,,
"r27491","2022-23","Purdue","Caitlyn Harper","wbb-012555","caitlyn harper","same_name_unconfirmed_transfer",,,,,,"California Baptist","no_evidence","none",TRUE,TRUE,,,,,,,
"r27589","2022-23","Texas","Khadija Faye","wbb-007959","khadija faye","same_name_unconfirmed_transfer",,,,,,"Texas Tech","no_evidence","none",TRUE,TRUE,,,,,,,
"r27721","2022-23","South Florida","Priscilla Williams","wbb-007802","priscilla williams","corroborated_blocked",,,,,,"Syracuse","failed_year_progression","previous_school",FALSE,TRUE,,,,,,,
"r27782","2022-23","Virginia Commonwealth","Jennifer Ezeh","wbb-002193","jennifer ezeh","same_name_unconfirmed_transfer",,,,,,"Missouri St.","no_evidence","none",TRUE,TRUE,,,,,,,
"r27806","2022-23","Western Illinois","Zareia Chevre","wbb-004995","zareia chevre","same_name_unconfirmed_transfer",,,,,,"Monmouth","no_evidence","none",TRUE,TRUE,,,,,,,
"r27839","2022-23","Wyoming","Bailey Wilborn","wbb-014554","bailey wilborn","same_name_unconfirmed_transfer",,,,,,"Maine","no_evidence","none",TRUE,TRUE,,,,,,,
"r27857","2022-23","Abilene Christian","Maleeah Langstaff","wbb-008924","maleeah langstaff","same_name_unconfirmed_transfer",,,,,,"Northeastern St.","no_evidence","none",TRUE,TRUE,,,,,,,
"r27865","2022-23","Abilene Christian","Brooke Jessen","wbb-015158","brooke jessen","same_name_unconfirmed_transfer",,,,,,"UT-Rio Grande Valley","no_evidence","none",TRUE,TRUE,,,,,,,
"r27948","2022-23","Alabama State","Alexyss Newman","wbb-002383","alexyss newman","same_name_unconfirmed_transfer",,,,,,"Eastern Washington","no_evidence","none",TRUE,TRUE,,,,,,,
"r28048","2022-23","Presbyterian College","Dagne Apsite","wbb-008010","dagne apsite","same_name_unconfirmed_transfer",,,,,,"Texas-El Paso","no_evidence","none",TRUE,TRUE,,,,,,,
"r28049","2022-23","Presbyterian College","Núria Cunill","wbb-002386","nuria cunill","same_name_unconfirmed_transfer",,,,,,"Eastern Washington","no_evidence","none",TRUE,TRUE,,,,,,,
"r28129","2022-23","Brigham Young","Eliza Galbreath","wbb-012751","eliza galbreath","same_name_unconfirmed_transfer",,,,,,"Southern Va.","no_evidence","none",TRUE,TRUE,,,,,,,
"r28224","2022-23","College of Charleston","Jaila Roberts","wbb-005530","jaila roberts","same_name_unconfirmed_transfer",,,,,,"North Alabama","no_evidence","none",TRUE,TRUE,,,,,,,
"r28274","2022-23","Cal State Bakersfield","Shaunae Brown","wbb-001343","shaunae brown","same_name_unconfirmed_transfer",,,,,,"Canisius","no_evidence","none",TRUE,TRUE,,,,,,,
"r28328","2022-23","Davidson","Millie Prior","wbb-014014","millie prior","same_name_unconfirmed_transfer",,,,,,"Fordham","no_evidence","none",TRUE,TRUE,,,,,,,
"r28361","2022-23","DePaul","Anaya Peoples","wbb-005855","anaya peoples","same_name_unconfirmed_transfer",,,,,,"Notre Dame","no_evidence","none",TRUE,TRUE,,,,,,,
"r28551","2022-23","Fresno State","Thea Mikkelsen","wbb-013473","thea mikkelsen","same_name_unconfirmed_transfer",,,,,,"Long Beach State","no_evidence","none",TRUE,TRUE,,,,,,,
"r28566","2022-23","Cal State Fullerton","Josie Morgan","wbb-004976","josie morgan","same_name_unconfirmed_transfer",,,,,,"Monmouth (IL)","no_evidence","none",TRUE,TRUE,,,,,,,
"r28998","2022-23","Arkansas-Little Rock","Nikki Metcalfe","wbb-009363","nikki metcalfe","same_name_unconfirmed_transfer",,,,,,"Arkansas Tech","no_evidence","none",TRUE,TRUE,,,,,,,
"r29000","2022-23","Long Island","De'Asia Thomas","wbb-000047","de asia thomas","same_name_unconfirmed_transfer",,,,,,"Alabama A&M","no_evidence","none",TRUE,TRUE,,,,,,,
"r29079","2022-23","McNeese State","Alicja Falkowska","wbb-013484","alicja falkowska","same_name_unconfirmed_transfer",,,,,,"Sacramento State","no_evidence","none",TRUE,TRUE,,,,,,,
"r29090","2022-23","Merrimack","Sidni Wise-Wright","wbb-012196","sidni wise wright","corroborated_blocked",,,,,,"Cal St. Monterey Bay","failed_year_progression","hometown",FALSE,TRUE,,,,,,,
"r29184","2022-23","Montana State","Grace Beasley","wbb-008579","grace beasley","same_name_unconfirmed_transfer",,,,,,"Washington","no_evidence","none",TRUE,TRUE,,,,,,,
"r29399","2022-23","Ohio State","Karla Vres","wbb-000257","karla vres","same_name_unconfirmed_transfer",,,,,,"American","no_evidence","none",TRUE,TRUE,,,,,,,
"r29445","2022-23","North Florida","Brianna Livingston","wbb-004989","brianna livingston","same_name_unconfirmed_transfer",,,,,,"Monmouth","no_evidence","none",TRUE,TRUE,,,,,,,
"r29450","2022-23","North Florida","Selma Eklund","wbb-014850","selma eklund","same_name_unconfirmed_transfer",,,,,,"UNCW","no_evidence","none",TRUE,TRUE,,,,,,,
"r29459","2022-23","Oklahoma State","Claire Chastain","wbb-007982","claire chastain","same_name_unconfirmed_transfer",,,,,,"Texas-Arlington","no_evidence","none",TRUE,TRUE,,,,,,,
"r29463","2022-23","Oklahoma State","Terryn Milton","wbb-007983","terryn milton","same_name_unconfirmed_transfer",,,,,,"Texas-Arlington","no_evidence","none",TRUE,TRUE,,,,,,,
"r29467","2022-23","Oklahoma State","Makyra Tramble","wbb-011161","makyra tramble","same_name_unconfirmed_transfer",,,,,,"Southwestern Okla.","no_evidence","none",TRUE,TRUE,,,,,,,
"r29503","2022-23","New Orleans","Imani Williams","wbb-002262","imani williams","same_name_unconfirmed_transfer",,,,,,"Miles","no_evidence","none",TRUE,TRUE,,,,,,,
"r29512","2022-23","Portland State","Sofía Llanos","wbb-014585","sofia llanos","same_name_unconfirmed_transfer",,,,,,"Marshall","no_evidence","none",TRUE,TRUE,,,,,,,
"r29722","2022-23","San Jose State","Jasmine Singleton","wbb-005295","jasmine singleton","same_name_unconfirmed_transfer",,,,,,"UNLV","no_evidence","none",TRUE,TRUE,,,,,,,
"r29935","2022-23","Towson","Alina Sendar","wbb-014081","alina sendar","corroborated_blocked",,,,,,"Georgia","height_conflict","previous_school",TRUE,FALSE,,,,,,,
"r29980","2022-23","Arkansas-Pine Bluff","Azaria Robinson","wbb-005418","azaria robinson","same_name_unconfirmed_transfer",,,,,,"Arkansas-Little Rock","no_evidence","none",TRUE,TRUE,,,,,,,
"r29986","2022-23","Arkansas-Pine Bluff","Maori Davenport","wbb-014077","maori davenport","corroborated_blocked",,,,,,"Georgia","height_conflict","hometown",TRUE,FALSE,,,,,,,
"r30009","2022-23","UC Davis","Tova Sabel","wbb-006154","tova sabel","same_name_unconfirmed_transfer",,,,,,"Penn State","no_evidence","none",TRUE,TRUE,,,,,,,
"r30023","2022-23","UC Irvine","Diaba Konate","wbb-003339","diaba konate","same_name_unconfirmed_transfer",,,,,,"Idaho St.","no_evidence","none",TRUE,TRUE,,,,,,,
"r30039","2022-23","UC Riverside","Paris Atchley","wbb-003349","paris atchley","same_name_unconfirmed_transfer",,,,,,"Idaho","no_evidence","none",TRUE,TRUE,,,,,,,
"r30111","2022-23","Incarnate Word","Yuliyana Valcheva","wbb-008028","yuliyana valcheva","same_name_unconfirmed_transfer",,,,,,"UT-San Antonio","no_evidence","none",TRUE,TRUE,,,,,,,
"r30121","2022-23","Louisiana Monroe","Rhi Ockwell","wbb-014494","rhi ockwell","same_name_unconfirmed_transfer",,,,,,"Louisiana Tech","no_evidence","none",TRUE,TRUE,,,,,,,
"r30188","2022-23","UNC Asheville","Jamaya Blanks","wbb-004502","jamaya blanks","same_name_unconfirmed_transfer",,,,,,"Maryland-Eastern Shore","no_evidence","none",TRUE,TRUE,,,,,,,
"r30237","2022-23","Northern Iowa","Ellie Foster","wbb-008961","ellie foster","same_name_unconfirmed_transfer",,,,,,"Green Bay","no_evidence","none",TRUE,TRUE,,,,,,,
"r30329","2022-23","UT-San Antonio","Nissa Sam-Grant","wbb-010787","nissa sam grant","same_name_unconfirmed_transfer",,,,,,"Arkansas-Pine Bluff","no_evidence","none",TRUE,TRUE,,,,,,,
"r30483","2022-23","Central Okla.","Kassie Boorer","wbb-009467","kassie boorer","same_name_unconfirmed_transfer",,,,,,"Cameron","no_evidence","none",TRUE,TRUE,,,,,,,
"r30496","2022-23","Central Okla.","Eliana Bravington","wbb-012545","eliana bravington","same_name_unconfirmed_transfer",,,,,,"California Baptist","no_evidence","none",TRUE,TRUE,,,,,,,
"r30679","2022-23","Drury","Caitlynn Daniels","wbb-000092","caitlynn daniels","same_name_unconfirmed_transfer",,,,,,"UAB","no_evidence","none",TRUE,TRUE,,,,,,,
"r30737","2022-23","Eastern Nazarene","Anaira Ayala","wbb-017373","anaira ayala","same_name_unconfirmed_transfer",,,,,,"Covenant","no_evidence","none",TRUE,TRUE,,,,,,,
"r30961","2022-23","Alas. Anchorage","Hayley Berfield","wbb-017096","hayley berfield","same_name_unconfirmed_transfer",,,,,,"High Point","no_evidence","none",TRUE,TRUE,,,,,,,
"r31114","2022-23","S.C. Aiken","Marta Rivera","wbb-006406","marta rivera","same_name_unconfirmed_transfer",,,,,,"Quincy","no_evidence","none",TRUE,TRUE,,,,,,,
"r31186","2022-23","Colorado Mesa","Olivia Reed","wbb-014985","olivia reed","same_name_unconfirmed_transfer",,,,,,"North Park","no_evidence","none",TRUE,TRUE,,,,,,,
"r31515","2022-23","Albion","Lexi Smith","wbb-009112","lexi smith","same_name_unconfirmed_transfer",,,,,,"Wisconsin-Superior","no_evidence","none",TRUE,TRUE,,,,,,,
"r31721","2022-23","Ouachita Baptist","Kayla Richardson","wbb-003891","kayla richardson","same_name_unconfirmed_transfer",,,,,,"Monmouth","no_evidence","none",TRUE,TRUE,,,,,,,
"r31854","2022-23","St. Edward's","Rebeka Renczes","wbb-014909","rebeka renczes","same_name_unconfirmed_transfer",,,,,,"New Mexico","no_evidence","none",TRUE,TRUE,,,,,,,
"r31895","2022-23","St. Mary's (TX)","Kayla Braxton-Young","wbb-003896","kayla braxton young","same_name_unconfirmed_transfer",,,,,,"LaSalle","no_evidence","none",TRUE,TRUE,,,,,,,
"r32140","2022-23","Clark Atlanta","Rose Smith","wbb-004049","rose smith","same_name_unconfirmed_transfer",,,,,,"West Alabama","no_evidence","none",TRUE,TRUE,,,,,,,
"r32380","2022-23","Columbus St.","Lacy Robins","wbb-002864","lacy robins","corroborated_blocked",,,,,,"Tennessee St.","failed_year_progression","hometown",FALSE,TRUE,,,,,,,
"r32478","2022-23","William Peace","Kameesha Pascoe","wbb-005592","kameesha pascoe","same_name_unconfirmed_transfer",,,,,,"N.C. Wesleyan","no_evidence","none",TRUE,TRUE,,,,,,,
"r32605","2022-23","Salem (WV)","Sparkle Leigh","wbb-016240","sparkle leigh","same_name_unconfirmed_transfer",,,,,,"Bluefield St.","no_evidence","none",TRUE,TRUE,,,,,,,
"r33049","2022-23","Florida A&M","Ivet Subirats","wbb-000539","ivet subirats","same_name_unconfirmed_transfer",,,,,,"Ball State","no_evidence","none",TRUE,TRUE,,,,,,,
"r33085","2022-23","FIU","Kaliah Henderson","wbb-006884","kaliah henderson","same_name_unconfirmed_transfer",,,,,,"Saint Joseph's (PA)","no_evidence","none",TRUE,TRUE,,,,,,,
"r33210","2022-23","Lesley","Sophia Torres","wbb-009697","sophia torres","same_name_unconfirmed_transfer",,,,,,"Eastern Nazarene","no_evidence","none",TRUE,TRUE,,,,,,,
"r33255","2022-23","Nova Southeastern","Zeyno Seren","wbb-014910","zeyno seren","same_name_unconfirmed_transfer",,,,,,"New Mexico","no_evidence","none",TRUE,TRUE,,,,,,,
"r33355","2022-23","A&M-Corpus Christi","Deja Williams","wbb-013657","deja williams","same_name_unconfirmed_transfer",,,,,,"Cleveland State","no_evidence","none",TRUE,TRUE,,,,,,,
"r33497","2022-23","Hardin-Simmons","Paris Kiser","wbb-011770","paris kiser","same_name_unconfirmed_transfer",,,,,,"Texas-Dallas","no_evidence","none",TRUE,TRUE,,,,,,,
"r33827","2022-23","Cal Poly Humboldt","Zyan Smith","wbb-010675","zyan smith","same_name_unconfirmed_transfer",,,,,,"Western N.M.","no_evidence","none",TRUE,TRUE,,,,,,,
"r33972","2022-23","Texas-Tyler","Victoria Ikenasio","wbb-007011","victoria ikenasio","same_name_unconfirmed_transfer",,,,,,"Saint Peter's","no_evidence","none",TRUE,TRUE,,,,,,,
"r33976","2022-23","Texas-Tyler","Meagan Mendazona","wbb-008304","meagan mendazona","corroborated_blocked",,,,,,"Utah St.","failed_year_progression","previous_school",FALSE,TRUE,,,,,,,
"r34149","2022-23","Ill. Springfield","Saharra Murphy","wbb-016188","saharra murphy","same_name_unconfirmed_transfer",,,,,,"Alderson Broaddus","no_evidence","none",TRUE,TRUE,,,,,,,
"r34181","2022-23","Newman","Julia Reis","wbb-016198","julia reis","same_name_unconfirmed_transfer",,,,,,"Arkansas Tech","no_evidence","none",TRUE,TRUE,,,,,,,
"r34375","2022-23","Utah Tech","Amber Kartchner","wbb-013384","amber kartchner","same_name_unconfirmed_transfer",,,,,,"Brigham Young","no_evidence","none",TRUE,TRUE,,,,,,,
"r34396","2022-23","Ark.-Fort Smith","Sinetra Jones","wbb-006020","sinetra jones","corroborated_blocked",,,,,,"Oral Roberts","failed_year_progression","previous_school",FALSE,TRUE,,,,,,,
"r34498","2022-23","Notre Dame (OH)","Karli Anker","wbb-017384","karli anker","same_name_unconfirmed_transfer",,,,,,"Cedarville","no_evidence","none",TRUE,TRUE,,,,,,,
"r34665","2022-23","Southern Nazarene","Hannah Giddey","wbb-006026","hannah giddey","same_name_unconfirmed_transfer",,,,,,"Oral Roberts","no_evidence","none",TRUE,TRUE,,,,,,,
"r34693","2022-23","Union (TN)","Naomi Van Nes","wbb-004612","naomi van nes","same_name_unconfirmed_transfer",,,,,,"Mercer","no_evidence","none",TRUE,TRUE,,,,,,,
"r34791","2022-23","Lubbock Christian","Taylor Thomas","wbb-016806","taylor thomas","same_name_unconfirmed_transfer",,,,,,"Lake Erie","no_evidence","none",TRUE,TRUE,,,,,,,
"r34950","2022-23","Westminster (UT)","Margarita Satini","wbb-007596","margarita satini","same_name_unconfirmed_transfer",,,,,,"Southern Utah","no_evidence","none",TRUE,TRUE,,,,,,,
"r34951","2022-23","Westminster (UT)","Jalen Tanuvasa","wbb-015512","jalen tanuvasa","same_name_unconfirmed_transfer",,,,,,"San Jose State","no_evidence","none",TRUE,TRUE,,,,,,,
"r35091","2022-23","James Madison","Caroline Germond","wbb-007929","caroline germond","same_name_unconfirmed_transfer",,,,,,"Texas Christian","no_evidence","none",TRUE,TRUE,,,,,,,
"r35094","2022-23","James Madison","Kobe King-Hawea","wbb-015799","kobe king hawea","same_name_unconfirmed_transfer",,,,,,"Texas","no_evidence","none",TRUE,TRUE,,,,,,,
"r35111","2022-23","John Carroll","Christina Passerell","wbb-008556","christina passerell","same_name_unconfirmed_transfer",,,,,,"WashU","no_evidence","none",TRUE,TRUE,,,,,,,
"r35338","2022-23","Ashland","Maddie Maloney","wbb-006736","maddie maloney","same_name_unconfirmed_transfer",,,,,,"Saginaw Valley","no_evidence","none",TRUE,TRUE,,,,,,,
"r35777","2022-23","MSU Denver","Leilah Vigil","wbb-007156","leilah vigil","same_name_unconfirmed_transfer",,,,,,"San Francisco","no_evidence","none",TRUE,TRUE,,,,,,,
"r36033","2022-23","Morgan St.","Charlene Shepherd","wbb-005644","charlene shepherd","same_name_unconfirmed_transfer",,,,,,"North Texas","no_evidence","none",TRUE,TRUE,,,,,,,
"r36042","2022-23","Babson","Katelyn Mollica","wbb-015689","katelyn mollica","same_name_unconfirmed_transfer",,,,,,"Stonehill","no_evidence","none",TRUE,TRUE,,,,,,,
"r36304","2022-23","North Alabama","Lexus Green","wbb-001078","lexus green","same_name_unconfirmed_transfer",,,,,,"Cal State Bakersfield","no_evidence","none",TRUE,TRUE,,,,,,,
"r36406","2022-23","Truman State","Alex Fanning","wbb-003366","alex fanning","same_name_unconfirmed_transfer",,,,,,"Benedictine (IL)","no_evidence","none",TRUE,TRUE,,,,,,,
"r36434","2022-23","Northeastern","Derin Erdogan","wbb-000299","derin erdogan","same_name_unconfirmed_transfer",,,,,,"Arizona","no_evidence","none",TRUE,TRUE,,,,,,,
"r36494","2022-23","Oakland","Raquel Ferrer-Bernad","wbb-002660","raquel ferrer bernad","same_name_unconfirmed_transfer",,,,,,"FIU","no_evidence","none",TRUE,TRUE,,,,,,,
"r36495","2022-23","Oakland","Linda Van Schaik","wbb-005663","linda van schaik","same_name_unconfirmed_transfer",,,,,,"Louisiana Monroe","no_evidence","none",TRUE,TRUE,,,,,,,
"r36804","2022-23","Queens (NY)","Raven Pitt","wbb-008471","raven pitt","same_name_unconfirmed_transfer",,,,,,"Wagner","no_evidence","none",TRUE,TRUE,,,,,,,
"r36926","2022-23","Rhode Island College","Jayda Bing","wbb-013954","jayda bing","corroborated_blocked",,,,,,"FDU-Florham","failed_year_progression","hometown",FALSE,TRUE,,,,,,,
"r37045","2022-23","Rollins","Aaliyah Irizarry-Perez","wbb-002788","aaliyah irizarry perez","same_name_unconfirmed_transfer",,,,,,"Furman","no_evidence","none",TRUE,TRUE,,,,,,,
"r37142","2022-23","Alabama A&M","Amani Free","wbb-006422","amani free","same_name_unconfirmed_transfer",,,,,,"Quinnipiac","no_evidence","none",TRUE,TRUE,,,,,,,
"r37203","2022-23","Saint Leo","Jumoke Adaramoye","wbb-007157","jumoke adaramoye","same_name_unconfirmed_transfer",,,,,,"San Francisco","no_evidence","none",TRUE,TRUE,,,,,,,
"r37278","2022-23","St. Scholastica","Katie Vaske","wbb-003076","katie vaske","same_name_unconfirmed_transfer",,,,,,"Hamline","no_evidence","none",TRUE,TRUE,,,,,,,
"r37414","2022-23","Simpson","Hannah Foster","wbb-003703","hannah foster","same_name_unconfirmed_transfer",,,,,,"Juniata","no_evidence","none",TRUE,TRUE,,,,,,,
"r37493","2022-23","South Carolina St.","Nicole Gwynn","wbb-017025","nicole gwynn","corroborated_blocked",,,,,,"Queens (NC)","failed_year_progression","high_school",FALSE,TRUE,,,,,,,
"r38051","2022-23","Wayne St. (MI)","Mashayla Cecil","wbb-009885","mashayla cecil","same_name_unconfirmed_transfer",,,,,,"Glenville St.","no_evidence","none",TRUE,TRUE,,,,,,,
"r38135","2022-23","West Texas A&M","Kamirah Decker","wbb-002379","kamirah decker","same_name_unconfirmed_transfer",,,,,,"Eastern N.M.","no_evidence","none",TRUE,TRUE,,,,,,,
"r38652","2022-23","McMurry","Kristin Salas","wbb-004274","kristin salas","corroborated_blocked",,,,,,"MacMurray","height_conflict","hometown",TRUE,FALSE,,,,,,,
"r38657","2022-23","McMurry","Mariah Rodriguez","wbb-004275","mariah rodriguez","corroborated_blocked",,,,,,"MacMurray","height_conflict","hometown",TRUE,FALSE,,,,,,,
"r38660","2022-23","McMurry","Kaitlyn Randall","wbb-004283","kaitlyn randall","corroborated_blocked",,,,,,"MacMurray","height_conflict","hometown",TRUE,FALSE,,,,,,,
"r38663","2022-23","McMurry","Kyra Meredith","wbb-014542","kyra meredith","corroborated_blocked",,,,,,"MacMurray","failed_year_progression","hometown",FALSE,FALSE,,,,,,,
"r38725","2022-23","Southwestern (TX)","Olivia Keyser","wbb-009375","olivia keyser","same_name_unconfirmed_transfer",,,,,,"Austin","no_evidence","none",TRUE,TRUE,,,,,,,
"r38756","2022-23","Converse","Maegan Barkley","wbb-001627","maegan barkley","same_name_unconfirmed_transfer",,,,,,"Clark Atlanta","no_evidence","none",TRUE,TRUE,,,,,,,
"r39175","2022-23","Valley Forge","Jasmine Hamilton","wbb-017490","jasmine hamilton","corroborated_blocked",,,,,,"Valley Forge","failed_year_progression","hometown",FALSE,TRUE,,,,,,,
"r39234","2022-23","Kentucky","Adebola Adeyeye","wbb-000965","adebola adeyeye","same_name_unconfirmed_transfer",,,,,,"Buffalo","no_evidence","none",TRUE,TRUE,,,,,,,
"r39399","2022-23","North Texas","Courtlyn Loudermill","wbb-006022","courtlyn loudermill","same_name_unconfirmed_transfer",,,,,,"Oral Roberts","no_evidence","none",TRUE,TRUE,,,,,,,
"r39457","2022-23","UAB","Sara Bershers","wbb-006123","sara bershers","same_name_unconfirmed_transfer",,,,,,"UT-Rio Grande Valley","no_evidence","none",TRUE,TRUE,,,,,,,
"r39531","2022-23","Akron","Faith Stinson","wbb-016776","faith stinson","corroborated_blocked",,,,,,"IUPUI","failed_year_progression","hometown",FALSE,TRUE,,,,,,,
"r39594","2022-23","Youngstown St.","Dena Jarrells","wbb-007862","dena jarrells","same_name_unconfirmed_transfer",,,,,,"Chattanooga","no_evidence","none",TRUE,TRUE,,,,,,,
"r39599","2022-23","Youngstown St.","Emily Saunders","wbb-007885","emily saunders","same_name_unconfirmed_transfer",,,,,,"Tennessee","no_evidence","none",TRUE,TRUE,,,,,,,
"r39702","2022-23","Utah St.","Ashya Klopfenstein","wbb-015336","ashya klopfenstein","same_name_unconfirmed_transfer",,,,,,"Robert Morris","no_evidence","none",TRUE,TRUE,,,,,,,
"r39711","2022-23","Western Ky.","Odeth Betancourt","wbb-015608","odeth betancourt","same_name_unconfirmed_transfer",,,,,,"South Florida","no_evidence","none",TRUE,TRUE,,,,,,,
"r39867","2022-23","Dist. Columbia","Shanell Haskins","wbb-003907","shanell haskins","corroborated_blocked",,,,,,"Lafayette","failed_year_progression","hometown",FALSE,TRUE,,,,,,,
"r39983","2022-23","Alliance","Brianna Williams","wbb-014173","brianna williams","same_name_unconfirmed_transfer",,,,,,"Hartford","no_evidence","none",TRUE,TRUE,,,,,,,
"r40177","2022-23","Trinity (TX)","A'Nnika Saenz","wbb-015154","a nnika saenz","same_name_unconfirmed_transfer",,,,,,"UT-Rio Grande Valley","no_evidence","none",TRUE,TRUE,,,,,,,
"r40187","2022-23","Trinity (TX)","Natalie Anderson","wbb-003433","natalie anderson","same_name_unconfirmed_transfer",,,,,,"Ill. Wesleyan","no_evidence","none",TRUE,TRUE,,,,,,,
"r40192","2022-23","Ursinus","Madison Smith","wbb-015839","madison smith","same_name_unconfirmed_transfer",,,,,,"Air Force","no_evidence","none",TRUE,TRUE,,,,,,,
"r40503","2022-23","Centenary (LA)","Alana Jones","wbb-008657","alana jones","same_name_unconfirmed_transfer",,,,,,"Wesleyan (CT)","no_evidence","none",TRUE,TRUE,,,,,,,
"r40386","2022-23","Centenary (NJ)","Brie Opdyke","wbb-001473",,"duplicate_wbb_id_claim",,,,,,,,,,,,,,,,,
"r32145","2022-23","Clark Atlanta","Mariah Baltierra","wbb-013635",,"duplicate_wbb_id_claim",,,,,,,,,,,,,,,,,
"r40706","2023-24","Alcorn State","Milia Gibson","wbb-001188","milia gibson","ambiguous_transfer",,FALSE,TRUE,,,,,,,,,,,,,,
"r40706","2023-24","Alcorn State","Milia Gibson","wbb-004922","milia gibson","ambiguous_transfer",,FALSE,TRUE,,,,,,,,,,,,,,
"r41584","2023-24","Butler","Rachel Kent","wbb-006914","rachel kent","ambiguous_transfer",,TRUE,TRUE,,,,,,,,,,,,,,
"r41584","2023-24","Butler","Rachel Kent","wbb-010830","rachel kent","ambiguous_transfer",,TRUE,TRUE,,,,,,,,,,,,,,
"r41694","2023-24","Chico St.","Jadence Clifton","wbb-012453","jadence clifton","ambiguous_transfer",,FALSE,FALSE,,,,,,,,,,,,,,
"r41694","2023-24","Chico St.","Jadence Clifton","wbb-014222","jadence clifton","ambiguous_transfer",,FALSE,TRUE,,,,,,,,,,,,,,
"r42108","2023-24","Centenary (LA)","Brie Opdyke","wbb-001473","brie opdyke","ambiguous_transfer",,FALSE,TRUE,,,,,,,,,,,,,,
"r42108","2023-24","Centenary (LA)","Brie Opdyke","wbb-021921","brie opdyke","ambiguous_transfer",,TRUE,TRUE,,,,,,,,,,,,,,
"r43676","2023-24","Rowan","Victoria Crooker","wbb-008852","victoria crooker","ambiguous_transfer",,TRUE,TRUE,,,,,,,,,,,,,,
"r43676","2023-24","Rowan","Victoria Crooker","wbb-021173","victoria crooker","ambiguous_transfer",,TRUE,TRUE,,,,,,,,,,,,,,
"r44038","2023-24","Houston","Shalexxus Aaron","wbb-007465","shalexxus aaron","ambiguous_transfer",,TRUE,TRUE,,,,,,,,,,,,,,
"r44038","2023-24","Houston","Shalexxus Aaron","wbb-017635","shalexxus aaron","ambiguous_transfer",,TRUE,FALSE,,,,,,,,,,,,,,
"r46430","2023-24","North Alabama","Emily Jones","wbb-009579","emily jones","ambiguous_transfer",,TRUE,TRUE,,,,,,,,,,,,,,
"r46430","2023-24","North Alabama","Emily Jones","wbb-018678","emily jones","ambiguous_transfer",,TRUE,TRUE,,,,,,,,,,,,,,
"r46775","2023-24","Oakland","Markyia McCormick","wbb-002106","markyia mccormick","ambiguous_transfer",,TRUE,TRUE,,,,,,,,,,,,,,
"r46775","2023-24","Oakland","Markyia McCormick","wbb-009542","markyia mccormick","ambiguous_transfer",,FALSE,FALSE,,,,,,,,,,,,,,
"r46947","2023-24","Oral Roberts","Makyra Tramble","wbb-011161","makyra tramble","ambiguous_transfer",,TRUE,TRUE,,,,,,,,,,,,,,
"r46947","2023-24","Oral Roberts","Makyra Tramble","wbb-018374","makyra tramble","ambiguous_transfer",,FALSE,FALSE,,,,,,,,,,,,,,
"r46973","2023-24","Oregon","Priscilla Williams","wbb-007802","priscilla williams","ambiguous_transfer",,TRUE,FALSE,,,,,,,,,,,,,,
"r46973","2023-24","Oregon","Priscilla Williams","wbb-017860","priscilla williams","ambiguous_transfer",,TRUE,TRUE,,,,,,,,,,,,,,
"r47543","2023-24","Rider","Taylor Langan","wbb-001741","taylor langan","ambiguous_transfer",,TRUE,TRUE,,,,,,,,,,,,,,
"r47543","2023-24","Rider","Taylor Langan","wbb-004817","taylor langan","ambiguous_transfer",,TRUE,TRUE,,,,,,,,,,,,,,
"r49362","2023-24","Valdosta St.","Victoria Ikenasio","wbb-007011","victoria ikenasio","ambiguous_transfer",,FALSE,TRUE,,,,,,,,,,,,,,
"r49362","2023-24","Valdosta St.","Victoria Ikenasio","wbb-019803","victoria ikenasio","ambiguous_transfer",,FALSE,FALSE,,,,,,,,,,,,,,
"r52096","2023-24","Colorado St.-Pueblo","Autumn Watts","wbb-005421","autumn watts","ambiguous_transfer",,TRUE,FALSE,,,,,,,,,,,,,,
"r52096","2023-24","Colorado St.-Pueblo","Autumn Watts","wbb-014630","autumn watts","ambiguous_transfer",,FALSE,FALSE,,,,,,,,,,,,,,
"r52198","2023-24","Albertus Magnus","Hannah Barrientos","wbb-005510","hannah barrientos","ambiguous_transfer",,TRUE,TRUE,,,,,,,,,,,,,,
"r52198","2023-24","Albertus Magnus","Hannah Barrientos","wbb-013857","hannah barrientos","ambiguous_transfer",,FALSE,TRUE,,,,,,,,,,,,,,
"r53304","2023-24","Utah Valley","Jenna Dick","wbb-002396","jenna dick","ambiguous_transfer",,FALSE,TRUE,,,,,,,,,,,,,,
"r53304","2023-24","Utah Valley","Jenna Dick","wbb-016676","jenna dick","ambiguous_transfer",,FALSE,FALSE,,,,,,,,,,,,,,
"r40580","2023-24","Alabama A&M","Alisha Wilson","wbb-012447","alisha wilson","same_name_unconfirmed_transfer",,,,,,"Academy of Art","no_evidence","none",TRUE,TRUE,,,,,,,
"r40865","2023-24","Arkansas St.","Emma Imevbore","wbb-003958","emma imevbore","same_name_unconfirmed_transfer",,,,,,"Lamar","no_evidence","none",TRUE,TRUE,,,,,,,
"r40899","2023-24","Arkansas-Little Rock","Camryn James","wbb-011176","camryn james","same_name_unconfirmed_transfer",,,,,,"Southwestern (TX)","no_evidence","none",TRUE,TRUE,,,,,,,
"r41024","2023-24","Aurora","Anna Long","wbb-017948","anna long","same_name_unconfirmed_transfer",,,,,,"Binghamton","no_evidence","none",TRUE,TRUE,,,,,,,
"r41137","2023-24","Barry","Holly Davies","wbb-016569","holly davies","same_name_unconfirmed_transfer",,,,,,"Newberry","no_evidence","none",TRUE,TRUE,,,,,,,
"r41139","2023-24","Barry","Lauren Livingston","wbb-013821","lauren livingston","same_name_unconfirmed_transfer",,,,,,"Dubuque","no_evidence","none",TRUE,TRUE,,,,,,,
"r41267","2023-24","Bethel (MN)","Alli Born","wbb-020314","alli born","same_name_unconfirmed_transfer",,,,,,"Augsburg","no_evidence","none",TRUE,TRUE,,,,,,,
"r41406","2023-24","Bowie St.","Amaya Douglas","wbb-003913","amaya douglas","same_name_unconfirmed_transfer",,,,,,"Lafayette","no_evidence","none",TRUE,TRUE,,,,,,,
"r41409","2023-24","Bowling Green","Paige Kohler","wbb-000230","paige kohler","same_name_unconfirmed_transfer",,,,,,"Alma","no_evidence","none",TRUE,TRUE,,,,,,,
"r41563","2023-24","Buena Vista","Hayley Humphrey","wbb-016586","hayley humphrey","same_name_unconfirmed_transfer",,,,,,"Northland","no_evidence","none",TRUE,TRUE,,,,,,,
"r41700","2023-24","Chico St.","Meadow Aragon","wbb-010683","meadow aragon","same_name_unconfirmed_transfer",,,,,,"Western Ore.","no_evidence","none",TRUE,TRUE,,,,,,,
"r41796","2023-24","Sacramento State","Sophia Lee","wbb-017987","sophia lee","same_name_unconfirmed_transfer",,,,,,"Brigham Young","no_evidence","none",TRUE,TRUE,,,,,,,
"r42126","2023-24","Centenary (LA)","Makalyn Savoy","wbb-019463","makalyn savoy","same_name_unconfirmed_transfer",,,,,,"Ferrum","no_evidence","none",TRUE,TRUE,,,,,,,
"r42177","2023-24","Centre","Emma Perna","wbb-016797","emma perna","same_name_unconfirmed_transfer",,,,,,"Oglethorpe","no_evidence","none",TRUE,TRUE,,,,,,,
"r42293","2023-24","Clark (MA)","Simone Fiore","wbb-009205","simone fiore","same_name_unconfirmed_transfer",,,,,,"Worcester St.","no_evidence","none",TRUE,TRUE,,,,,,,
"r42329","2023-24","Cleveland State","Filippa Goula","wbb-018458","filippa goula","same_name_unconfirmed_transfer",,,,,,"Saint Francis (PA)","no_evidence","none",TRUE,TRUE,,,,,,,
"r42626","2023-24","Davis & Elkins","Deylana Forrest","wbb-017393","deylana forrest","same_name_unconfirmed_transfer",,,,,,"Notre Dame (OH)","no_evidence","none",TRUE,TRUE,,,,,,,
"r42694","2023-24","Delaware State","Ja'Naiah Perkins-Jackson","wbb-021395","ja naiah perkins jackson","same_name_unconfirmed_transfer",,,,,,"Cal St. Dom. Hills","no_evidence","none",TRUE,TRUE,,,,,,,
"r42695","2023-24","Delaware State","Victoria Eniafe","wbb-014105","victoria eniafe","corroborated_blocked",,,,,,"Grambling","failed_year_progression","hometown",FALSE,TRUE,,,,,,,
"r42736","2023-24","Delta St.","Jayla Smith","wbb-015248","jayla smith","same_name_unconfirmed_transfer",,,,,,"Purdue","no_evidence","none",TRUE,TRUE,,,,,,,
"r42771","2023-24","Denver","Lauren With","wbb-003526","lauren with","same_name_unconfirmed_transfer",,,,,,"UIndy","no_evidence","none",TRUE,TRUE,,,,,,,
"r42808","2023-24","Dist. Columbia","Tania Hill","wbb-021041","tania hill","same_name_unconfirmed_transfer",,,,,,"Texas Southern","no_evidence","none",TRUE,TRUE,,,,,,,
"r42842","2023-24","Drew","Harrison Anderson","wbb-021018","harrison anderson","same_name_unconfirmed_transfer",,,,,,"Swarthmore","no_evidence","none",TRUE,TRUE,,,,,,,
"r43079","2023-24","Eastern N.M.","Jamila Nansikombi-Gunter","wbb-017835","jamila nansikombi gunter","same_name_unconfirmed_transfer",,,,,,"Troy","no_evidence","none",TRUE,TRUE,,,,,,,
"r43100","2023-24","Eckerd","Martyna Kowalska","wbb-019768","martyna kowalska","same_name_unconfirmed_transfer",,,,,,"Idaho St.","no_evidence","none",TRUE,TRUE,,,,,,,
"r43103","2023-24","Eckerd","Bella Green","wbb-006823","bella green","same_name_unconfirmed_transfer",,,,,,"St. Francis College Brooklyn","no_evidence","none",TRUE,TRUE,,,,,,,
"r43150","2023-24","Elmhurst","Rowan Cusack","wbb-016537","rowan cusack","same_name_unconfirmed_transfer",,,,,,"Linfield","no_evidence","none",TRUE,TRUE,,,,,,,
"r43159","2023-24","Elmhurst","Shanyce Makuei","wbb-010191","shanyce makuei","same_name_unconfirmed_transfer",,,,,,"Marian (WI)","no_evidence","none",TRUE,TRUE,,,,,,,
"r43254","2023-24","Evansville","Madlena Gerke","wbb-014000","madlena gerke","same_name_unconfirmed_transfer",,,,,,"Fla. Southern","no_evidence","none",TRUE,TRUE,,,,,,,
"r43351","2023-24","Florida A&M","Aina Subirats","wbb-018302","aina subirats","same_name_unconfirmed_transfer",,,,,,"Morehead State","no_evidence","none",TRUE,TRUE,,,,,,,
"r43418","2023-24","Florida State","Sakyia White","wbb-005529","sakyia white","same_name_unconfirmed_transfer",,,,,,"North Alabama","no_evidence","none",TRUE,TRUE,,,,,,,
"r43464","2023-24","Franklin Pierce","Janessa Gonzalez","wbb-000654","janessa gonzalez","same_name_unconfirmed_transfer",,,,,,"Bentley","no_evidence","none",TRUE,TRUE,,,,,,,
"r43519","2023-24","Furman","Hanna Hansson","wbb-018526","hanna hansson","same_name_unconfirmed_transfer",,,,,,"UC Riverside","no_evidence","none",TRUE,TRUE,,,,,,,
"r43889","2023-24","Harvard","Mona Zarić","wbb-014277","mona zaric","same_name_unconfirmed_transfer",,,,,,"Indiana","no_evidence","none",TRUE,TRUE,,,,,,,
"r44297","2023-24","Iowa State","Hannah Belanger","wbb-005670","hannah belanger","same_name_unconfirmed_transfer",,,,,,"Truman State","no_evidence","none",TRUE,TRUE,,,,,,,
"r44423","2023-24","John Jay","Hannah Ruberto","wbb-006267","hannah ruberto","same_name_unconfirmed_transfer",,,,,,"Plattsburgh St.","no_evidence","none",TRUE,TRUE,,,,,,,
"r44550","2023-24","Kentucky St.","Aniyah Jenkins","wbb-020260","aniyah jenkins","corroborated_blocked",,,,,,"West Alabama","failed_year_progression","high_school",FALSE,TRUE,,,,,,,
"r44683","2023-24","Lake Forest","Rebecca Christodoulou","wbb-017364","rebecca christodoulou","same_name_unconfirmed_transfer",,,,,,"Ark.-Fort Smith","no_evidence","none",TRUE,TRUE,,,,,,,
"r44713","2023-24","Lake Superior St.","Taylor Stacy","wbb-017383","taylor stacy","same_name_unconfirmed_transfer",,,,,,"Cedarville","no_evidence","none",TRUE,TRUE,,,,,,,
"r44945","2023-24","UMass Lowell","Sophie Baydanov","wbb-018297","sophie baydanov","same_name_unconfirmed_transfer",,,,,,"Morehead State","no_evidence","none",TRUE,TRUE,,,,,,,
"r44956","2023-24","UMass Lowell","Alex Gitchenko","wbb-014070","alex gitchenko","same_name_unconfirmed_transfer",,,,,,"Georgia State","no_evidence","none",TRUE,TRUE,,,,,,,
"r44976","2023-24","Loyola Marymount","Soufia Inoussa","wbb-005402","soufia inoussa","same_name_unconfirmed_transfer",,,,,,"New Mexico State","no_evidence","none",TRUE,TRUE,,,,,,,
"r45085","2023-24","MacMurray","Helana Chadwick","wbb-021316","helana chadwick","same_name_unconfirmed_transfer",,,,,,"McMurry","no_evidence","none",TRUE,TRUE,,,,,,,
"r45089","2023-24","MacMurray","Aryana Cleveland","wbb-021319","aryana cleveland","same_name_unconfirmed_transfer",,,,,,"McMurry","no_evidence","none",TRUE,TRUE,,,,,,,
"r45095","2023-24","MacMurray","Tori Colman","wbb-021323","tori colman","same_name_unconfirmed_transfer",,,,,,"McMurry","no_evidence","none",TRUE,TRUE,,,,,,,
"r45130","2023-24","Manhattan","Caroline de Klauman","wbb-016051","caroline de klauman","same_name_unconfirmed_transfer",,,,,,"Winthrop","no_evidence","none",TRUE,TRUE,,,,,,,
"r45133","2023-24","Manhattan","Nitzan Amar","wbb-014840","nitzan amar","same_name_unconfirmed_transfer",,,,,,"UNC Greensboro","no_evidence","none",TRUE,TRUE,,,,,,,
"r45235","2023-24","Marshall","Aislynn Hayes","wbb-004772","aislynn hayes","corroborated_blocked",,,,,,"Mississippi State","failed_year_progression","previous_school",FALSE,TRUE,,,,,,,
"r45253","2023-24","Mary Baldwin","Angel Crowder","wbb-015280","angel crowder","same_name_unconfirmed_transfer",,,,,,"Randolph","no_evidence","none",TRUE,TRUE,,,,,,,
"r45388","2023-24","McNeese State","Helena Galunic","wbb-014556","helena galunic","same_name_unconfirmed_transfer",,,,,,"Manhattan","no_evidence","none",TRUE,TRUE,,,,,,,
"r45394","2023-24","McNeese State","Emilia Tenbrock","wbb-001833","emilia tenbrock","same_name_unconfirmed_transfer",,,,,,"Columbus St.","no_evidence","none",TRUE,TRUE,,,,,,,
"r45397","2023-24","McNeese State","Julia Puente","wbb-018394","julia puente","same_name_unconfirmed_transfer",,,,,,"Murray State","no_evidence","none",TRUE,TRUE,,,,,,,
"r45455","2023-24","Mercyhurst","Kate Deutsch","wbb-014018","kate deutsch","same_name_unconfirmed_transfer",,,,,,"Fordham","no_evidence","none",TRUE,TRUE,,,,,,,
"r45570","2023-24","Michigan","Elissa Brett","wbb-000821","elissa brett","same_name_unconfirmed_transfer",,,,,,"Bowling Green","no_evidence","none",TRUE,TRUE,,,,,,,
"r45628","2023-24","Millersville","Sophie Elstone","wbb-003850","sophie elstone","same_name_unconfirmed_transfer",,,,,,"Knox","no_evidence","none",TRUE,TRUE,,,,,,,
"r45632","2023-24","Millersville","Juliana Vinluan","wbb-003858","juliana vinluan","same_name_unconfirmed_transfer",,,,,,"Knox","no_evidence","none",TRUE,TRUE,,,,,,,
"r45658","2023-24","Millikin","Matayia Tellis","wbb-016581","matayia tellis","same_name_unconfirmed_transfer",,,,,,"Augustana (IL)","no_evidence","none",TRUE,TRUE,,,,,,,
"r45895","2023-24","Montclair St.","Tiffany Sosa","wbb-017169","tiffany sosa","same_name_unconfirmed_transfer",,,,,,"Farmingdale St.","no_evidence","none",TRUE,TRUE,,,,,,,
"r46307","2023-24","New Mexico","Charlotte Kohl","wbb-004904","charlotte kohl","same_name_unconfirmed_transfer",,,,,,"Mississippi State","no_evidence","none",TRUE,TRUE,,,,,,,
"r46315","2023-24","New Orleans","Evangelia Davlakou","wbb-020179","evangelia davlakou","same_name_unconfirmed_transfer",,,,,,"Jacksonville St.","no_evidence","none",TRUE,TRUE,,,,,,,
"r46854","2023-24","Ohio","Bengisu Alper","wbb-001788","bengisu alper","corroborated_blocked",,,,,,"Northwestern State","failed_year_progression","previous_school",FALSE,TRUE,,,,,,,
"r46859","2023-24","Oklahoma State","Ale’jah Douglas","wbb-017670","ale jah douglas","same_name_unconfirmed_transfer",,,,,,"Clemson","no_evidence","none",TRUE,TRUE,,,,,,,
"r46901","2023-24","Olivet","Jasmine Brown","wbb-011251","jasmine brown","same_name_unconfirmed_transfer",,,,,,"Endicott","no_evidence","none",TRUE,TRUE,,,,,,,
"r46961","2023-24","Oregon State","Kelsey Rees","wbb-008326","kelsey rees","same_name_unconfirmed_transfer",,,,,,"Utah","no_evidence","none",TRUE,TRUE,,,,,,,
"r47001","2023-24","Otterbein","Sophie Smith","wbb-018638","sophie smith","same_name_unconfirmed_transfer",,,,,,"Wofford","no_evidence","none",TRUE,TRUE,,,,,,,
"r47041","2023-24","UT-Rio Grande Valley","Kade Hackerott","wbb-001539","kade hackerott","same_name_unconfirmed_transfer",,,,,,"Central Mo.","no_evidence","none",TRUE,TRUE,,,,,,,
"r47255","2023-24","Prairie View A&M","Amauri Williams","wbb-021614","amauri williams","same_name_unconfirmed_transfer",,,,,,"Vanderbilt","no_evidence","none",TRUE,TRUE,,,,,,,
"r47331","2023-24","Quincy","Taya Stevenson","wbb-005767","taya stevenson","same_name_unconfirmed_transfer",,,,,,"Northern Michigan","no_evidence","none",TRUE,TRUE,,,,,,,
"r47629","2023-24","Roger Williams","Elizabeth Dufrane","wbb-002160","elizabeth dufrane","corroborated_blocked",,,,,,"Mary Washington","failed_year_progression","hometown",FALSE,TRUE,,,,,,,
"r47632","2023-24","Roger Williams","Abrielle Racine","wbb-014647","abrielle racine","corroborated_blocked",,,,,,"Mercy","failed_year_progression","hometown",FALSE,TRUE,,,,,,,
"r47874","2023-24","Saint Leo","Andjela Pavicevic","wbb-016414","andjela pavicevic","same_name_unconfirmed_transfer",,,,,,"Glenville St.","no_evidence","none",TRUE,TRUE,,,,,,,
"r47991","2023-24","Saint Peter's","Reilly Sunday","wbb-017696","reilly sunday","same_name_unconfirmed_transfer",,,,,,"Duquesne","no_evidence","none",TRUE,TRUE,,,,,,,
"r47992","2023-24","Saint Peter's","Maria Fux","wbb-005386","maria fux","same_name_unconfirmed_transfer",,,,,,"New Jersey Institute of Technology","no_evidence","none",TRUE,TRUE,,,,,,,
"r48124","2023-24","San Fran. St.","Imani Felix","wbb-015469","imani felix","same_name_unconfirmed_transfer",,,,,,"Saint Peter's","no_evidence","none",TRUE,TRUE,,,,,,,
"r48321","2023-24","Sonoma St.","Madisyn Clark","wbb-010687","madisyn clark","same_name_unconfirmed_transfer",,,,,,"Western Ore.","no_evidence","none",TRUE,TRUE,,,,,,,
"r48408","2023-24","South Florida","Evelien Lutje Schipholt","wbb-001230","evelien lutje schipholt","same_name_unconfirmed_transfer",,,,,,"California","no_evidence","none",TRUE,TRUE,,,,,,,
"r48450","2023-24","UMass Dartmouth","Amaris Mills","wbb-015468","amaris mills","same_name_unconfirmed_transfer",,,,,,"Saint Peter's","no_evidence","none",TRUE,TRUE,,,,,,,
"r48623","2023-24","Texas State","Crystal Smith","wbb-016678","crystal smith","same_name_unconfirmed_transfer",,,,,,"Tarleton St.","no_evidence","none",TRUE,TRUE,,,,,,,
"r48680","2023-24","Staten Island","Oyinkansola Oke","wbb-020722","oyinkansola oke","corroborated_blocked",,,,,,"Queens (NY)","failed_year_progression","hometown",FALSE,TRUE,,,,,,,
"r48858","2023-24","Tennessee St.","Diamond Cannon","wbb-013357","diamond cannon","same_name_unconfirmed_transfer",,,,,,"UT Martin","no_evidence","none",TRUE,TRUE,,,,,,,
"r48897","2023-24","Tennessee","Jillian Hollingshead","wbb-014084","jillian hollingshead","corroborated_blocked",,,,,,"Georgia","height_conflict","previous_school",TRUE,FALSE,,,,,,,
"r48917","2023-24","Tex. A&M-Kingsville","Aina Maynou","wbb-019354","aina maynou","same_name_unconfirmed_transfer",,,,,,"Salem (WV)","no_evidence","none",TRUE,TRUE,,,,,,,
"r48925","2023-24","Tex. A&M-Kingsville","Brooke Lechleitner","wbb-018010","brooke lechleitner","same_name_unconfirmed_transfer",,,,,,"Central Connecticut","no_evidence","none",TRUE,TRUE,,,,,,,
"r49039","2023-24","Texas-El Paso","Jane Asinde","wbb-016028","jane asinde","same_name_unconfirmed_transfer",,,,,,"Wichita State","no_evidence","none",TRUE,TRUE,,,,,,,
"r49256","2023-24","Army","Soleil Montrose","wbb-018585","soleil montrose","same_name_unconfirmed_transfer",,,,,,"Texas-El Paso","no_evidence","none",TRUE,TRUE,,,,,,,
"r49498","2023-24","Wagner","Maite Lara Garcia","wbb-018060","maite lara garcia","same_name_unconfirmed_transfer",,,,,,"Detroit Mercy","no_evidence","none",TRUE,TRUE,,,,,,,
"r49659","2023-24","Webster","Kaimyla Nolen","wbb-019202","kaimyla nolen","same_name_unconfirmed_transfer",,,,,,"Western Wash.","no_evidence","none",TRUE,TRUE,,,,,,,
"r49722","2023-24","West Virginia","Ainhoa Holzer","wbb-017800","ainhoa holzer","same_name_unconfirmed_transfer",,,,,,"Purdue","no_evidence","none",TRUE,TRUE,,,,,,,
"r49723","2023-24","West Virginia","Danelle Arigbabu","wbb-001154","danelle arigbabu","same_name_unconfirmed_transfer",,,,,,"Long Beach State","no_evidence","none",TRUE,TRUE,,,,,,,
"r49923","2023-24","Willamette","Elyse Waldal","wbb-016539","elyse waldal","same_name_unconfirmed_transfer",,,,,,"Linfield","no_evidence","none",TRUE,TRUE,,,,,,,
"r49976","2023-24","Winston-Salem","Christiana McLean","wbb-004433","christiana mclean","same_name_unconfirmed_transfer",,,,,,"Marshall","no_evidence","none",TRUE,TRUE,,,,,,,
"r50042","2023-24","Wisconsin-La Crosse","Ella Jordan","wbb-021235","ella jordan","same_name_unconfirmed_transfer",,,,,,"Wisconsin-Whitewater","no_evidence","none",TRUE,TRUE,,,,,,,
"r50099","2023-24","Wisconsin-Parkside","Gabriela Loiz","wbb-000434","gabriela loiz","same_name_unconfirmed_transfer",,,,,,"Augustana (IL)","no_evidence","none",TRUE,TRUE,,,,,,,
"r50135","2023-24","Wisconsin-River Falls","Emily Kulstad","wbb-015659","emily kulstad","same_name_unconfirmed_transfer",,,,,,"Southern Utah","no_evidence","none",TRUE,TRUE,,,,,,,
"r50287","2023-24","Wright St.","Jada Tate","wbb-010604","jada tate","same_name_unconfirmed_transfer",,,,,,"Tiffin","no_evidence","none",TRUE,TRUE,,,,,,,
"r50317","2023-24","Xavier","Loren 	 Christie","wbb-000959","loren christie","same_name_unconfirmed_transfer",,,,,,"San Francisco","no_evidence","none",TRUE,TRUE,,,,,,,
"r50437","2023-24","Arkansas Tech","Maisa Marcal","wbb-018130","maisa marcal","same_name_unconfirmed_transfer",,,,,,"Grand Canyon","no_evidence","none",TRUE,TRUE,,,,,,,
"r50534","2023-24","Cameron","Courtnee Cash","wbb-016252","courtnee cash","same_name_unconfirmed_transfer",,,,,,"Central Okla.","no_evidence","none",TRUE,TRUE,,,,,,,
"r50557","2023-24","Carson-Newman","Abigail Johnson","wbb-016584","abigail johnson","same_name_unconfirmed_transfer",,,,,,"Northern St.","no_evidence","none",TRUE,TRUE,,,,,,,
"r50571","2023-24","Catawba","Yvonne Lee","wbb-011476","yvonne lee","corroborated_blocked",,,,,,"Queens (NC)","height_conflict","previous_school",TRUE,FALSE,,,,,,,
"r50646","2023-24","Charleston (WV)","Taylor Austin","wbb-017581","taylor austin","same_name_unconfirmed_transfer",,,,,,"Purdue Northwest","no_evidence","none",TRUE,TRUE,,,,,,,
"r50647","2023-24","Charleston (WV)","Ksenija Mitric","wbb-004434","ksenija mitric","same_name_unconfirmed_transfer",,,,,,"Marshall","no_evidence","none",TRUE,TRUE,,,,,,,
"r50680","2023-24","Coker","Sara Aumer","wbb-005547","sara aumer","same_name_unconfirmed_transfer",,,,,,"N.C. A&T","no_evidence","none",TRUE,TRUE,,,,,,,
"r50756","2023-24","Drury","Sydney Hobbs","wbb-017345","sydney hobbs","same_name_unconfirmed_transfer",,,,,,"Tex. Permian Basin","no_evidence","none",TRUE,TRUE,,,,,,,
"r50758","2023-24","Drury","Beth Matas Martin","wbb-015257","beth matas martin","same_name_unconfirmed_transfer",,,,,,"Quincy","no_evidence","none",TRUE,TRUE,,,,,,,
"r50777","2023-24","D'Youville","Erin Hardick","wbb-011802","erin hardick","same_name_unconfirmed_transfer",,,,,,"Medaille","no_evidence","none",TRUE,TRUE,,,,,,,
"r50780","2023-24","D'Youville","Carla Torrubia Cano","wbb-019044","carla torrubia cano","same_name_unconfirmed_transfer",,,,,,"Wheeling","no_evidence","none",TRUE,TRUE,,,,,,,
"r50855","2023-24","Emporia St.","Queen Ulabo","wbb-015805","queen ulabo","same_name_unconfirmed_transfer",,,,,,"UT-San Antonio","no_evidence","none",TRUE,TRUE,,,,,,,
"r50915","2023-24","Fort Lewis","Sydney Bevington","wbb-015518","sydney bevington","same_name_unconfirmed_transfer",,,,,,"Idaho St.","no_evidence","none",TRUE,TRUE,,,,,,,
"r50997","2023-24","Grand Canyon","Kristyna Jeskeova","wbb-001147","kristyna jeskeova","same_name_unconfirmed_transfer",,,,,,"Long Beach State","no_evidence","none",TRUE,TRUE,,,,,,,
"r51095","2023-24","Henderson St.","Makenna Winans","wbb-000558","makenna winans","same_name_unconfirmed_transfer",,,,,,"Oral Roberts","no_evidence","none",TRUE,TRUE,,,,,,,
"r51276","2023-24","Lenoir-Rhyne","Maleiya Hill","wbb-010287","maleiya hill","same_name_unconfirmed_transfer",,,,,,"Mount Olive","no_evidence","none",TRUE,TRUE,,,,,,,
"r51323","2023-24","Marian (WI)","Sara Majorosova","wbb-007506","sara majorosova","same_name_unconfirmed_transfer",,,,,,"SIUE","no_evidence","none",TRUE,TRUE,,,,,,,
"r51478","2023-24","Northwest Nazarene","Kendall Clark","wbb-019829","kendall clark","same_name_unconfirmed_transfer",,,,,,"Crown (MN)","no_evidence","none",TRUE,TRUE,,,,,,,
"r51556","2023-24","Rockhurst","Ella Campbell","wbb-021382","ella campbell","same_name_unconfirmed_transfer",,,,,,"Concordia-St. Paul","no_evidence","none",TRUE,TRUE,,,,,,,
"r51585","2023-24","St. Edward's","Abbey Morton","wbb-018079","abbey morton","same_name_unconfirmed_transfer",,,,,,"Eastern Kentucky","no_evidence","none",TRUE,TRUE,,,,,,,
"r51701","2023-24","Southern Ark.","Haylee Mitchell","wbb-016330","haylee mitchell","same_name_unconfirmed_transfer",,,,,,"Drury","no_evidence","none",TRUE,TRUE,,,,,,,
"r51761","2023-24","Texas Lutheran","Juliett Martinez","wbb-010473","juliett martinez","same_name_unconfirmed_transfer",,,,,,"St. Mary's (TX)","no_evidence","none",TRUE,TRUE,,,,,,,
"r51782","2023-24","Wayne St. (NE)","Carsyn Boswell","wbb-003333","carsyn boswell","corroborated_blocked",,,,,,"Idaho St.","failed_year_progression","previous_school",FALSE,TRUE,,,,,,,
"r51811","2023-24","Waynesburg","Brianna Lloyd","wbb-012304","brianna lloyd","same_name_unconfirmed_transfer",,,,,,"Geneva","no_evidence","none",TRUE,TRUE,,,,,,,
"r51880","2023-24","Western Ore.","Jodi Noyes","wbb-020988","jodi noyes","same_name_unconfirmed_transfer",,,,,,"Southern Utah","no_evidence","none",TRUE,TRUE,,,,,,,
"r51882","2023-24","Western Ore.","Michaela Harris","wbb-012450","michaela harris","same_name_unconfirmed_transfer",,,,,,"Academy of Art","no_evidence","none",TRUE,TRUE,,,,,,,
"r51883","2023-24","Western Ore.","Triniti Youngblood","wbb-015440","triniti youngblood","same_name_unconfirmed_transfer",,,,,,"Saint Leo","no_evidence","none",TRUE,TRUE,,,,,,,
"r51894","2023-24","Western Wash.","Aspen Garrison","wbb-015447","aspen garrison","same_name_unconfirmed_transfer",,,,,,"Saint Mary's (CA)","no_evidence","none",TRUE,TRUE,,,,,,,
"r51962","2023-24","Goucher","Merci Turner","wbb-012956","merci turner","same_name_unconfirmed_transfer",,,,,,"Concordia (CA)","no_evidence","none",TRUE,TRUE,,,,,,,
"r52202","2023-24","Albertus Magnus","Sarah Evangelista","wbb-015144","sarah evangelista","same_name_unconfirmed_transfer",,,,,,"Elms","no_evidence","none",TRUE,TRUE,,,,,,,
"r52280","2023-24","Ark.-Monticello","Kelsey Blakemore","wbb-016813","kelsey blakemore","same_name_unconfirmed_transfer",,,,,,"Southwest Baptist","no_evidence","none",TRUE,TRUE,,,,,,,
"r52380","2023-24","Southwestern Okla.","Mason Jones","wbb-016675","mason jones","same_name_unconfirmed_transfer",,,,,,"Tarleton St.","no_evidence","none",TRUE,TRUE,,,,,,,
"r52406","2023-24","Chowan","Kyla Thomas","wbb-016522","kyla thomas","same_name_unconfirmed_transfer",,,,,,"Lander","no_evidence","none",TRUE,TRUE,,,,,,,
"r52519","2023-24","Mo. Southern St.","Brandi Hudson","wbb-016527","brandi hudson","same_name_unconfirmed_transfer",,,,,,"Lenoir-Rhyne","no_evidence","none",TRUE,TRUE,,,,,,,
"r52640","2023-24","Shepherd","Annie Hunt","wbb-017043","annie hunt","same_name_unconfirmed_transfer",,,,,,"Wheeling","no_evidence","none",TRUE,TRUE,,,,,,,
"r52692","2023-24","S.C. Aiken","Jaya Nelson","wbb-016180","jaya nelson","same_name_unconfirmed_transfer",,,,,,"Alderson Broaddus","no_evidence","none",TRUE,TRUE,,,,,,,
"r52755","2023-24","Fontbonne","Brianna Beamer","wbb-008630","brianna beamer","same_name_unconfirmed_transfer",,,,,,"Webster","no_evidence","none",TRUE,TRUE,,,,,,,
"r52775","2023-24","West Florida","Delaney Trushel","wbb-011434","delaney trushel","corroborated_blocked",,,,,,"S.C. Aiken","failed_year_progression","previous_school",FALSE,TRUE,,,,,,,
"r53123","2023-24","Concordia (TX)","Hayla Flowers","wbb-019825","hayla flowers","same_name_unconfirmed_transfer",,,,,,"Crown (MN)","no_evidence","none",TRUE,TRUE,,,,,,,
"r53212","2023-24","Birmingham-Southern","Kennyhia Patterson","wbb-016482","kennyhia patterson","same_name_unconfirmed_transfer",,,,,,"Huntingdon","no_evidence","none",TRUE,TRUE,,,,,,,
"r53262","2023-24","Trevecca Nazarene","Brin Hultz","wbb-014715","brin hultz","same_name_unconfirmed_transfer",,,,,,"Millikin","no_evidence","none",TRUE,TRUE,,,,,,,
"r53499","2023-24","Newman","Paige Craft","wbb-017425","paige craft","same_name_unconfirmed_transfer",,,,,,"Lindenwood (MO)","no_evidence","none",TRUE,TRUE,,,,,,,
"r53657","2023-24","Lancaster Bible","Raven Hunter","wbb-008610","raven hunter","same_name_unconfirmed_transfer",,,,,,"Webster","no_evidence","none",TRUE,TRUE,,,,,,,
"r53715","2023-24","AUM","Lenlee Klusman","wbb-016623","lenlee klusman","same_name_unconfirmed_transfer",,,,,,"Post","no_evidence","none",TRUE,TRUE,,,,,,,
"r53736","2023-24","Ark.-Fort Smith","Morgan Browning","wbb-014782","morgan browning","same_name_unconfirmed_transfer",,,,,,"Morehead State","no_evidence","none",TRUE,TRUE,,,,,,,
"r53803","2023-24","Academy of Art","Alba Rovira Ayuso","wbb-018105","alba rovira ayuso","same_name_unconfirmed_transfer",,,,,,"Fairleigh Dickinson","no_evidence","none",TRUE,TRUE,,,,,,,
"r53805","2023-24","Academy of Art","Yasmine Sifaoui","wbb-006614","yasmine sifaoui","same_name_unconfirmed_transfer",,,,,,"Robert Morris","no_evidence","none",TRUE,TRUE,,,,,,,
"r53826","2023-24","Minot St.","Cassidy King","wbb-010390","cassidy king","same_name_unconfirmed_transfer",,,,,,"Pitt.-Bradford","no_evidence","none",TRUE,TRUE,,,,,,,
"r53840","2023-24","Notre Dame (OH)","Rachel Richardson","wbb-003793","rachel richardson","same_name_unconfirmed_transfer",,,,,,"Ky. Wesleyan","no_evidence","none",TRUE,TRUE,,,,,,,
"r53907","2023-24","California Baptist","Emily Sewell","wbb-015214","emily sewell","same_name_unconfirmed_transfer",,,,,,"Portland","no_evidence","none",TRUE,TRUE,,,,,,,
"r53913","2023-24","California Baptist","Nhug Bosch Duran","wbb-016029","nhug bosch duran","same_name_unconfirmed_transfer",,,,,,"Wichita State","no_evidence","none",TRUE,TRUE,,,,,,,
"r53972","2023-24","Walsh","Lydia Reimbold","wbb-000612","lydia reimbold","same_name_unconfirmed_transfer",,,,,,"Bellarmine","no_evidence","none",TRUE,TRUE,,,,,,,
"r54046","2023-24","Southern Nazarene","Abbie Jiles","wbb-009979","abbie jiles","same_name_unconfirmed_transfer",,,,,,"Henderson St.","no_evidence","none",TRUE,TRUE,,,,,,,
"r54062","2023-24","Union (TN)","Olivia Lee","wbb-010671","olivia lee","same_name_unconfirmed_transfer",,,,,,"Cal St. San Bernardino","no_evidence","none",TRUE,TRUE,,,,,,,
"r54123","2023-24","SUNY Canton","Natalie Bartle","wbb-011458","natalie bartle","same_name_unconfirmed_transfer",,,,,,"Finlandia","no_evidence","none",TRUE,TRUE,,,,,,,
"r54208","2023-24","Rogers St.","Alyza Aikins","wbb-016819","alyza aikins","same_name_unconfirmed_transfer",,,,,,"Western Colo.","no_evidence","none",TRUE,TRUE,,,,,,,
"r54269","2023-24","Southern Wesleyan","Asia Pearly","wbb-004504","asia pearly","same_name_unconfirmed_transfer",,,,,,"Maryland-Eastern Shore","no_evidence","none",TRUE,TRUE,,,,,,,
"r54291","2023-24","Cal St. San Marcos","Ava Ranson","wbb-005015","ava ranson","same_name_unconfirmed_transfer",,,,,,"Montana State","no_evidence","none",TRUE,TRUE,,,,,,,
"r54299","2023-24","Cal St. San Marcos","Truitt Reilly","wbb-016729","truitt reilly","same_name_unconfirmed_transfer",,,,,,"Western Wash.","no_evidence","none",TRUE,TRUE,,,,,,,
"r54301","2023-24","Cal St. San Marcos","Camille Johnson","wbb-007328","camille johnson","corroborated_blocked",,,,,,"Sonoma St.","failed_year_progression","hometown",FALSE,TRUE,,,,,,,
"r50490","2023-24","Arcadia","Katie Rodriguez","wbb-000998",,"duplicate_wbb_id_claim",,,,,,,,,,,,,,,,,
"r42103","2023-24","Centenary (LA)","Jasmine Sampong","wbb-001471",,"duplicate_wbb_id_claim",,,,,,,,,,,,,,,,,
"r42110","2023-24","Centenary (LA)","D'Ani Morales","wbb-001474",,"duplicate_wbb_id_claim",,,,,,,,,,,,,,,,,
"r42115","2023-24","Centenary (LA)","Kayla Sampong","wbb-001478",,"duplicate_wbb_id_claim",,,,,,,,,,,,,,,,,
"r42117","2023-24","Centenary (LA)","Tanya Elsbree","wbb-001479",,"duplicate_wbb_id_claim",,,,,,,,,,,,,,,,,
"r42122","2023-24","Centenary (LA)","Sofia Mendez","wbb-001481",,"duplicate_wbb_id_claim",,,,,,,,,,,,,,,,,
"r42123","2023-24","Centenary (LA)","Cameron Fulcher","wbb-001482",,"duplicate_wbb_id_claim",,,,,,,,,,,,,,,,,
"r42127","2023-24","Centenary (LA)","Elainy Pichardo","wbb-001485",,"duplicate_wbb_id_claim",,,,,,,,,,,,,,,,,
"r48770","2023-24","Suffolk","Lauren Romito","wbb-002815",,"duplicate_wbb_id_claim",,,,,,,,,,,,,,,,,
"r48712","2023-24","Stetson","Tyra Myers","wbb-006817",,"duplicate_wbb_id_claim",,,,,,,,,,,,,,,,,
"r48738","2023-24","Stonehill","Paige Martin","wbb-006818",,"duplicate_wbb_id_claim",,,,,,,,,,,,,,,,,
"r46054","2023-24","UNC Asheville","Jaila Lee","wbb-006820",,"duplicate_wbb_id_claim",,,,,,,,,,,,,,,,,
"r51629","2023-24","St. Mary's (TX)","Sheridan Kavanagh","wbb-006822",,"duplicate_wbb_id_claim",,,,,,,,,,,,,,,,,
"r43385","2023-24","FIU","Angena Belloso","wbb-006824",,"duplicate_wbb_id_claim",,,,,,,,,,,,,,,,,
"r44997","2023-24","Loyola-Chicago","Alyssa Fisher","wbb-006825",,"duplicate_wbb_id_claim",,,,,,,,,,,,,,,,,
"r47281","2023-24","Providence","Sarah Bandoma","wbb-006828",,"duplicate_wbb_id_claim",,,,,,,,,,,,,,,,,
"r41820","2023-24","Cal U (PA)","Iyahnna Williams","wbb-009318",,"duplicate_wbb_id_claim",,,,,,,,,,,,,,,,,
"r45348","2023-24","Marywood","Mia Blume","wbb-010300",,"duplicate_wbb_id_claim",,,,,,,,,,,,,,,,,
"r51204","2023-24","Keuka","Caiden Crego","wbb-011799",,"duplicate_wbb_id_claim",,,,,,,,,,,,,,,,,
"r40714","2023-24","Alfred","Shyanne Trinh","wbb-011808",,"duplicate_wbb_id_claim",,,,,,,,,,,,,,,,,
"r52954","2023-24","Salem (WV)","Londaisha Smith","wbb-016182",,"duplicate_wbb_id_claim",,,,,,,,,,,,,,,,,
"r44239","2023-24","Indiana (PA)","Nyshae' Weaver","wbb-016183",,"duplicate_wbb_id_claim",,,,,,,,,,,,,,,,,
"r52963","2023-24","Salem (WV)","Cassandra Smith","wbb-016185",,"duplicate_wbb_id_claim",,,,,,,,,,,,,,,,,
"r43136","2023-24","Elizabethtown","Ella Gordon","wbb-018980",,"duplicate_wbb_id_claim",,,,,,,,,,,,,,,,,
"r40749","2023-24","DeSales","Emma Pyne","wbb-018983",,"duplicate_wbb_id_claim",,,,,,,,,,,,,,,,,
"r46048","2023-24","Muskingum","Laurell Brown","wbb-019516",,"duplicate_wbb_id_claim",,,,,,,,,,,,,,,,,
"r50140","2023-24","Wisconsin-River Falls","Olivia Hoerl","wbb-021221",,"duplicate_wbb_id_claim",,,,,,,,,,,,,,,,,
"r45027","2023-24","Luther","Kayla Will","wbb-021226",,"duplicate_wbb_id_claim",,,,,,,,,,,,,,,,,
"r45080","2023-24","MacMurray","Kylie Flippin","wbb-021312",,"duplicate_wbb_id_claim",,,,,,,,,,,,,,,,,
"r45086","2023-24","MacMurray","Bel Martinez","wbb-021313",,"duplicate_wbb_id_claim",,,,,,,,,,,,,,,,,
"r52321","2023-24","McMurry","Jay Hollie","wbb-021340",,"duplicate_wbb_id_claim",,,,,,,,,,,,,,,,,
"r55991","2024-25","Canisius","Jaela Johnson","wbb-013252","jaela johnson","ambiguous_transfer",,TRUE,FALSE,,,,,,,,,,,,,,
"r55991","2024-25","Canisius","Jaela Johnson","wbb-016785","jaela johnson","ambiguous_transfer",,TRUE,FALSE,,,,,,,,,,,,,,
"r56149","2024-25","Central (IA)","Gabby Moore","wbb-000458","gabby moore","ambiguous_transfer",,TRUE,FALSE,,,,,,,,,,,,,,
"r56149","2024-25","Central (IA)","Gabby Moore","wbb-020397","gabby moore","ambiguous_transfer",,TRUE,FALSE,,,,,,,,,,,,,,
"r57083","2024-25","Eastern Illinois","Kiyley Flowers","wbb-016421","kiyley flowers","ambiguous_transfer",,TRUE,FALSE,,,,,,,,,,,,,,
"r57083","2024-25","Eastern Illinois","Kiyley Flowers","wbb-017778","kiyley flowers","ambiguous_transfer",,FALSE,TRUE,,,,,,,,,,,,,,
"r57375","2024-25","FDU-Florham","Kolby Lynch","wbb-016966","kolby lynch","ambiguous_transfer",,TRUE,FALSE,,,,,,,,,,,,,,
"r57375","2024-25","FDU-Florham","Kolby Lynch","wbb-026039","kolby lynch","ambiguous_transfer",,TRUE,FALSE,,,,,,,,,,,,,,
"r57752","2024-25","Georgia Southern","Nicole Gwynn","wbb-015597","nicole gwynn","ambiguous_transfer",,FALSE,TRUE,,,,,,,,,,,,,,
"r57752","2024-25","Georgia Southern","Nicole Gwynn","wbb-017025","nicole gwynn","ambiguous_transfer",,TRUE,TRUE,,,,,,,,,,,,,,
"r57752","2024-25","Georgia Southern","Nicole Gwynn","wbb-020956","nicole gwynn","ambiguous_transfer",,FALSE,TRUE,,,,,,,,,,,,,,
"r58426","2024-25","Indiana (PA)","Marin Miller","wbb-004809","marin miller","ambiguous_transfer",,TRUE,TRUE,,,,,,,,,,,,,,
"r58426","2024-25","Indiana (PA)","Marin Miller","wbb-020427","marin miller","ambiguous_transfer",,TRUE,TRUE,,,,,,,,,,,,,,
"r58426","2024-25","Indiana (PA)","Marin Miller","wbb-023660","marin miller","ambiguous_transfer",,TRUE,TRUE,,,,,,,,,,,,,,
"r58547","2024-25","Jacksonville","Priscilla Williams","wbb-007802","priscilla williams","ambiguous_transfer",,TRUE,TRUE,,,,,,,,,,,,,,
"r58547","2024-25","Jacksonville","Priscilla Williams","wbb-017860","priscilla williams","ambiguous_transfer",,TRUE,FALSE,,,,,,,,,,,,,,
"r58547","2024-25","Jacksonville","Priscilla Williams","wbb-024094","priscilla williams","ambiguous_transfer",,TRUE,FALSE,,,,,,,,,,,,,,
"r58575","2024-25","New Jersey City","Elainy Pichardo","wbb-001485","elainy pichardo","ambiguous_transfer",,TRUE,TRUE,,,,,,,,,,,,,,
"r58575","2024-25","New Jersey City","Elainy Pichardo","wbb-022529","elainy pichardo","ambiguous_transfer",,TRUE,TRUE,,,,,,,,,,,,,,
"r60116","2024-25","Monmouth","Kemari Reynolds","wbb-006169","kemari reynolds","ambiguous_transfer",,FALSE,TRUE,,,,,,,,,,,,,,
"r60116","2024-25","Monmouth","Kemari Reynolds","wbb-013396","kemari reynolds","ambiguous_transfer",,TRUE,FALSE,,,,,,,,,,,,,,
"r60147","2024-25","Montana","Tyler McCliment-Call","wbb-006306","tyler mccliment call","ambiguous_transfer",,TRUE,TRUE,,,,,,,,,,,,,,
"r60147","2024-25","Montana","Tyler McCliment-Call","wbb-015680","tyler mccliment call","ambiguous_transfer",,FALSE,TRUE,,,,,,,,,,,,,,
"r60367","2024-25","UNC Greensboro","Jaila Lee","wbb-006820","jaila lee","ambiguous_transfer",,FALSE,TRUE,,,,,,,,,,,,,,
"r60367","2024-25","UNC Greensboro","Jaila Lee","wbb-023812","jaila lee","ambiguous_transfer",,TRUE,TRUE,,,,,,,,,,,,,,
"r60507","2024-25","New Hampshire","Sydney Lusher","wbb-014440","sydney lusher","ambiguous_transfer",,TRUE,FALSE,,,,,,,,,,,,,,
"r60507","2024-25","New Hampshire","Sydney Lusher","wbb-023373","sydney lusher","ambiguous_transfer",,TRUE,FALSE,,,,,,,,,,,,,,
"r60599","2024-25","NYU","Jamie Behar","wbb-004002","jamie behar","ambiguous_transfer",,TRUE,TRUE,,,,,,,,,,,,,,
"r60599","2024-25","NYU","Jamie Behar","wbb-018211","jamie behar","ambiguous_transfer",,TRUE,TRUE,,,,,,,,,,,,,,
"r60599","2024-25","NYU","Jamie Behar","wbb-023385","jamie behar","ambiguous_transfer",,TRUE,TRUE,,,,,,,,,,,,,,
"r60903","2024-25","Northern Kentucky","Abby Wolterman","wbb-010827","abby wolterman","ambiguous_transfer",,TRUE,TRUE,,,,,,,,,,,,,,
"r60903","2024-25","Northern Kentucky","Abby Wolterman","wbb-019619","abby wolterman","ambiguous_transfer",,TRUE,TRUE,,,,,,,,,,,,,,
"r60903","2024-25","Northern Kentucky","Abby Wolterman","wbb-025818","abby wolterman","ambiguous_transfer",,TRUE,TRUE,,,,,,,,,,,,,,
"r60906","2024-25","Northern Kentucky","Jaci Jones","wbb-010825","jaci jones","ambiguous_transfer",,TRUE,TRUE,,,,,,,,,,,,,,
"r60906","2024-25","Northern Kentucky","Jaci Jones","wbb-019617","jaci jones","ambiguous_transfer",,TRUE,TRUE,,,,,,,,,,,,,,
"r60906","2024-25","Northern Kentucky","Jaci Jones","wbb-025819","jaci jones","ambiguous_transfer",,TRUE,TRUE,,,,,,,,,,,,,,
"r61244","2024-25","Oregon","Nani Falatea","wbb-013383","nani falatea","ambiguous_transfer",,TRUE,FALSE,,,,,,,,,,,,,,
"r61244","2024-25","Oregon","Nani Falatea","wbb-017986","nani falatea","ambiguous_transfer",,TRUE,FALSE,,,,,,,,,,,,,,
"r62403","2024-25","Sam Houston State","Kyleigh McGuire","wbb-008022","kyleigh mcguire","ambiguous_transfer",,TRUE,FALSE,,,,,,,,,,,,,,
"r62403","2024-25","Sam Houston State","Kyleigh McGuire","wbb-018608","kyleigh mcguire","ambiguous_transfer",,TRUE,FALSE,,,,,,,,,,,,,,
"r62403","2024-25","Sam Houston State","Kyleigh McGuire","wbb-024768","kyleigh mcguire","ambiguous_transfer",,TRUE,FALSE,,,,,,,,,,,,,,
"r63449","2024-25","Towson","Masyn Marchbanks","wbb-015494","masyn marchbanks","ambiguous_transfer",,TRUE,FALSE,,,,,,,,,,,,,,
"r63449","2024-25","Towson","Masyn Marchbanks","wbb-018440","masyn marchbanks","ambiguous_transfer",,TRUE,FALSE,,,,,,,,,,,,,,
"r63449","2024-25","Towson","Masyn Marchbanks","wbb-024468","masyn marchbanks","ambiguous_transfer",,TRUE,FALSE,,,,,,,,,,,,,,
"r63565","2024-25","Tuskegee","Alexandria Johnson","wbb-011471","alexandria johnson","ambiguous_transfer",,TRUE,FALSE,,,,,,,,,,,,,,
"r63565","2024-25","Tuskegee","Alexandria Johnson","wbb-018894","alexandria johnson","ambiguous_transfer",,TRUE,FALSE,,,,,,,,,,,,,,
"r63565","2024-25","Tuskegee","Alexandria Johnson","wbb-026090","alexandria johnson","ambiguous_transfer",,TRUE,FALSE,,,,,,,,,,,,,,
"r63576","2024-25","Tuskegee","Hilani Cantone","wbb-000317","hilani cantone","ambiguous_transfer",,TRUE,TRUE,,,,,,,,,,,,,,
"r63576","2024-25","Tuskegee","Hilani Cantone","wbb-003778","hilani cantone","ambiguous_transfer",,TRUE,TRUE,,,,,,,,,,,,,,
"r63740","2024-25","Valdosta St.","Kiersten Nelson","wbb-007103","kiersten nelson","ambiguous_transfer",,TRUE,TRUE,,,,,,,,,,,,,,
"r63740","2024-25","Valdosta St.","Kiersten Nelson","wbb-018444","kiersten nelson","ambiguous_transfer",,TRUE,TRUE,,,,,,,,,,,,,,
"r63740","2024-25","Valdosta St.","Kiersten Nelson","wbb-024469","kiersten nelson","ambiguous_transfer",,TRUE,TRUE,,,,,,,,,,,,,,
"r63882","2024-25","Wagner","Hawa Balde-Camara","wbb-011470","hawa balde camara","ambiguous_transfer",,FALSE,TRUE,,,,,,,,,,,,,,
"r63882","2024-25","Wagner","Hawa Balde-Camara","wbb-018896","hawa balde camara","ambiguous_transfer",,FALSE,TRUE,,,,,,,,,,,,,,
"r63882","2024-25","Wagner","Hawa Balde-Camara","wbb-026089","hawa balde camara","ambiguous_transfer",,FALSE,FALSE,,,,,,,,,,,,,,
"r64599","2024-25","Wisconsin-Stout","Lexi Wagner","wbb-004638","lexi wagner","ambiguous_transfer",,FALSE,FALSE,,,,,,,,,,,,,,
"r64599","2024-25","Wisconsin-Stout","Lexi Wagner","wbb-009298","lexi wagner","ambiguous_transfer",,TRUE,TRUE,,,,,,,,,,,,,,
"r66237","2024-25","West Liberty","Karli Anker","wbb-017384","karli anker","ambiguous_transfer",,FALSE,TRUE,,,,,,,,,,,,,,
"r66237","2024-25","West Liberty","Karli Anker","wbb-019997","karli anker","ambiguous_transfer",,TRUE,FALSE,,,,,,,,,,,,,,
"r67323","2024-25","West Florida","Rylie Stephens","wbb-002555","rylie stephens","ambiguous_transfer",,TRUE,FALSE,,,,,,,,,,,,,,
"r67323","2024-25","West Florida","Rylie Stephens","wbb-015495","rylie stephens","ambiguous_transfer",,TRUE,FALSE,,,,,,,,,,,,,,
"r67323","2024-25","West Florida","Rylie Stephens","wbb-024470","rylie stephens","ambiguous_transfer",,TRUE,TRUE,,,,,,,,,,,,,,
"r67743","2024-25","Concordia (TX)","Destiny Mathews","wbb-004280","destiny mathews","ambiguous_transfer",,TRUE,FALSE,,,,,,,,,,,,,,
"r67743","2024-25","Concordia (TX)","Destiny Mathews","wbb-011097","destiny mathews","ambiguous_transfer",,TRUE,FALSE,,,,,,,,,,,,,,
"r68781","2024-25","Union (TN)","Emily Jones","wbb-009579","emily jones","ambiguous_transfer",,TRUE,TRUE,,,,,,,,,,,,,,
"r68781","2024-25","Union (TN)","Emily Jones","wbb-018678","emily jones","ambiguous_transfer",,TRUE,TRUE,,,,,,,,,,,,,,
"r68781","2024-25","Union (TN)","Emily Jones","wbb-023934","emily jones","ambiguous_transfer",,TRUE,TRUE,,,,,,,,,,,,,,
"r68790","2024-25","Union (TN)","Jeremia Montgomery","wbb-016303","jeremia montgomery","ambiguous_transfer",,TRUE,FALSE,,,,,,,,,,,,,,
"r68790","2024-25","Union (TN)","Jeremia Montgomery","wbb-018676","jeremia montgomery","ambiguous_transfer",,TRUE,FALSE,,,,,,,,,,,,,,
"r68790","2024-25","Union (TN)","Jeremia Montgomery","wbb-025297","jeremia montgomery","ambiguous_transfer",,TRUE,FALSE,,,,,,,,,,,,,,
"r68820","2024-25","Houghton","Sam Barrett","wbb-000454","sam barrett","ambiguous_transfer",,FALSE,TRUE,,,,,,,,,,,,,,
"r68820","2024-25","Houghton","Sam Barrett","wbb-020399","sam barrett","ambiguous_transfer",,FALSE,TRUE,,,,,,,,,,,,,,
"r68820","2024-25","Houghton","Sam Barrett","wbb-022154","sam barrett","ambiguous_transfer",,FALSE,TRUE,,,,,,,,,,,,,,
"r69067","2024-25","Belhaven","Kiersten Hudson","wbb-014744","kiersten hudson","ambiguous_transfer",,TRUE,FALSE,,,,,,,,,,,,,,
"r69067","2024-25","Belhaven","Kiersten Hudson","wbb-020450","kiersten hudson","ambiguous_transfer",,TRUE,TRUE,,,,,,,,,,,,,,
"r69067","2024-25","Belhaven","Kiersten Hudson","wbb-023701","kiersten hudson","ambiguous_transfer",,TRUE,FALSE,,,,,,,,,,,,,,
"r69160","2024-25","Purdue Northwest","Takiya Howard","wbb-007524","takiya howard","ambiguous_transfer",,FALSE,TRUE,,,,,,,,,,,,,,
"r69160","2024-25","Purdue Northwest","Takiya Howard","wbb-014820","takiya howard","ambiguous_transfer",,TRUE,FALSE,,,,,,,,,,,,,,
"r69352","2024-25","Alabama A&M","Maori Davenport","wbb-002907","maori davenport","ambiguous_transfer",,TRUE,FALSE,,,,,,,,,,,,,,
"r69352","2024-25","Alabama A&M","Maori Davenport","wbb-018512","maori davenport","ambiguous_transfer",,FALSE,TRUE,,,,,,,,,,,,,,
"r54453","2024-25","Adelphi","Lateisha Willis","wbb-024212","lateisha willis","same_name_unconfirmed_transfer",,,,,,"Queens (NY)","no_evidence","none",TRUE,TRUE,,,,,,,
"r54466","2024-25","Akron","Maddie Vejsicky","wbb-021519","maddie vejsicky","same_name_unconfirmed_transfer",,,,,,"San Diego","no_evidence","none",TRUE,TRUE,,,,,,,
"r54489","2024-25","Alabama A&M","Kalia Walker","wbb-010783","kalia walker","same_name_unconfirmed_transfer",,,,,,"Arkansas-Pine Bluff","no_evidence","none",TRUE,TRUE,,,,,,,
"r54573","2024-25","Albany St. (GA)","Na'Haviya Paxton","wbb-019495","na haviya paxton","same_name_unconfirmed_transfer",,,,,,"Fla. Southern","no_evidence","none",TRUE,TRUE,,,,,,,
"r54584","2024-25","Albany St. (GA)","Keyra Peterson","wbb-012675","keyra peterson","same_name_unconfirmed_transfer",,,,,,"Shorter","no_evidence","none",TRUE,TRUE,,,,,,,
"r54633","2024-25","Alcorn State","Dalayja Hurt-Floyd","wbb-022367","dalayja hurt floyd","same_name_unconfirmed_transfer",,,,,,"Cal Poly Pomona","no_evidence","none",TRUE,TRUE,,,,,,,
"r54640","2024-25","Alcorn State","Jayda Bowen","wbb-020710","jayda bowen","same_name_unconfirmed_transfer",,,,,,"Prairie View A&M","no_evidence","none",TRUE,TRUE,,,,,,,
"r54717","2024-25","American International","Eden Monka","wbb-024292","eden monka","same_name_unconfirmed_transfer",,,,,,"Robert Morris","no_evidence","none",TRUE,TRUE,,,,,,,
"r54734","2024-25","Amherst","Reagan Pahl","wbb-022734","reagan pahl","same_name_unconfirmed_transfer",,,,,,"Denver","no_evidence","none",TRUE,TRUE,,,,,,,
"r54779","2024-25","Appalachian State","Mara Neira","wbb-017960","mara neira","same_name_unconfirmed_transfer",,,,,,"Presbyterian College","no_evidence","none",TRUE,TRUE,,,,,,,
"r54784","2024-25","Appalachian State","Georgia Gray","wbb-023174","georgia gray","same_name_unconfirmed_transfer",,,,,,"Idaho","no_evidence","none",TRUE,TRUE,,,,,,,
"r54848","2024-25","Arkansas-Little Rock","Perina Leime","wbb-013852","perina leime","same_name_unconfirmed_transfer",,,,,,"Tex. A&M-Commerce","no_evidence","none",TRUE,TRUE,,,,,,,
"r54861","2024-25","Ashland","Lydia Sweeney","wbb-012459","lydia sweeney","same_name_unconfirmed_transfer",,,,,,"Cedarville","no_evidence","none",TRUE,TRUE,,,,,,,
"r54901","2024-25","Augsburg","Melanie Delestrez","wbb-019827","melanie delestrez","same_name_unconfirmed_transfer",,,,,,"Crown (MN)","no_evidence","none",TRUE,TRUE,,,,,,,
"r54913","2024-25","Augusta","Amari Jackson","wbb-019497","amari jackson","same_name_unconfirmed_transfer",,,,,,"Fla. Southern","no_evidence","none",TRUE,TRUE,,,,,,,
"r55012","2024-25","Babson","Madison Hart","wbb-018995","madison hart","same_name_unconfirmed_transfer",,,,,,"Albion","no_evidence","none",TRUE,TRUE,,,,,,,
"r55023","2024-25","Babson","Toni Thompson","wbb-015075","toni thompson","same_name_unconfirmed_transfer",,,,,,"Occidental","no_evidence","none",TRUE,TRUE,,,,,,,
"r55080","2024-25","Barry","Emma Wallhoff","wbb-015652","emma wallhoff","same_name_unconfirmed_transfer",,,,,,"Southern Miss","no_evidence","none",TRUE,TRUE,,,,,,,
"r55085","2024-25","Barry","Colleen Bucknor","wbb-001505","colleen bucknor","same_name_unconfirmed_transfer",,,,,,"Coppin State","no_evidence","none",TRUE,TRUE,,,,,,,
"r55090","2024-25","Barry","Kyrstin Green","wbb-005488","kyrstin green","same_name_unconfirmed_transfer",,,,,,"Nicholls State","no_evidence","none",TRUE,TRUE,,,,,,,
"r55134","2024-25","Bellarmine","Skylar Treadwell","wbb-007220","skylar treadwell","same_name_unconfirmed_transfer",,,,,,"Stetson","no_evidence","none",TRUE,TRUE,,,,,,,
"r55148","2024-25","Bemidji St.","Janette Hanni","wbb-018975","janette hanni","same_name_unconfirmed_transfer",,,,,,"Mars Hill","no_evidence","none",TRUE,TRUE,,,,,,,
"r55258","2024-25","Blackburn","Amya Harris","wbb-015141","amya harris","same_name_unconfirmed_transfer",,,,,,"Otterbein","no_evidence","none",TRUE,TRUE,,,,,,,
"r55310","2024-25","Boston College","Kennedi Jackson","wbb-005954","kennedi jackson","same_name_unconfirmed_transfer",,,,,,"Charleston Southern","no_evidence","none",TRUE,TRUE,,,,,,,
"r55357","2024-25","Bowie St.","Destiny Ryles","wbb-003883","destiny ryles","same_name_unconfirmed_transfer",,,,,,"Dist. Columbia","no_evidence","none",TRUE,TRUE,,,,,,,
"r55381","2024-25","Bradley","Amy O'Hara","wbb-023003","amy o hara","same_name_unconfirmed_transfer",,,,,,"George Mason","no_evidence","none",TRUE,TRUE,,,,,,,
"r55386","2024-25","Bradley","Tamia  Perryman","wbb-010182","tamia perryman","same_name_unconfirmed_transfer",,,,,,"Marian (WI)","no_evidence","none",TRUE,TRUE,,,,,,,
"r55388","2024-25","Bradley","Carlie  Vick","wbb-018101","carlie vick","same_name_unconfirmed_transfer",,,,,,"Florida Atlantic","no_evidence","none",TRUE,TRUE,,,,,,,
"r55420","2024-25","Bridgeport","Ana Gascon","wbb-020604","ana gascon","same_name_unconfirmed_transfer",,,,,,"Barry","no_evidence","none",TRUE,TRUE,,,,,,,
"r55432","2024-25","Bridgewater (VA)","Hailey Williams","wbb-026673","hailey williams","same_name_unconfirmed_transfer",,,,,,"UVa-Wise","no_evidence","none",TRUE,TRUE,,,,,,,
"r55470","2024-25","Brigham Young","Kendra Gillispie","wbb-013249","kendra gillispie","same_name_unconfirmed_transfer",,,,,,"Arkansas St.","no_evidence","none",TRUE,TRUE,,,,,,,
"r55577","2024-25","Buffalo State","Mya Brown","wbb-024096","mya brown","same_name_unconfirmed_transfer",,,,,,"Oswego St.","no_evidence","none",TRUE,TRUE,,,,,,,
"r55584","2024-25","Buffalo","Ariana Seawell","wbb-014598","ariana seawell","same_name_unconfirmed_transfer",,,,,,"Maryland-Eastern Shore","no_evidence","none",TRUE,TRUE,,,,,,,
"r55655","2024-25","Cal St. Dom. Hills","Milan Tuttle","wbb-016714","milan tuttle","same_name_unconfirmed_transfer",,,,,,"Western N.M.","no_evidence","none",TRUE,TRUE,,,,,,,
"r55677","2024-25","Cal St. San Bernardino","Paisley Specht","wbb-014238","paisley specht","same_name_unconfirmed_transfer",,,,,,"Northern Colorado","no_evidence","none",TRUE,TRUE,,,,,,,
"r55678","2024-25","Cal St. San Bernardino","Lauryn Morris","wbb-010463","lauryn morris","same_name_unconfirmed_transfer",,,,,,"Saint Martin's","no_evidence","none",TRUE,TRUE,,,,,,,
"r55683","2024-25","Cal State Bakersfield","Melissa Secchiaroli","wbb-016027","melissa secchiaroli","same_name_unconfirmed_transfer",,,,,,"Morehead State","no_evidence","none",TRUE,TRUE,,,,,,,
"r55688","2024-25","Cal State Bakersfield","Cheyenne Forney","wbb-002102","cheyenne forney","same_name_unconfirmed_transfer",,,,,,"Arkansas St.","no_evidence","none",TRUE,TRUE,,,,,,,
"r55690","2024-25","Cal State Bakersfield","Allysan Tse","wbb-018119","allysan tse","same_name_unconfirmed_transfer",,,,,,"Cal State Fullerton","no_evidence","none",TRUE,TRUE,,,,,,,
"r55712","2024-25","Fresno State","Laney Amundsen","wbb-018657","laney amundsen","same_name_unconfirmed_transfer",,,,,,"CSUN","no_evidence","none",TRUE,TRUE,,,,,,,
"r55713","2024-25","Fresno State","Mariah Elohim","wbb-018232","mariah elohim","same_name_unconfirmed_transfer",,,,,,"Long Island","no_evidence","none",TRUE,TRUE,,,,,,,
"r55720","2024-25","Fresno State","Holly Griffiths","wbb-024127","holly griffiths","same_name_unconfirmed_transfer",,,,,,"Pepperdine","no_evidence","none",TRUE,TRUE,,,,,,,
"r55777","2024-25","CSUN","Jenna Kilty","wbb-006286","jenna kilty","same_name_unconfirmed_transfer",,,,,,"Idaho","no_evidence","none",TRUE,TRUE,,,,,,,
"r55783","2024-25","CSUN","Nnenna Orji","wbb-003148","nnenna orji","same_name_unconfirmed_transfer",,,,,,"Old Dominion","no_evidence","none",TRUE,TRUE,,,,,,,
"r55826","2024-25","UC Santa Barbara","Martha Pietsch","wbb-017640","martha pietsch","same_name_unconfirmed_transfer",,,,,,"Oregon State","no_evidence","none",TRUE,TRUE,,,,,,,
"r55862","2024-25","California","Gisella Maul","wbb-024754","gisella maul","same_name_unconfirmed_transfer",,,,,,"Texas","no_evidence","none",TRUE,TRUE,,,,,,,
"r55882","2024-25","UC Davis","Sahana Kanagasabay","wbb-024190","sahana kanagasabay","same_name_unconfirmed_transfer",,,,,,"Providence","no_evidence","none",TRUE,TRUE,,,,,,,
"r55938","2024-25","UC San Diego","Kayanna Spriggs","wbb-013479","kayanna spriggs","same_name_unconfirmed_transfer",,,,,,"CSUN","no_evidence","none",TRUE,TRUE,,,,,,,
"r55999","2024-25","Canisius","Franka Wittenberg","wbb-018116","franka wittenberg","same_name_unconfirmed_transfer",,,,,,"Fresno State","no_evidence","none",TRUE,TRUE,,,,,,,
"r56135","2024-25","Centenary (LA)","Savannah Stowers","wbb-019525","savannah stowers","same_name_unconfirmed_transfer",,,,,,"Lesley","no_evidence","none",TRUE,TRUE,,,,,,,
"r56145","2024-25","Centenary (LA)","Paige Stowers","wbb-019523","paige stowers","same_name_unconfirmed_transfer",,,,,,"Lesley","no_evidence","none",TRUE,TRUE,,,,,,,
"r56152","2024-25","Central (IA)","Abby Johnson","wbb-005284","abby johnson","same_name_unconfirmed_transfer",,,,,,"Minn. Duluth","no_evidence","none",TRUE,TRUE,,,,,,,
"r56324","2024-25","Clark Atlanta","Lizzie Walker","wbb-023716","lizzie walker","same_name_unconfirmed_transfer",,,,,,"Mississippi Valley State","no_evidence","none",TRUE,TRUE,,,,,,,
"r56339","2024-25","Clark (MA)","Simone Fiore","wbb-009205","simone fiore","same_name_unconfirmed_transfer",,,,,,"Worcester St.","no_evidence","none",TRUE,TRUE,,,,,,,
"r56363","2024-25","Clemson","Summah Evans","wbb-010857","summah evans","same_name_unconfirmed_transfer",,,,,,"Mercer","no_evidence","none",TRUE,TRUE,,,,,,,
"r56504","2024-25","Colorado","JoJo Nworie","wbb-018200","jojo nworie","same_name_unconfirmed_transfer",,,,,,"Texas Tech","no_evidence","none",TRUE,TRUE,,,,,,,
"r56512","2024-25","Columbia","Marija Avlijas","wbb-023721","marija avlijas","same_name_unconfirmed_transfer",,,,,,"Mississippi","no_evidence","none",TRUE,TRUE,,,,,,,
"r56533","2024-25","Concordia Chicago","Grace King","wbb-024399","grace king","same_name_unconfirmed_transfer",,,,,,"Saint Mary's (MN)","no_evidence","none",TRUE,TRUE,,,,,,,
"r56554","2024-25","Concordia-Moorhead","Olivia Hanson","wbb-019028","olivia hanson","same_name_unconfirmed_transfer",,,,,,"Northern St.","no_evidence","none",TRUE,TRUE,,,,,,,
"r56732","2024-25","DePaul","Taylor Johnson-Matthews","wbb-021269","taylor johnson matthews","same_name_unconfirmed_transfer",,,,,,"Wright St.","no_evidence","none",TRUE,TRUE,,,,,,,
"r56770","2024-25","Delaware State","Tamera Maple","wbb-011331","tamera maple","same_name_unconfirmed_transfer",,,,,,"West Va. Wesleyan","no_evidence","none",TRUE,TRUE,,,,,,,
"r56771","2024-25","Delaware State","Mahogany Cottingham","wbb-023964","mahogany cottingham","same_name_unconfirmed_transfer",,,,,,"North Dakota","no_evidence","none",TRUE,TRUE,,,,,,,
"r56843","2024-25","Denver","Laia Monclova","wbb-023330","laia monclova","same_name_unconfirmed_transfer",,,,,,"LaSalle","no_evidence","none",TRUE,TRUE,,,,,,,
"r56861","2024-25","Detroit Mercy","Jasmine Edwards","wbb-003596","jasmine edwards","same_name_unconfirmed_transfer",,,,,,"Jackson St.","no_evidence","none",TRUE,TRUE,,,,,,,
"r56867","2024-25","Detroit Mercy","Maya Anderson","wbb-024493","maya anderson","same_name_unconfirmed_transfer",,,,,,"San Jose State","no_evidence","none",TRUE,TRUE,,,,,,,
"r57010","2024-25","East Carolina","Timia Ware","wbb-014489","timia ware","same_name_unconfirmed_transfer",,,,,,"Central Florida","no_evidence","none",TRUE,TRUE,,,,,,,
"r57067","2024-25","Eastern Conn. St.","Marissa Nudd","wbb-024591","marissa nudd","same_name_unconfirmed_transfer",,,,,,"Southern Conn. St.","no_evidence","none",TRUE,TRUE,,,,,,,
"r57129","2024-25","Mont. St. Billings","Chenoa Louie","wbb-016645","chenoa louie","same_name_unconfirmed_transfer",,,,,,"Saint Martin's","no_evidence","none",TRUE,TRUE,,,,,,,
"r57204","2024-25","Elizabeth City St.","Londen Coleman","wbb-016244","londen coleman","same_name_unconfirmed_transfer",,,,,,"Bluefield St.","no_evidence","none",TRUE,TRUE,,,,,,,
"r57335","2024-25","Eureka","Maxine Najera","wbb-022377","maxine najera","same_name_unconfirmed_transfer",,,,,,"Cal St. San Bernardino","no_evidence","none",TRUE,TRUE,,,,,,,
"r57337","2024-25","Evansville","Mira Hanna","wbb-018223","mira hanna","same_name_unconfirmed_transfer",,,,,,"Arkansas-Little Rock","no_evidence","none",TRUE,TRUE,,,,,,,
"r57348","2024-25","Evansville","Claudia Clement","wbb-025065","claudia clement","same_name_unconfirmed_transfer",,,,,,"Winthrop","no_evidence","none",TRUE,TRUE,,,,,,,
"r57448","2024-25","Florida A&M","Sabou Gueye","wbb-018336","sabou gueye","same_name_unconfirmed_transfer",,,,,,"New Mexico State","no_evidence","none",TRUE,TRUE,,,,,,,
"r57453","2024-25","Florida A&M","Zikeyah Carter","wbb-022549","zikeyah carter","same_name_unconfirmed_transfer",,,,,,"Chicago State","no_evidence","none",TRUE,TRUE,,,,,,,
"r57458","2024-25","Florida A&M","Saige Glover","wbb-005479","saige glover","same_name_unconfirmed_transfer",,,,,,"Niagara","no_evidence","none",TRUE,TRUE,,,,,,,
"r57497","2024-25","FIU","Parris Atkins","wbb-018516","parris atkins","same_name_unconfirmed_transfer",,,,,,"Central Arkansas","no_evidence","none",TRUE,TRUE,,,,,,,
"r57501","2024-25","FIU","Bineta Diatta","wbb-022393","bineta diatta","same_name_unconfirmed_transfer",,,,,,"Fresno State","no_evidence","none",TRUE,TRUE,,,,,,,
"r57503","2024-25","FIU","Isnelle Natabou","wbb-013483","isnelle natabou","same_name_unconfirmed_transfer",,,,,,"Iowa State","no_evidence","none",TRUE,TRUE,,,,,,,
"r57613","2024-25","Franklin Pierce","Paige Slaven","wbb-006973","paige slaven","same_name_unconfirmed_transfer",,,,,,"Saint Michael's","no_evidence","none",TRUE,TRUE,,,,,,,
"r57718","2024-25","George Mason","Khamya McNeal","wbb-007797","khamya mcneal","same_name_unconfirmed_transfer",,,,,,"Stetson","no_evidence","none",TRUE,TRUE,,,,,,,
"r57835","2024-25","Gonzaga","Tayla Dalton","wbb-006923","tayla dalton","same_name_unconfirmed_transfer",,,,,,"Saint Mary's (CA)","no_evidence","none",TRUE,TRUE,,,,,,,
"r57840","2024-25","Gonzaga","McKynnlie Dalan","wbb-023691","mckynnlie dalan","same_name_unconfirmed_transfer",,,,,,"Minnesota","no_evidence","none",TRUE,TRUE,,,,,,,
"r57845","2024-25","Gonzaga","Inês Bettencourt","wbb-017847","ines bettencourt","same_name_unconfirmed_transfer",,,,,,"UConn","no_evidence","none",TRUE,TRUE,,,,,,,
"r57852","2024-25","Grambling","Ja'miyah Bryant","wbb-023122","ja miyah bryant","same_name_unconfirmed_transfer",,,,,,"Hofstra","no_evidence","none",TRUE,TRUE,,,,,,,
"r57901","2024-25","Grinnell","Adriana Perez","wbb-026231","adriana perez","same_name_unconfirmed_transfer",,,,,,"Felician","no_evidence","none",TRUE,TRUE,,,,,,,
"r57989","2024-25","Hampton","Arina Nikishina","wbb-018658","arina nikishina","same_name_unconfirmed_transfer",,,,,,"CSUN","no_evidence","none",TRUE,TRUE,,,,,,,
"r58139","2024-25","Hiram","Avril Drew","wbb-002409","avril drew","same_name_unconfirmed_transfer",,,,,,"Notre Dame (OH)","no_evidence","none",TRUE,TRUE,,,,,,,
"r58229","2024-25","Howard","Zennia Thomas","wbb-021525","zennia thomas","same_name_unconfirmed_transfer",,,,,,"Kentucky","no_evidence","none",TRUE,TRUE,,,,,,,
"r58243","2024-25","Cal Poly Humboldt","Shira Hagag","wbb-022736","shira hagag","same_name_unconfirmed_transfer",,,,,,"Denver","no_evidence","none",TRUE,TRUE,,,,,,,
"r58273","2024-25","Idaho St.","Ruby Sweeney-Spitzeck","wbb-018766","ruby sweeney spitzeck","same_name_unconfirmed_transfer",,,,,,"Fort Lewis","no_evidence","none",TRUE,TRUE,,,,,,,
"r58285","2024-25","Idaho","Hope Hassmann","wbb-022398","hope hassmann","same_name_unconfirmed_transfer",,,,,,"Cal State Fullerton","no_evidence","none",TRUE,TRUE,,,,,,,
"r58286","2024-25","Idaho","Jennifer Aadland","wbb-000449","jennifer aadland","same_name_unconfirmed_transfer",,,,,,"Augustana (SD)","no_evidence","none",TRUE,TRUE,,,,,,,
"r58289","2024-25","Benedictine (IL)","Emily Rich","wbb-024298","emily rich","same_name_unconfirmed_transfer",,,,,,"Rockford","no_evidence","none",TRUE,TRUE,,,,,,,
"r58302","2024-25","Benedictine (IL)","Olympia Kokkines","wbb-021236","olympia kokkines","same_name_unconfirmed_transfer",,,,,,"Wisconsin-Whitewater","no_evidence","none",TRUE,TRUE,,,,,,,
"r58383","2024-25","Immaculata","Victoria Foster","wbb-011056","victoria foster","same_name_unconfirmed_transfer",,,,,,"Hood","no_evidence","none",TRUE,TRUE,,,,,,,
"r58423","2024-25","Indiana (PA)","Shamia Strayhorn","wbb-017041","shamia strayhorn","same_name_unconfirmed_transfer",,,,,,"Wheeling","no_evidence","none",TRUE,TRUE,,,,,,,
"r58440","2024-25","Purdue-Fort Wayne","Tia Morgan","wbb-018510","tia morgan","same_name_unconfirmed_transfer",,,,,,"Arkansas-Pine Bluff","no_evidence","none",TRUE,TRUE,,,,,,,
"r58449","2024-25","UIndy","Jaelynne Murray","wbb-020841","jaelynne murray","same_name_unconfirmed_transfer",,,,,,"Alabama A&M","no_evidence","none",TRUE,TRUE,,,,,,,
"r58530","2024-25","Jacksonville St.","Valentina Saric","wbb-018304","valentina saric","same_name_unconfirmed_transfer",,,,,,"Morehead State","no_evidence","none",TRUE,TRUE,,,,,,,
"r58587","2024-25","John Carroll","Ella Neitzel","wbb-021786","ella neitzel","same_name_unconfirmed_transfer",,,,,,"Walsh","no_evidence","none",TRUE,TRUE,,,,,,,
"r58852","2024-25","La Verne","Niani Shields","wbb-020042","niani shields","same_name_unconfirmed_transfer",,,,,,"Point Loma","no_evidence","none",TRUE,TRUE,,,,,,,
"r59000","2024-25","Lewis","Mercy Lasu","wbb-025348","mercy lasu","same_name_unconfirmed_transfer",,,,,,"D'Youville","no_evidence","none",TRUE,TRUE,,,,,,,
"r59003","2024-25","Lewis","Ana Haklicka","wbb-001558","ana haklicka","same_name_unconfirmed_transfer",,,,,,"Chicago State","no_evidence","none",TRUE,TRUE,,,,,,,
"r59004","2024-25","Lewis","Mallory Ramage","wbb-018412","mallory ramage","same_name_unconfirmed_transfer",,,,,,"Loyola-Chicago","no_evidence","none",TRUE,TRUE,,,,,,,
"r59113","2024-25","Longwood","Jaci Bolden","wbb-020146","jaci bolden","same_name_unconfirmed_transfer",,,,,,"Biola","no_evidence","none",TRUE,TRUE,,,,,,,
"r59155","2024-25","LSU","Shayeann Day-Wilson","wbb-013824","shayeann day wilson","same_name_unconfirmed_transfer",,,,,,"Miami","no_evidence","none",TRUE,TRUE,,,,,,,
"r59357","2024-25","Maine","Amiyah Donaldson","wbb-009558","amiyah donaldson","same_name_unconfirmed_transfer",,,,,,"Charleston (WV)","no_evidence","none",TRUE,TRUE,,,,,,,
"r59358","2024-25","Maine","Asta Blauenfeldt","wbb-018491","asta blauenfeldt","same_name_unconfirmed_transfer",,,,,,"Seattle","no_evidence","none",TRUE,TRUE,,,,,,,
"r59449","2024-25","Marquette","Jaidynn Mason","wbb-020971","jaidynn mason","same_name_unconfirmed_transfer",,,,,,"Southern Ill.","no_evidence","none",TRUE,TRUE,,,,,,,
"r59522","2024-25","Maryland-Eastern Shore","Ce'nara Skanes","wbb-002348","ce nara skanes","same_name_unconfirmed_transfer",,,,,,"Eastern Michigan","no_evidence","none",TRUE,TRUE,,,,,,,
"r59546","2024-25","Maryville (MO)","Alicia Burgos","wbb-025521","alicia burgos","same_name_unconfirmed_transfer",,,,,,"Lander","no_evidence","none",TRUE,TRUE,,,,,,,
"r59555","2024-25","Maryville (TN)","Reagan Brown","wbb-011537","reagan brown","same_name_unconfirmed_transfer",,,,,,"Northeastern St.","no_evidence","none",TRUE,TRUE,,,,,,,
"r59643","2024-25","Medgar Evers","Alexis Davis","wbb-022351","alexis davis","same_name_unconfirmed_transfer",,,,,,"Buffalo","no_evidence","none",TRUE,TRUE,,,,,,,
"r59736","2024-25","Merrimack","Claudia Gallegos","wbb-007533","claudia gallegos","same_name_unconfirmed_transfer",,,,,,"Southern Ind.","no_evidence","none",TRUE,TRUE,,,,,,,
"r59784","2024-25","MSU Denver","Stella Rollo","wbb-001098","stella rollo","same_name_unconfirmed_transfer",,,,,,"Chico St.","no_evidence","none",TRUE,TRUE,,,,,,,
"r59844","2024-25","Michigan Tech","Janie Tormanen","wbb-019695","janie tormanen","corroborated_blocked",,,,,,"Minn.-Crookston","failed_year_progression","previous_school",FALSE,TRUE,,,,,,,
"r59989","2024-25","Mississippi State","Chandler Prater","wbb-003743","chandler prater","same_name_unconfirmed_transfer",,,,,,"Oklahoma State","no_evidence","none",TRUE,TRUE,,,,,,,
"r60010","2024-25","Mississippi Valley State","Clemisha Prackett","wbb-022012","clemisha prackett","same_name_unconfirmed_transfer",,,,,,"Alabama A&M","no_evidence","none",TRUE,TRUE,,,,,,,
"r60184","2024-25","Morehead State","Aileen Marquez","wbb-022948","aileen marquez","same_name_unconfirmed_transfer",,,,,,"FIU","no_evidence","none",TRUE,TRUE,,,,,,,
"r60250","2024-25","CMSV","AB Burnett","wbb-020680","ab burnett","same_name_unconfirmed_transfer",,,,,,"Pace","no_evidence","none",TRUE,TRUE,,,,,,,
"r60317","2024-25","UNC Asheville","Skylar Bailey","wbb-016275","skylar bailey","same_name_unconfirmed_transfer",,,,,,"Central Arkansas","no_evidence","none",TRUE,TRUE,,,,,,,
"r60427","2024-25","Omaha","Mar Vidal","wbb-021783","mar vidal","same_name_unconfirmed_transfer",,,,,,"Felician","no_evidence","none",TRUE,TRUE,,,,,,,
"r60455","2024-25","Nevada","Amelia Raidaveta","wbb-021615","amelia raidaveta","same_name_unconfirmed_transfer",,,,,,"Weber State","no_evidence","none",TRUE,TRUE,,,,,,,
"r60504","2024-25","New Hampshire","Eva DeChent","wbb-024265","eva dechent","same_name_unconfirmed_transfer",,,,,,"Rhode Island","no_evidence","none",TRUE,TRUE,,,,,,,
"r60541","2024-25","New Jersey Institute of Technology","Enya Maguire","wbb-003265","enya maguire","same_name_unconfirmed_transfer",,,,,,"Houston Christian","no_evidence","none",TRUE,TRUE,,,,,,,
"r60555","2024-25","New Mexico State","Diarrah Sissoko","wbb-024460","diarrah sissoko","same_name_unconfirmed_transfer",,,,,,"Sam Houston State","no_evidence","none",TRUE,TRUE,,,,,,,
"r60567","2024-25","New Mexico","Alyssa Hargrove","wbb-015684","alyssa hargrove","same_name_unconfirmed_transfer",,,,,,"Austin Peay","no_evidence","none",TRUE,TRUE,,,,,,,
"r60577","2024-25","New Orleans","Sephora Kayolo","wbb-024083","sephora kayolo","same_name_unconfirmed_transfer",,,,,,"Oral Roberts","no_evidence","none",TRUE,TRUE,,,,,,,
"r60624","2024-25","Niagara","Caliana Fenceroy","wbb-018402","caliana fenceroy","same_name_unconfirmed_transfer",,,,,,"Radford","no_evidence","none",TRUE,TRUE,,,,,,,
"r60781","2024-25","North Park","Ashanti Bradley","wbb-026337","ashanti bradley","same_name_unconfirmed_transfer",,,,,,"North Central (MN)","no_evidence","none",TRUE,TRUE,,,,,,,
"r60838","2024-25","Northeastern","Abby Jegede","wbb-024882","abby jegede","same_name_unconfirmed_transfer",,,,,,"Villanova","no_evidence","none",TRUE,TRUE,,,,,,,
"r60861","2024-25","Northern Colorado","April Rummery-Lamb","wbb-016577","april rummery lamb","same_name_unconfirmed_transfer",,,,,,"Newberry","no_evidence","none",TRUE,TRUE,,,,,,,
"r60865","2024-25","Northern Colorado","Silvia Nativi","wbb-014496","silvia nativi","same_name_unconfirmed_transfer",,,,,,"Louisiana Tech","no_evidence","none",TRUE,TRUE,,,,,,,
"r60868","2024-25","Northern Colorado","London Gamble","wbb-020910","london gamble","same_name_unconfirmed_transfer",,,,,,"Siena","no_evidence","none",TRUE,TRUE,,,,,,,
"r61059","2024-25","Occidental","Khailand Anderson-Strawder","wbb-026626","khailand anderson strawder","same_name_unconfirmed_transfer",,,,,,"Sarah Lawrence","no_evidence","none",TRUE,TRUE,,,,,,,
"r61156","2024-25","Old Dominion","Camryn Hill","wbb-006016","camryn hill","same_name_unconfirmed_transfer",,,,,,"Hampton","no_evidence","none",TRUE,TRUE,,,,,,,
"r61226","2024-25","Oregon State","Catarina Ferreira","wbb-021516","catarina ferreira","same_name_unconfirmed_transfer",,,,,,"Baylor","no_evidence","none",TRUE,TRUE,,,,,,,
"r61231","2024-25","Oregon State","Lucia Navarro","wbb-022955","lucia navarro","same_name_unconfirmed_transfer",,,,,,"Florida State","no_evidence","none",TRUE,TRUE,,,,,,,
"r61292","2024-25","Elms","Piper Graham","wbb-020564","piper graham","same_name_unconfirmed_transfer",,,,,,"Neb. Wesleyan","no_evidence","none",TRUE,TRUE,,,,,,,
"r61327","2024-25","UT-Rio Grande Valley","Brianna Sanchez","wbb-006124","brianna sanchez","same_name_unconfirmed_transfer",,,,,,"AUM","no_evidence","none",TRUE,TRUE,,,,,,,
"r61436","2024-25","Pittsburgh","Kiara Williams","wbb-021889","kiara williams","same_name_unconfirmed_transfer",,,,,,"Marian (WI)","no_evidence","none",TRUE,TRUE,,,,,,,
"r61498","2024-25","Portland State","Courtney Turner","wbb-018704","courtney turner","same_name_unconfirmed_transfer",,,,,,"FIU","no_evidence","none",TRUE,TRUE,,,,,,,
"r61542","2024-25","Prairie View A&M","Nia Jordan","wbb-013415","nia jordan","same_name_unconfirmed_transfer",,,,,,"Bethune-Cookman","no_evidence","none",TRUE,TRUE,,,,,,,
"r61546","2024-25","Prairie View A&M","Kaci Chairs","wbb-002966","kaci chairs","same_name_unconfirmed_transfer",,,,,,"Grambling","no_evidence","none",TRUE,TRUE,,,,,,,
"r61779","2024-25","Rhode Island","Cia Eklöf","wbb-017892","cia eklof","same_name_unconfirmed_transfer",,,,,,"Washington State","no_evidence","none",TRUE,TRUE,,,,,,,
"r61866","2024-25","Roanoke","Abigail Rice","wbb-026640","abigail rice","same_name_unconfirmed_transfer",,,,,,"SUNY Canton","no_evidence","none",TRUE,TRUE,,,,,,,
"r61872","2024-25","Robert Morris","Raissa Nsabua","wbb-018141","raissa nsabua","same_name_unconfirmed_transfer",,,,,,"Wichita State","no_evidence","none",TRUE,TRUE,,,,,,,
"r61904","2024-25","Rochester (NY)","Erin Lillis","wbb-003007","erin lillis","same_name_unconfirmed_transfer",,,,,,"Grinnell","no_evidence","none",TRUE,TRUE,,,,,,,
"r61979","2024-25","Rutgers-Camden","Taylor Hinson","wbb-010374","taylor hinson","same_name_unconfirmed_transfer",,,,,,"Cairn","no_evidence","none",TRUE,TRUE,,,,,,,
"r62050","2024-25","Saint Benedict","AJ Johnson","wbb-012206","aj johnson","same_name_unconfirmed_transfer",,,,,,"Cal St. Monterey Bay","no_evidence","none",TRUE,TRUE,,,,,,,
"r62083","2024-25","St. Catherine","Olivia Gannon","wbb-019527","olivia gannon","same_name_unconfirmed_transfer",,,,,,"Lesley","no_evidence","none",TRUE,TRUE,,,,,,,
"r62146","2024-25","St. John's","Jade Blagrove","wbb-007401","jade blagrove","same_name_unconfirmed_transfer",,,,,,"Manhattan","no_evidence","none",TRUE,TRUE,,,,,,,
"r62214","2024-25","Saint Louis","Marilena Triantafylli","wbb-024698","marilena triantafylli","same_name_unconfirmed_transfer",,,,,,"Syracuse","no_evidence","none",TRUE,TRUE,,,,,,,
"r62233","2024-25","Saint Mary's (CA)","Melesungu Afeaki","wbb-018582","melesungu afeaki","same_name_unconfirmed_transfer",,,,,,"San Diego","no_evidence","none",TRUE,TRUE,,,,,,,
"r62238","2024-25","Saint Mary's (CA)","Ella Wedin","wbb-023455","ella wedin","same_name_unconfirmed_transfer",,,,,,"Loyola Marymount","no_evidence","none",TRUE,TRUE,,,,,,,
"r62250","2024-25","St. Mary's (MD)","Samantha Miller","wbb-023908","samantha miller","same_name_unconfirmed_transfer",,,,,,"CCNY","no_evidence","none",TRUE,TRUE,,,,,,,
"r62253","2024-25","Saint Mary's (MN)","Tessa McMahon","wbb-023730","tessa mcmahon","same_name_unconfirmed_transfer",,,,,,"Missouri S&T","no_evidence","none",TRUE,TRUE,,,,,,,
"r62404","2024-25","Sam Houston State","Esther Rodellar","wbb-024524","esther rodellar","same_name_unconfirmed_transfer",,,,,,"Siena","no_evidence","none",TRUE,TRUE,,,,,,,
"r62413","2024-25","Sam Houston State","Deborah Ogayemi","wbb-018602","deborah ogayemi","same_name_unconfirmed_transfer",,,,,,"UT-Rio Grande Valley","no_evidence","none",TRUE,TRUE,,,,,,,
"r62466","2024-25","San Fran. St.","Seilala Lautaimi","wbb-022421","seilala lautaimi","corroborated_blocked",,,,,,"Sacramento State","height_conflict","previous_school",TRUE,FALSE,,,,,,,
"r62482","2024-25","San Francisco","Emma Trawally Porta","wbb-013781","emma trawally porta","same_name_unconfirmed_transfer",,,,,,"Detroit Mercy","no_evidence","none",TRUE,TRUE,,,,,,,
"r62493","2024-25","San Jose State","Djessira Diawara","wbb-023148","djessira diawara","same_name_unconfirmed_transfer",,,,,,"Houston","no_evidence","none",TRUE,TRUE,,,,,,,
"r62494","2024-25","San Jose State","Hennie Van Schaik","wbb-013452","hennie van schaik","same_name_unconfirmed_transfer",,,,,,"Louisville","no_evidence","none",TRUE,TRUE,,,,,,,
"r62515","2024-25","Savannah St.","Mya Byrd","wbb-018156","mya byrd","same_name_unconfirmed_transfer",,,,,,"Georgia State","no_evidence","none",TRUE,TRUE,,,,,,,
"r62550","2024-25","Seattle Pacific","Madison Rubino","wbb-014243","madison rubino","same_name_unconfirmed_transfer",,,,,,"Cal Poly Humboldt","no_evidence","none",TRUE,TRUE,,,,,,,
"r62668","2024-25","Slippery Rock","Endya Robinson","wbb-014703","endya robinson","same_name_unconfirmed_transfer",,,,,,"Miles","no_evidence","none",TRUE,TRUE,,,,,,,
"r62708","2024-25","South Alabama","Daniela Gonzalez","wbb-017864","daniela gonzalez","same_name_unconfirmed_transfer",,,,,,"South Florida","no_evidence","none",TRUE,TRUE,,,,,,,
"r62723","2024-25","South Carolina St.","Shaunice Reed","wbb-020837","shaunice reed","same_name_unconfirmed_transfer",,,,,,"Alabama A&M","no_evidence","none",TRUE,TRUE,,,,,,,
"r62732","2024-25","South Carolina St.","Angie Juste-Jean","wbb-013661","angie juste jean","same_name_unconfirmed_transfer",,,,,,"Coastal Carolina","no_evidence","none",TRUE,TRUE,,,,,,,
"r62828","2024-25","Southeastern Louisiana","Kaili Chamberlin","wbb-014628","kaili chamberlin","same_name_unconfirmed_transfer",,,,,,"Austin Peay","no_evidence","none",TRUE,TRUE,,,,,,,
"r62859","2024-25","Southern Conn. St.","Lyzi Litwinko","wbb-005388","lyzi litwinko","same_name_unconfirmed_transfer",,,,,,"New Jersey Institute of Technology","no_evidence","none",TRUE,TRUE,,,,,,,
"r62865","2024-25","Southern Conn. St.","Ally Sentance","wbb-018009","ally sentance","same_name_unconfirmed_transfer",,,,,,"Central Connecticut","no_evidence","none",TRUE,TRUE,,,,,,,
"r62954","2024-25","Southern","Imani Morris","wbb-024736","imani morris","same_name_unconfirmed_transfer",,,,,,"Texas Southern","no_evidence","none",TRUE,TRUE,,,,,,,
"r63064","2024-25","Stephen F. Austin","Harmanie Dominguez","wbb-016171","harmanie dominguez","same_name_unconfirmed_transfer",,,,,,"Adams St.","no_evidence","none",TRUE,TRUE,,,,,,,
"r63065","2024-25","Stephen F. Austin","Faith Blackstone","wbb-007798","faith blackstone","same_name_unconfirmed_transfer",,,,,,"Coppin State","no_evidence","none",TRUE,TRUE,,,,,,,
"r63071","2024-25","Stephen F. Austin","Ashlyn Traylor-Walker","wbb-024229","ashlyn traylor walker","same_name_unconfirmed_transfer",,,,,,"Radford","no_evidence","none",TRUE,TRUE,,,,,,,
"r63206","2024-25","Tampa","Jade Thompson","wbb-011861","jade thompson","same_name_unconfirmed_transfer",,,,,,"A&M-Corpus Christi","no_evidence","none",TRUE,TRUE,,,,,,,
"r63208","2024-25","Temple","Amaya Oliver","wbb-007467","amaya oliver","same_name_unconfirmed_transfer",,,,,,"Loyola Marymount","no_evidence","none",TRUE,TRUE,,,,,,,
"r63228","2024-25","Tennessee St.","Kiki Roberts","wbb-019409","kiki roberts","same_name_unconfirmed_transfer",,,,,,"Cal St. Monterey Bay","no_evidence","none",TRUE,TRUE,,,,,,,
"r63234","2024-25","Tennessee Tech","Keeley Carter","wbb-011963","keeley carter","same_name_unconfirmed_transfer",,,,,,"Trevecca Nazarene","no_evidence","none",TRUE,TRUE,,,,,,,
"r63239","2024-25","Tennessee Tech","Maddy Saracco","wbb-024593","maddy saracco","same_name_unconfirmed_transfer",,,,,,"Southern Ill.","no_evidence","none",TRUE,TRUE,,,,,,,
"r63289","2024-25","Tex. A&M-Kingsville","Kaycee Groves","wbb-020008","kaycee groves","same_name_unconfirmed_transfer",,,,,,"Black Hills St.","no_evidence","none",TRUE,TRUE,,,,,,,
"r63428","2024-25","Thiel","Maria Torres","wbb-001793","maria torres","same_name_unconfirmed_transfer",,,,,,"FIU","no_evidence","none",TRUE,TRUE,,,,,,,
"r63659","2024-25","Upper Iowa","Anna Soler","wbb-017956","anna soler","same_name_unconfirmed_transfer",,,,,,"Maine","no_evidence","none",TRUE,TRUE,,,,,,,
"r63862","2024-25","Va. Wesleyan","Mia Alexander","wbb-017214","mia alexander","same_name_unconfirmed_transfer",,,,,,"Lee","no_evidence","none",TRUE,TRUE,,,,,,,
"r63883","2024-25","Wagner","Raneem Elbarky","wbb-020259","raneem elbarky","same_name_unconfirmed_transfer",,,,,,"West Alabama","no_evidence","none",TRUE,TRUE,,,,,,,
"r63891","2024-25","Wake Forest","Tamia Jones","wbb-007551","tamia jones","same_name_unconfirmed_transfer",,,,,,"Southern Methodist","no_evidence","none",TRUE,TRUE,,,,,,,
"r64030","2024-25","Weber State","Antoniette Emma-Nnopu","wbb-018574","antoniette emma nnopu","same_name_unconfirmed_transfer",,,,,,"UNC Greensboro","no_evidence","none",TRUE,TRUE,,,,,,,
"r64092","2024-25","West Georgia","Hannah Hicks","wbb-023778","hannah hicks","same_name_unconfirmed_transfer",,,,,,"Morehead State","no_evidence","none",TRUE,TRUE,,,,,,,
"r64093","2024-25","West Georgia","Mykah Anderson","wbb-003342","mykah anderson","same_name_unconfirmed_transfer",,,,,,"Idaho St.","no_evidence","none",TRUE,TRUE,,,,,,,
"r64283","2024-25","Whittier","Faith Boulanger","wbb-013449","faith boulanger","same_name_unconfirmed_transfer",,,,,,"Cal St. San Bernardino","no_evidence","none",TRUE,TRUE,,,,,,,
"r64357","2024-25","William Paterson","Jada Jacobs","wbb-026015","jada jacobs","same_name_unconfirmed_transfer",,,,,,"Georgian Court","no_evidence","none",TRUE,TRUE,,,,,,,
"r64466","2024-25","Wisconsin-La Crosse","Malia Nelson","wbb-021182","malia nelson","same_name_unconfirmed_transfer",,,,,,"Winona St.","no_evidence","none",TRUE,TRUE,,,,,,,
"r64517","2024-25","Wis.-Oshkosh","Alex Rondorf","wbb-004742","alex rondorf","same_name_unconfirmed_transfer",,,,,,"Michigan Tech","no_evidence","none",TRUE,TRUE,,,,,,,
"r64535","2024-25","Wisconsin-Parkside","Kaalyn Petersen","wbb-001717","kaalyn petersen","same_name_unconfirmed_transfer",,,,,,"Coe","no_evidence","none",TRUE,TRUE,,,,,,,
"r64709","2024-25","Wright St.","Olivia Brown","wbb-022008","olivia brown","corroborated_blocked",,,,,,"Akron","height_conflict","high_school",TRUE,FALSE,,,,,,,
"r64710","2024-25","Wright St.","Amaya Staton","wbb-001686","amaya staton","same_name_unconfirmed_transfer",,,,,,"Merrimack","no_evidence","none",TRUE,TRUE,,,,,,,
"r64791","2024-25","Adams St.","Brooke Rodgers","wbb-016715","brooke rodgers","same_name_unconfirmed_transfer",,,,,,"Western N.M.","no_evidence","none",TRUE,TRUE,,,,,,,
"r64807","2024-25","Alvernia","Paige O'Brien","wbb-001446","paige o brien","same_name_unconfirmed_transfer",,,,,,"Castleton","no_evidence","none",TRUE,TRUE,,,,,,,
"r64832","2024-25","Arkansas Tech","Olivia Jones","wbb-014950","olivia jones","same_name_unconfirmed_transfer",,,,,,"North Alabama","no_evidence","none",TRUE,TRUE,,,,,,,
"r64833","2024-25","Arkansas Tech","Madelyn Atkins","wbb-019337","madelyn atkins","same_name_unconfirmed_transfer",,,,,,"Denver","no_evidence","none",TRUE,TRUE,,,,,,,
"r64910","2024-25","Bluefield St.","Jasmine Jenkins","wbb-015431","jasmine jenkins","same_name_unconfirmed_transfer",,,,,,"St. Lawrence","no_evidence","none",TRUE,TRUE,,,,,,,
"r64949","2024-25","Cameron","Kennedy Cummings","wbb-016919","kennedy cummings","same_name_unconfirmed_transfer",,,,,,"East Central","no_evidence","none",TRUE,TRUE,,,,,,,
"r64956","2024-25","Cameron","Grace Alverson","wbb-010537","grace alverson","same_name_unconfirmed_transfer",,,,,,"Southeastern Okla.","no_evidence","none",TRUE,TRUE,,,,,,,
"r65057","2024-25","Charleston (WV)","Sydney Bolles","wbb-016988","sydney bolles","same_name_unconfirmed_transfer",,,,,,"Shepherd","no_evidence","none",TRUE,TRUE,,,,,,,
"r65097","2024-25","Concord","Alexis Frazee","wbb-026567","alexis frazee","same_name_unconfirmed_transfer",,,,,,"Ursuline","no_evidence","none",TRUE,TRUE,,,,,,,
"r65110","2024-25","Concord","Trina Lewis","wbb-019457","trina lewis","same_name_unconfirmed_transfer",,,,,,"Ferrum","no_evidence","none",TRUE,TRUE,,,,,,,
"r65357","2024-25","Georgia College","Deshona Gaither","wbb-025587","deshona gaither","same_name_unconfirmed_transfer",,,,,,"Newberry","no_evidence","none",TRUE,TRUE,,,,,,,
"r65390","2024-25","Glenville St.","Benie Lundu","wbb-013666","benie lundu","same_name_unconfirmed_transfer",,,,,,"Jacksonville","no_evidence","none",TRUE,TRUE,,,,,,,
"r65404","2024-25","Grand Canyon","Bridget Mullings","wbb-013512","bridget mullings","same_name_unconfirmed_transfer",,,,,,"Utah St.","no_evidence","none",TRUE,TRUE,,,,,,,
"r65427","2024-25","Greenville","Amelia Shoemaker","wbb-026266","amelia shoemaker","same_name_unconfirmed_transfer",,,,,,"Birmingham-Southern","no_evidence","none",TRUE,TRUE,,,,,,,
"r65429","2024-25","Greenville","Zaylee Ramos","wbb-020583","zaylee ramos","same_name_unconfirmed_transfer",,,,,,"MCLA","no_evidence","none",TRUE,TRUE,,,,,,,
"r65475","2024-25","Harding","Evan Neely","wbb-019988","evan neely","same_name_unconfirmed_transfer",,,,,,"Cedarville","no_evidence","none",TRUE,TRUE,,,,,,,
"r65485","2024-25","Henderson St.","Michaela Mayfield","wbb-007437","michaela mayfield","same_name_unconfirmed_transfer",,,,,,"Southeast Missouri State","no_evidence","none",TRUE,TRUE,,,,,,,
"r65616","2024-25","La Roche","Mikayla Newsome","wbb-026199","mikayla newsome","same_name_unconfirmed_transfer",,,,,,"Salem (WV)","no_evidence","none",TRUE,TRUE,,,,,,,
"r65653","2024-25","Lander","Donee' Frazier","wbb-020844","donee frazier","same_name_unconfirmed_transfer",,,,,,"Alabama A&M","no_evidence","none",TRUE,TRUE,,,,,,,
"r65654","2024-25","Lander","Ryan Elbert","wbb-021094","ryan elbert","same_name_unconfirmed_transfer",,,,,,"Lake Erie","no_evidence","none",TRUE,TRUE,,,,,,,
"r65675","2024-25","Lenoir-Rhyne","Vanessa Jurewicz","wbb-025086","vanessa jurewicz","same_name_unconfirmed_transfer",,,,,,"Milwaukee","no_evidence","none",TRUE,TRUE,,,,,,,
"r65676","2024-25","Lincoln Memorial","Dominique Rodriguez","wbb-018684","dominique rodriguez","same_name_unconfirmed_transfer",,,,,,"Coker","no_evidence","none",TRUE,TRUE,,,,,,,
"r65735","2024-25","Mars Hill","Cecilee Silver","wbb-018775","cecilee silver","same_name_unconfirmed_transfer",,,,,,"Gardner-Webb","no_evidence","none",TRUE,TRUE,,,,,,,
"r65741","2024-25","Mary Hardin-Baylor","Amillion Fowler","wbb-026470","amillion fowler","same_name_unconfirmed_transfer",,,,,,"Ark.-Fort Smith","no_evidence","none",TRUE,TRUE,,,,,,,
"r65767","2024-25","Montevallo","Jordan Gillies","wbb-023311","jordan gillies","same_name_unconfirmed_transfer",,,,,,"Ky. Wesleyan","no_evidence","none",TRUE,TRUE,,,,,,,
"r65770","2024-25","Montevallo","Elisa Saffold","wbb-004913","elisa saffold","same_name_unconfirmed_transfer",,,,,,"Mississippi Valley State","no_evidence","none",TRUE,TRUE,,,,,,,
"r65842","2024-25","Newberry","Khia Lee","wbb-018331","khia lee","same_name_unconfirmed_transfer",,,,,,"Nicholls State","no_evidence","none",TRUE,TRUE,,,,,,,
"r65947","2024-25","Post","Alyssa Rossignol","wbb-023910","alyssa rossignol","same_name_unconfirmed_transfer",,,,,,"Niagara","no_evidence","none",TRUE,TRUE,,,,,,,
"r65986","2024-25","Dominican (IL)","Melissa Gomez","wbb-020223","melissa gomez","same_name_unconfirmed_transfer",,,,,,"Lake Forest","no_evidence","none",TRUE,TRUE,,,,,,,
"r66004","2024-25","St. Edward's","Ramsey Robledo","wbb-025664","ramsey robledo","same_name_unconfirmed_transfer",,,,,,"St. Mary's (TX)","no_evidence","none",TRUE,TRUE,,,,,,,
"r66066","2024-25","Schreiner","Kiara Green","wbb-010896","kiara green","same_name_unconfirmed_transfer",,,,,,"Howard Payne","no_evidence","none",TRUE,TRUE,,,,,,,
"r66082","2024-25","Schreiner","Aylene Ortega","wbb-025926","aylene ortega","same_name_unconfirmed_transfer",,,,,,"LeTourneau","no_evidence","none",TRUE,TRUE,,,,,,,
"r66370","2024-25","Wingate","Breya Busby","wbb-014462","breya busby","same_name_unconfirmed_transfer",,,,,,"Bryant","no_evidence","none",TRUE,TRUE,,,,,,,
"r66392","2024-25","Goucher","Lauryn Towns","wbb-019739","lauryn towns","same_name_unconfirmed_transfer",,,,,,"Birmingham-Southern","no_evidence","none",TRUE,TRUE,,,,,,,
"r66417","2024-25","Arkansas-Pine Bluff","D'arrah Allen","wbb-024758","d arrah allen","same_name_unconfirmed_transfer",,,,,,"Texas-El Paso","no_evidence","none",TRUE,TRUE,,,,,,,
"r66455","2024-25","Hawaii Pacific","Haley Masaki","wbb-005712","haley masaki","same_name_unconfirmed_transfer",,,,,,"Northern Colorado","no_evidence","none",TRUE,TRUE,,,,,,,
"r66458","2024-25","Hawaii Pacific","Erika Glenn","wbb-016728","erika glenn","same_name_unconfirmed_transfer",,,,,,"Western Ore.","no_evidence","none",TRUE,TRUE,,,,,,,
"r66460","2024-25","Hawaii Pacific","Megan Jones","wbb-001244","megan jones","same_name_unconfirmed_transfer",,,,,,"UC Davis","no_evidence","none",TRUE,TRUE,,,,,,,
"r66461","2024-25","Hawaii Pacific","Alana Roberts","wbb-024811","alana roberts","same_name_unconfirmed_transfer",,,,,,"Tuskegee","no_evidence","none",TRUE,TRUE,,,,,,,
"r66480","2024-25","IUPUI","Jada Patton","wbb-020169","jada patton","same_name_unconfirmed_transfer",,,,,,"UIndy","no_evidence","none",TRUE,TRUE,,,,,,,
"r66526","2024-25","Oglethorpe","Montana Harris","wbb-017187","montana harris","same_name_unconfirmed_transfer",,,,,,"Birmingham-Southern","no_evidence","none",TRUE,TRUE,,,,,,,
"r66564","2024-25","Incarnate Word","Shiho Isono","wbb-024624","shiho isono","same_name_unconfirmed_transfer",,,,,,"Southern Utah","no_evidence","none",TRUE,TRUE,,,,,,,
"r66585","2024-25","Lake Erie","Kennadi Harris","wbb-026521","kennadi harris","same_name_unconfirmed_transfer",,,,,,"Notre Dame (OH)","no_evidence","none",TRUE,TRUE,,,,,,,
"r66600","2024-25","Southwest Baptist","Eviyon Richardson","wbb-018360","eviyon richardson","same_name_unconfirmed_transfer",,,,,,"Omaha","no_evidence","none",TRUE,TRUE,,,,,,,
"r66774","2024-25","Lasell","Hailey Johnson","wbb-020696","hailey johnson","same_name_unconfirmed_transfer",,,,,,"Pepperdine","no_evidence","none",TRUE,TRUE,,,,,,,
"r66832","2024-25","N.M. Highlands","Eva Ongoongotau","wbb-003154","eva ongoongotau","same_name_unconfirmed_transfer",,,,,,"Hawaii","no_evidence","none",TRUE,TRUE,,,,,,,
"r66938","2024-25","Chowan","Alexandria James-Fearon","wbb-026749","alexandria james fearon","same_name_unconfirmed_transfer",,,,,,"Edward Waters","no_evidence","none",TRUE,TRUE,,,,,,,
"r66968","2024-25","Converse","Darling Harris","wbb-003849","darling harris","same_name_unconfirmed_transfer",,,,,,"Knox","no_evidence","none",TRUE,TRUE,,,,,,,
"r67002","2024-25","East Central","Peyton Mosley","wbb-021374","peyton mosley","same_name_unconfirmed_transfer",,,,,,"Mo. Southern St.","no_evidence","none",TRUE,TRUE,,,,,,,
"r67003","2024-25","East Central","Lucia Hervia","wbb-022793","lucia hervia","same_name_unconfirmed_transfer",,,,,,"Tex. A&M-Commerce","no_evidence","none",TRUE,TRUE,,,,,,,
"r67124","2024-25","SUNY Poly","Sophia Murray","wbb-020338","sophia murray","same_name_unconfirmed_transfer",,,,,,"Marietta","no_evidence","none",TRUE,TRUE,,,,,,,
"r67167","2024-25","UC-Colo. Springs","Amaya Snowden","wbb-013441","amaya snowden","same_name_unconfirmed_transfer",,,,,,"Cal St. Dom. Hills","no_evidence","none",TRUE,TRUE,,,,,,,
"r67221","2024-25","Chatham","Julia Calvin","wbb-019762","julia calvin","same_name_unconfirmed_transfer",,,,,,"Cal Poly Humboldt","no_evidence","none",TRUE,TRUE,,,,,,,
"r67225","2024-25","Chatham","Kendall Haymore","wbb-012742","kendall haymore","same_name_unconfirmed_transfer",,,,,,"Sarah Lawrence","no_evidence","none",TRUE,TRUE,,,,,,,
"r67250","2024-25","S.C. Aiken","Kendall Parker","wbb-017553","kendall parker","same_name_unconfirmed_transfer",,,,,,"Okla. Baptist","no_evidence","none",TRUE,TRUE,,,,,,,
"r67262","2024-25","Agnes Scott College","Laila Williams","wbb-023339","laila williams","same_name_unconfirmed_transfer",,,,,,"La Verne","no_evidence","none",TRUE,TRUE,,,,,,,
"r67274","2024-25","Colorado Mesa","Riley Hayes","wbb-017367","riley hayes","same_name_unconfirmed_transfer",,,,,,"Ark.-Fort Smith","no_evidence","none",TRUE,TRUE,,,,,,,
"r67325","2024-25","West Florida","Liv Becker","wbb-014289","liv becker","same_name_unconfirmed_transfer",,,,,,"UIndy","no_evidence","none",TRUE,TRUE,,,,,,,
"r67336","2024-25","Gwynedd Mercy","Angelina Balcer","wbb-026211","angelina balcer","same_name_unconfirmed_transfer",,,,,,"Chestnut Hill","no_evidence","none",TRUE,TRUE,,,,,,,
"r67360","2024-25","Wheeling","Mah Minthe","wbb-024726","mah minthe","same_name_unconfirmed_transfer",,,,,,"UT Martin","no_evidence","none",TRUE,TRUE,,,,,,,
"r67384","2024-25","Tusculum","Danyell Booker","wbb-013442","danyell booker","same_name_unconfirmed_transfer",,,,,,"Cal St. Dom. Hills","no_evidence","none",TRUE,TRUE,,,,,,,
"r67524","2024-25","Salem (WV)","Jada Ward","wbb-025332","jada ward","same_name_unconfirmed_transfer",,,,,,"Defiance","no_evidence","none",TRUE,TRUE,,,,,,,
"r67573","2024-25","Clayton State","Amiyah Edney-Holmes","wbb-022087","amiyah edney holmes","same_name_unconfirmed_transfer",,,,,,"American International","no_evidence","none",TRUE,TRUE,,,,,,,
"r67585","2024-25","Lynn","Channing Chappell","wbb-009228","channing chappell","same_name_unconfirmed_transfer",,,,,,"Wright St.","no_evidence","none",TRUE,TRUE,,,,,,,
"r67602","2024-25","Chestnut Hill","Kaya Mobley","wbb-026483","kaya mobley","same_name_unconfirmed_transfer",,,,,,"Penn St.-Abington","no_evidence","none",TRUE,TRUE,,,,,,,
"r67673","2024-25","Lyon","Haven Cooper","wbb-025300","haven cooper","same_name_unconfirmed_transfer",,,,,,"Christian Brothers","no_evidence","none",TRUE,TRUE,,,,,,,
"r67755","2024-25","Nova Southeastern","Dash Shaw","wbb-013030","dash shaw","same_name_unconfirmed_transfer",,,,,,"Purdue Northwest","no_evidence","none",TRUE,TRUE,,,,,,,
"r67788","2024-25","A&M-Corpus Christi","Samora Watson","wbb-019380","samora watson","same_name_unconfirmed_transfer",,,,,,"Central Connecticut","no_evidence","none",TRUE,TRUE,,,,,,,
"r67839","2024-25","Transylvania","Makya Grinter","wbb-019075","makya grinter","same_name_unconfirmed_transfer",,,,,,"Centre","no_evidence","none",TRUE,TRUE,,,,,,,
"r67857","2024-25","Florida Gulf Coast","Anna Mortag","wbb-017985","anna mortag","same_name_unconfirmed_transfer",,,,,,"Butler","no_evidence","none",TRUE,TRUE,,,,,,,
"r67912","2024-25","Texas-Tyler","KK Bass","wbb-025751","kk bass","same_name_unconfirmed_transfer",,,,,,"Western Wash.","no_evidence","none",TRUE,TRUE,,,,,,,
"r67917","2024-25","Texas-Tyler","Caitlyn Ryan","wbb-019862","caitlyn ryan","same_name_unconfirmed_transfer",,,,,,"North Central (MN)","no_evidence","none",TRUE,TRUE,,,,,,,
"r67953","2024-25","Crown (MN)","Emma Kingsley","wbb-024400","emma kingsley","same_name_unconfirmed_transfer",,,,,,"Saint Mary's (MN)","no_evidence","none",TRUE,TRUE,,,,,,,
"r68024","2024-25","North Central (MN)","McKenzie Latzke","wbb-012048","mckenzie latzke","same_name_unconfirmed_transfer",,,,,,"Crown (MN)","no_evidence","none",TRUE,TRUE,,,,,,,
"r68028","2024-25","Me.-Presque Isle","Jovanna Oliva","wbb-016427","jovanna oliva","same_name_unconfirmed_transfer",,,,,,"Eastern Nazarene","no_evidence","none",TRUE,TRUE,,,,,,,
"r68059","2024-25","Palm Beach Atl.","Carleigh Andrews","wbb-018039","carleigh andrews","same_name_unconfirmed_transfer",,,,,,"Charleston Southern","no_evidence","none",TRUE,TRUE,,,,,,,
"r68092","2024-25","Central St. (OH)","Jacquel Bronaugh","wbb-010834","jacquel bronaugh","same_name_unconfirmed_transfer",,,,,,"IUPUI","no_evidence","none",TRUE,TRUE,,,,,,,
"r68152","2024-25","Cal St. Monterey Bay","Ella Doherty","wbb-015808","ella doherty","same_name_unconfirmed_transfer",,,,,,"Toledo","no_evidence","none",TRUE,TRUE,,,,,,,
"r68161","2024-25","Cal St. Monterey Bay","Malaysia Lucero","wbb-025283","malaysia lucero","same_name_unconfirmed_transfer",,,,,,"Chadron St.","no_evidence","none",TRUE,TRUE,,,,,,,
"r68165","2024-25","Claflin","Myla Lee","wbb-010668","myla lee","same_name_unconfirmed_transfer",,,,,,"Western N.M.","no_evidence","none",TRUE,TRUE,,,,,,,
"r68175","2024-25","Seton Hill","Cameron Dill","wbb-023366","cameron dill","same_name_unconfirmed_transfer",,,,,,"Lamar","no_evidence","none",TRUE,TRUE,,,,,,,
"r68178","2024-25","Seton Hill","Anna Rafferty","wbb-020164","anna rafferty","corroborated_blocked",,,,,,"Indiana (PA)","failed_year_progression","hometown",FALSE,TRUE,,,,,,,
"r68224","2024-25","SUNY Morrisville","Jakeira Stackhouse","wbb-024652","jakeira stackhouse","same_name_unconfirmed_transfer",,,,,,"Staten Island","no_evidence","none",TRUE,TRUE,,,,,,,
"r68280","2024-25","Mary","Ava Interrante","wbb-008349","ava interrante","same_name_unconfirmed_transfer",,,,,,"Valparaiso","no_evidence","none",TRUE,TRUE,,,,,,,
"r68362","2024-25","Tex. Permian Basin","Taryn Johnson","wbb-018535","taryn johnson","same_name_unconfirmed_transfer",,,,,,"Houston","no_evidence","none",TRUE,TRUE,,,,,,,
"r68375","2024-25","Texas A&M-International","Alyssia Thorne","wbb-025915","alyssia thorne","same_name_unconfirmed_transfer",,,,,,"Ark.-Monticello","no_evidence","none",TRUE,TRUE,,,,,,,
"r68454","2024-25","Ark.-Fort Smith","Olivia Johnson","wbb-012893","olivia johnson","same_name_unconfirmed_transfer",,,,,,"Penn College","no_evidence","none",TRUE,TRUE,,,,,,,
"r68483","2024-25","Penn St.-Abington","Tori Tolson","wbb-023517","tori tolson","same_name_unconfirmed_transfer",,,,,,"Mansfield","no_evidence","none",TRUE,TRUE,,,,,,,
"r68588","2024-25","Sioux Falls","Aby Phipps","wbb-000438","aby phipps","same_name_unconfirmed_transfer",,,,,,"Augustana (SD)","no_evidence","none",TRUE,TRUE,,,,,,,
"r68613","2024-25","California Baptist","Emma Johansson","wbb-017863","emma johansson","same_name_unconfirmed_transfer",,,,,,"South Florida","no_evidence","none",TRUE,TRUE,,,,,,,
"r68639","2024-25","Malone","Aila Miller","wbb-021617","aila miller","same_name_unconfirmed_transfer",,,,,,"Akron","no_evidence","none",TRUE,TRUE,,,,,,,
"r68683","2024-25","Ursuline","Kamryn Dziak","wbb-002877","kamryn dziak","same_name_unconfirmed_transfer",,,,,,"Georgia State","no_evidence","none",TRUE,TRUE,,,,,,,
"r68743","2024-25","Shorter","Tionna Baker","wbb-023121","tionna baker","same_name_unconfirmed_transfer",,,,,,"Hofstra","no_evidence","none",TRUE,TRUE,,,,,,,
"r68769","2024-25","Southern Nazarene","Jordan Hoffman","wbb-022364","jordan hoffman","same_name_unconfirmed_transfer",,,,,,"Cal Poly","no_evidence","none",TRUE,TRUE,,,,,,,
"r68797","2024-25","Young Harris","Ivona Miljanic","wbb-018343","ivona miljanic","same_name_unconfirmed_transfer",,,,,,"Northwestern State","no_evidence","none",TRUE,TRUE,,,,,,,
"r68810","2024-25","Young Harris","Annalise Malone","wbb-018868","annalise malone","same_name_unconfirmed_transfer",,,,,,"S.C. Aiken","no_evidence","none",TRUE,TRUE,,,,,,,
"r68866","2024-25","SUNY Canton","Chloe Smith","wbb-022898","chloe smith","same_name_unconfirmed_transfer",,,,,,"Eureka","no_evidence","none",TRUE,TRUE,,,,,,,
"r68950","2024-25","Okla. Christian","Ewa Kielar","wbb-018006","ewa kielar","same_name_unconfirmed_transfer",,,,,,"Western Carolina","no_evidence","none",TRUE,TRUE,,,,,,,
"r69113","2024-25","Westminster (UT)","Abby Conlee","wbb-017220","abby conlee","same_name_unconfirmed_transfer",,,,,,"Utah Valley","no_evidence","none",TRUE,TRUE,,,,,,,
"r69122","2024-25","Westminster (UT)","Matehya Aberle","wbb-025401","matehya aberle","same_name_unconfirmed_transfer",,,,,,"Fort Lewis","no_evidence","none",TRUE,TRUE,,,,,,,
"r69161","2024-25","Purdue Northwest","Nessa Walsh","wbb-022032","nessa walsh","same_name_unconfirmed_transfer",,,,,,"Alas. Anchorage","no_evidence","none",TRUE,TRUE,,,,,,,
"r69198","2024-25","Allen","Amoni Byrd","wbb-018154","amoni byrd","same_name_unconfirmed_transfer",,,,,,"Georgia Southern","no_evidence","none",TRUE,TRUE,,,,,,,
"r69261","2024-25","Jessup","Andrea Jovicevic","wbb-005302","andrea jovicevic","same_name_unconfirmed_transfer",,,,,,"Nevada","no_evidence","none",TRUE,TRUE,,,,,,,
"r69264","2024-25","Jessup","Hailey Hoff","wbb-020697","hailey hoff","same_name_unconfirmed_transfer",,,,,,"Pepperdine","no_evidence","none",TRUE,TRUE,,,,,,,
"r69287","2024-25","Vanguard","Paola Roa","wbb-018641","paola roa","same_name_unconfirmed_transfer",,,,,,"Cal State LA","no_evidence","none",TRUE,TRUE,,,,,,,
"r69294","2024-25","UC Merced","Madison Diaz","wbb-006707","madison diaz","same_name_unconfirmed_transfer",,,,,,"Rutgers-Newark","no_evidence","none",TRUE,TRUE,,,,,,,
"r69312","2024-25","Spring Hill","Marta Duda","wbb-021429","marta duda","same_name_unconfirmed_transfer",,,,,,"Arkansas Tech","no_evidence","none",TRUE,TRUE,,,,,,,
"r69440","2024-25","UC Irvine","Daniela Falcón Hernández","wbb-024856","daniela falcon hernandez","same_name_unconfirmed_transfer",,,,,,"Utah","no_evidence","none",TRUE,TRUE,,,,,,,
"r69782","2024-25","Millersville","Jillian Crawford","wbb-026605","jillian crawford","same_name_unconfirmed_transfer",,,,,,"Southern Nazarene","no_evidence","none",TRUE,TRUE,,,,,,,
"r69799","2024-25","Morgan St.","Zaiha Minnis","wbb-021552","zaiha minnis","same_name_unconfirmed_transfer",,,,,,"Hampton","no_evidence","none",TRUE,TRUE,,,,,,,
"r69985","2024-25","Stephen F. Austin","Ashlyn Traylor","wbb-018400","ashlyn traylor","same_name_unconfirmed_transfer",,,,,,"Radford","no_evidence","none",TRUE,TRUE,,,,,,,
"r70026","2024-25","Virginia","Latasha Lattimore","wbb-015798","latasha lattimore","same_name_unconfirmed_transfer",,,,,,"Miami","no_evidence","none",TRUE,TRUE,,,,,,,
"r70035","2024-25","Weber State","Kaitlin Burgess","wbb-013314","kaitlin burgess","same_name_unconfirmed_transfer",,,,,,"Boise State","no_evidence","none",TRUE,TRUE,,,,,,,
"r70293","2024-25","Howard Payne","Madison Clay","wbb-024513","madison clay","same_name_unconfirmed_transfer",,,,,,"Shenandoah","no_evidence","none",TRUE,TRUE,,,,,,,
"r70352","2024-25","Chatham","Dominique Pacheco","wbb-010280","dominique pacheco","same_name_unconfirmed_transfer",,,,,,"Mount Olive","no_evidence","none",TRUE,TRUE,,,,,,,
"r70354","2024-25","Chatham","Taylor Major","wbb-020225","taylor major","same_name_unconfirmed_transfer",,,,,,"Lake Forest","no_evidence","none",TRUE,TRUE,,,,,,,
"r70415","2024-25","Texas-Dallas","Allana Thompson","wbb-026467","allana thompson","same_name_unconfirmed_transfer",,,,,,"Ark.-Fort Smith","no_evidence","none",TRUE,TRUE,,,,,,,
"r70601","2024-25","Edward Waters","Tashun Bryson","wbb-018230","tashun bryson","same_name_unconfirmed_transfer",,,,,,"Long Island","no_evidence","none",TRUE,TRUE,,,,,,,
"r67208","2024-25","Chatham","Leah Harkenrider","wbb-000188",,"duplicate_wbb_id_claim",,,,,,,,,,,,,,,,,
"r67206","2024-25","Chatham","Brielle Fitzpatrick","wbb-000995",,"duplicate_wbb_id_claim",,,,,,,,,,,,,,,,,
"r58009","2024-25","Hardin-Simmons","Katie Baller","wbb-003016",,"duplicate_wbb_id_claim",,,,,,,,,,,,,,,,,
"r67736","2024-25","Concordia (TX)","Kiki Gonzales","wbb-003105",,"duplicate_wbb_id_claim",,,,,,,,,,,,,,,,,
"r60782","2024-25","North Park","Evelyn Abundes","wbb-006634",,"duplicate_wbb_id_claim",,,,,,,,,,,,,,,,,
"r70020","2024-25","Vermont","Julia Blanck","wbb-007300",,"duplicate_wbb_id_claim",,,,,,,,,,,,,,,,,
"r62547","2024-25","Seattle Pacific","Peyton Bergevin","wbb-010174",,"duplicate_wbb_id_claim",,,,,,,,,,,,,,,,,
"r66146","2024-25","Tarleton St.","Arieona Rosborough","wbb-010234",,"duplicate_wbb_id_claim",,,,,,,,,,,,,,,,,
"r55652","2024-25","Cal St. Dom. Hills","Teagan Thurman","wbb-010345",,"duplicate_wbb_id_claim",,,,,,,,,,,,,,,,,
"r70583","2024-25","Southern Wesleyan","Jezreel Reynolds","wbb-013956",,"duplicate_wbb_id_claim",,,,,,,,,,,,,,,,,
"r67727","2024-25","Lesley","Ahidali DeHuelbes","wbb-016358",,"duplicate_wbb_id_claim",,,,,,,,,,,,,,,,,
"r58569","2024-25","New Jersey City","Destiny Battle","wbb-016962",,"duplicate_wbb_id_claim",,,,,,,,,,,,,,,,,
"r58641","2024-25","VTSU-Johnson","Riann Fortin","wbb-017311",,"duplicate_wbb_id_claim",,,,,,,,,,,,,,,,,
"r66586","2024-25","Lake Erie","Lilee Carlson","wbb-017392",,"duplicate_wbb_id_claim",,,,,,,,,,,,,,,,,
"r66346","2024-25","Wilmington (DE)","Emma Brown","wbb-018982",,"duplicate_wbb_id_claim",,,,,,,,,,,,,,,,,
"r58137","2024-25","Hiram","Sarah Seaman","wbb-019513",,"duplicate_wbb_id_claim",,,,,,,,,,,,,,,,,
"r66798","2024-25","McMurry","Jordan Bravo","wbb-019530",,"duplicate_wbb_id_claim",,,,,,,,,,,,,,,,,
"r66525","2024-25","Oglethorpe","Sheraton Foster","wbb-019738",,"duplicate_wbb_id_claim",,,,,,,,,,,,,,,,,
"r66579","2024-25","Lake Erie","Noel Weathers","wbb-020001",,"duplicate_wbb_id_claim",,,,,,,,,,,,,,,,,
"r54569","2024-25","Alas. Fairbanks","Miranda Lomax","wbb-020128",,"duplicate_wbb_id_claim",,,,,,,,,,,,,,,,,
"r66810","2024-25","McMurry","Allison Runnels","wbb-020307",,"duplicate_wbb_id_claim",,,,,,,,,,,,,,,,,
"r62104","2024-25","St. Cloud St.","Brynn Olson","wbb-020444",,"duplicate_wbb_id_claim",,,,,,,,,,,,,,,,,
"r61467","2024-25","Plymouth St.","Elli Cox","wbb-020767",,"duplicate_wbb_id_claim",,,,,,,,,,,,,,,,,
"r54545","2024-25","UAH","Maya Cable","wbb-020838",,"duplicate_wbb_id_claim",,,,,,,,,,,,,,,,,
"r56800","2024-25","Delaware","Lia Samuels","wbb-021160",,"duplicate_wbb_id_claim",,,,,,,,,,,,,,,,,
"r58665","2024-25","Kalamazoo","Lauren Vanderstelt","wbb-021697",,"duplicate_wbb_id_claim",,,,,,,,,,,,,,,,,
"r64654","2024-25","Wittenberg","Karsen Karlblom","wbb-021736",,"duplicate_wbb_id_claim",,,,,,,,,,,,,,,,,
"r64176","2024-25","McDaniel","Caroline Barbalato","wbb-023510",,"duplicate_wbb_id_claim",,,,,,,,,,,,,,,,,
"r61275","2024-25","Otterbein","Lexee Brewer","wbb-024035",,"duplicate_wbb_id_claim",,,,,,,,,,,,,,,,,
"r57285","2024-25","Emmanuel (MA)","Charlotte Jordan","wbb-025007",,"duplicate_wbb_id_claim",,,,,,,,,,,,,,,,,
"r59904","2024-25","Millikin","Tatum Young","wbb-025016",,"duplicate_wbb_id_claim",,,,,,,,,,,,,,,,,
"r62041","2024-25","Saint Benedict","Emily Crandall","wbb-025134",,"duplicate_wbb_id_claim",,,,,,,,,,,,,,,,,
"r59611","2024-25","UMass Boston","Sabanna Berrios","wbb-025364",,"duplicate_wbb_id_claim",,,,,,,,,,,,,,,,,
"r67890","2024-25","Lee","Molly Smith","wbb-025368",,"duplicate_wbb_id_claim",,,,,,,,,,,,,,,,,
"r69128","2024-25","Dean","Alexandria Paquet","wbb-025371",,"duplicate_wbb_id_claim",,,,,,,,,,,,,,,,,
"r65106","2024-25","Concord","Sanaiya Morris","wbb-025428",,"duplicate_wbb_id_claim",,,,,,,,,,,,,,,,,
"r67744","2024-25","Concordia (TX)","Jazlyn Braithwaite","wbb-025850",,"duplicate_wbb_id_claim",,,,,,,,,,,,,,,,,
"r69211","2024-25","Asbury","Liz Boyd","wbb-025896",,"duplicate_wbb_id_claim",,,,,,,,,,,,,,,,,
"r66799","2024-25","McMurry","Karrigan Parrott","wbb-026226",,"duplicate_wbb_id_claim",,,,,,,,,,,,,,,,,
"r71078","2025-26","Auburn","Angena Belloso","wbb-006824","angena belloso","ambiguous_transfer",,FALSE,TRUE,,,,,,,,,,,,,,
"r71078","2025-26","Auburn","Angena Belloso","wbb-022946","angena belloso","ambiguous_transfer",,FALSE,TRUE,,,,,,,,,,,,,,
"r71147","2025-26","Augustana (SD)","Miranda Lomax","wbb-020128","miranda lomax","ambiguous_transfer",,TRUE,FALSE,,,,,,,,,,,,,,
"r71147","2025-26","Augustana (SD)","Miranda Lomax","wbb-026799","miranda lomax","ambiguous_transfer",,TRUE,FALSE,,,,,,,,,,,,,,
"r71445","2025-26","Bethune-Cookman","Alexandria Johnson","wbb-011471","alexandria johnson","ambiguous_transfer",,TRUE,FALSE,,,,,,,,,,,,,,
"r71445","2025-26","Bethune-Cookman","Alexandria Johnson","wbb-018894","alexandria johnson","ambiguous_transfer",,TRUE,FALSE,,,,,,,,,,,,,,
"r71445","2025-26","Bethune-Cookman","Alexandria Johnson","wbb-026090","alexandria johnson","ambiguous_transfer",,TRUE,FALSE,,,,,,,,,,,,,,
"r71445","2025-26","Bethune-Cookman","Alexandria Johnson","wbb-030334","alexandria johnson","ambiguous_transfer",,TRUE,FALSE,,,,,,,,,,,,,,
"r71620","2025-26","Bridgeport","Merci Turner","wbb-012956","merci turner","ambiguous_transfer",,FALSE,TRUE,,,,,,,,,,,,,,
"r71620","2025-26","Bridgeport","Merci Turner","wbb-025788","merci turner","ambiguous_transfer",,TRUE,FALSE,,,,,,,,,,,,,,
"r71929","2025-26","Fresno State","Djessira Diawara","wbb-023148","djessira diawara","ambiguous_transfer",,FALSE,TRUE,,,,,,,,,,,,,,
"r71929","2025-26","Fresno State","Djessira Diawara","wbb-029960","djessira diawara","ambiguous_transfer",,FALSE,FALSE,,,,,,,,,,,,,,
"r72423","2025-26","Central Michigan","Zareia Chevre","wbb-004995","zareia chevre","ambiguous_transfer",,FALSE,TRUE,,,,,,,,,,,,,,
"r72423","2025-26","Central Michigan","Zareia Chevre","wbb-017886","zareia chevre","ambiguous_transfer",,TRUE,FALSE,,,,,,,,,,,,,,
"r72521","2025-26","Chris. Newport","Kendra Rigo","wbb-028438","kendra rigo","ambiguous_transfer",,FALSE,TRUE,,,,,,,,,,,,,,
"r72521","2025-26","Chris. Newport","Kendra Rigo","wbb-033066","kendra rigo","ambiguous_transfer",,TRUE,TRUE,,,,,,,,,,,,,,
"r73737","2025-26","Ferrum","Jezreel Reynolds","wbb-013956","jezreel reynolds","ambiguous_transfer",,TRUE,FALSE,,,,,,,,,,,,,,
"r73737","2025-26","Ferrum","Jezreel Reynolds","wbb-033357","jezreel reynolds","ambiguous_transfer",,TRUE,FALSE,,,,,,,,,,,,,,
"r74743","2025-26","Indiana State","Clemisha Prackett","wbb-022012","clemisha prackett","ambiguous_transfer",,TRUE,FALSE,,,,,,,,,,,,,,
"r74743","2025-26","Indiana State","Clemisha Prackett","wbb-029017","clemisha prackett","ambiguous_transfer",,FALSE,FALSE,,,,,,,,,,,,,,
"r76068","2025-26","Memphis","Amauri Williams","wbb-021614","amauri williams","ambiguous_transfer",,TRUE,FALSE,,,,,,,,,,,,,,
"r76068","2025-26","Memphis","Amauri Williams","wbb-024178","amauri williams","ambiguous_transfer",,FALSE,FALSE,,,,,,,,,,,,,,
"r76466","2025-26","Mississippi","Latasha Lattimore","wbb-015798","latasha lattimore","ambiguous_transfer",,FALSE,TRUE,,,,,,,,,,,,,,
"r76466","2025-26","Mississippi","Latasha Lattimore","wbb-033210","latasha lattimore","ambiguous_transfer",,FALSE,FALSE,,,,,,,,,,,,,,
"r77096","2025-26","Nicholls State","Sanaiya Morris","wbb-025428","sanaiya morris","ambiguous_transfer",,FALSE,TRUE,,,,,,,,,,,,,,
"r77096","2025-26","Nicholls State","Sanaiya Morris","wbb-030906","sanaiya morris","ambiguous_transfer",,TRUE,TRUE,,,,,,,,,,,,,,
"r77333","2025-26","Northern Arizona","Valentina Saric","wbb-018304","valentina saric","ambiguous_transfer",,TRUE,FALSE,,,,,,,,,,,,,,
"r77333","2025-26","Northern Arizona","Valentina Saric","wbb-028420","valentina saric","ambiguous_transfer",,FALSE,FALSE,,,,,,,,,,,,,,
"r78491","2025-26","Rutgers","Faith Blackstone","wbb-007798","faith blackstone","ambiguous_transfer",,TRUE,FALSE,,,,,,,,,,,,,,
"r78491","2025-26","Rutgers","Faith Blackstone","wbb-030177","faith blackstone","ambiguous_transfer",,FALSE,TRUE,,,,,,,,,,,,,,
"r78695","2025-26","Saint Joseph's (PA)","Faith Stinson","wbb-016776","faith stinson","ambiguous_transfer",,TRUE,TRUE,,,,,,,,,,,,,,
"r78695","2025-26","Saint Joseph's (PA)","Faith Stinson","wbb-021618","faith stinson","ambiguous_transfer",,TRUE,FALSE,,,,,,,,,,,,,,
"r79311","2025-26","South Florida","Katie Davidson","wbb-004699","katie davidson","ambiguous_transfer",,TRUE,TRUE,,,,,,,,,,,,,,
"r79311","2025-26","South Florida","Katie Davidson","wbb-016778","katie davidson","ambiguous_transfer",,TRUE,TRUE,,,,,,,,,,,,,,
"r80081","2025-26","Tulane","Jordyn Weaver","wbb-011466","jordyn weaver","ambiguous_transfer",,FALSE,TRUE,,,,,,,,,,,,,,
"r80081","2025-26","Tulane","Jordyn Weaver","wbb-015488","jordyn weaver","ambiguous_transfer",,FALSE,TRUE,,,,,,,,,,,,,,
"r80212","2025-26","Upper Iowa","Ellie Foster","wbb-008961","ellie foster","ambiguous_transfer",,TRUE,FALSE,,,,,,,,,,,,,,
"r80212","2025-26","Upper Iowa","Ellie Foster","wbb-018577","ellie foster","ambiguous_transfer",,TRUE,FALSE,,,,,,,,,,,,,,
"r82010","2025-26","Francis Marion","Tyra Myers","wbb-006817","tyra myers","ambiguous_transfer",,TRUE,TRUE,,,,,,,,,,,,,,
"r82010","2025-26","Francis Marion","Tyra Myers","wbb-024664","tyra myers","ambiguous_transfer",,TRUE,TRUE,,,,,,,,,,,,,,
"r82108","2025-26","Grand Canyon","Holly Griffiths","wbb-024127","holly griffiths","ambiguous_transfer",,FALSE,TRUE,,,,,,,,,,,,,,
"r82108","2025-26","Grand Canyon","Holly Griffiths","wbb-027286","holly griffiths","ambiguous_transfer",,FALSE,FALSE,,,,,,,,,,,,,,
"r82389","2025-26","Lincoln Memorial","Maleiya Hill","wbb-010287","maleiya hill","ambiguous_transfer",,TRUE,FALSE,,,,,,,,,,,,,,
"r82389","2025-26","Lincoln Memorial","Maleiya Hill","wbb-025530","maleiya hill","ambiguous_transfer",,TRUE,FALSE,,,,,,,,,,,,,,
"r83082","2025-26","Western Ore.","Danyell Booker","wbb-013442","danyell booker","ambiguous_transfer",,TRUE,TRUE,,,,,,,,,,,,,,
"r83082","2025-26","Western Ore.","Danyell Booker","wbb-031974","danyell booker","ambiguous_transfer",,FALSE,FALSE,,,,,,,,,,,,,,
"r83323","2025-26","Kansas City","Carleigh Andrews","wbb-018039","carleigh andrews","ambiguous_transfer",,FALSE,TRUE,,,,,,,,,,,,,,
"r83323","2025-26","Kansas City","Carleigh Andrews","wbb-032326","carleigh andrews","ambiguous_transfer",,TRUE,FALSE,,,,,,,,,,,,,,
"r83656","2025-26","McMurry","Briley Waters","wbb-028731","briley waters","ambiguous_transfer",,TRUE,TRUE,,,,,,,,,,,,,,
"r83656","2025-26","McMurry","Briley Waters","wbb-033284","briley waters","ambiguous_transfer",,FALSE,TRUE,,,,,,,,,,,,,,
"r84651","2025-26","Texas-Dallas","Sheridan Kavanagh","wbb-006822","sheridan kavanagh","ambiguous_transfer",,FALSE,TRUE,,,,,,,,,,,,,,
"r84651","2025-26","Texas-Dallas","Sheridan Kavanagh","wbb-025665","sheridan kavanagh","ambiguous_transfer",,FALSE,TRUE,,,,,,,,,,,,,,
"r70621","2025-26","Adelphi","Adout Ring","wbb-031265","adout ring","same_name_unconfirmed_transfer",,,,,,"Presbyterian College","no_evidence","none",TRUE,TRUE,,,,,,,
"r70670","2025-26","Alabama A&M","Zaria Glover","wbb-028418","zaria glover","same_name_unconfirmed_transfer",,,,,,"Jackson St.","no_evidence","none",TRUE,TRUE,,,,,,,
"r70695","2025-26","Alabama State","Kaia Ponder","wbb-020499","kaia ponder","same_name_unconfirmed_transfer",,,,,,"Kansas City","no_evidence","none",TRUE,TRUE,,,,,,,
"r70710","2025-26","Alabama","Waiata Jennings","wbb-027024","waiata jennings","same_name_unconfirmed_transfer",,,,,,"Baylor","no_evidence","none",TRUE,TRUE,,,,,,,
"r70724","2025-26","UAH","Lili Wilken","wbb-019795","lili wilken","same_name_unconfirmed_transfer",,,,,,"Trevecca Nazarene","no_evidence","none",TRUE,TRUE,,,,,,,
"r70727","2025-26","UAH","Danika Starr","wbb-019032","danika starr","same_name_unconfirmed_transfer",,,,,,"Northwest Nazarene","no_evidence","none",TRUE,TRUE,,,,,,,
"r70730","2025-26","UAH","Paris Opelt","wbb-032573","paris opelt","same_name_unconfirmed_transfer",,,,,,"William Jewell","no_evidence","none",TRUE,TRUE,,,,,,,
"r70832","2025-26","Alcorn State","Chrishunti Walker","wbb-029278","chrishunti walker","same_name_unconfirmed_transfer",,,,,,"North Alabama","no_evidence","none",TRUE,TRUE,,,,,,,
"r70978","2025-26","Appalachian State","Daisia Mitchell","wbb-018125","daisia mitchell","same_name_unconfirmed_transfer",,,,,,"Saint Mary's (CA)","no_evidence","none",TRUE,TRUE,,,,,,,
"r71020","2025-26","Arkansas St.","Marlie Dickerson","wbb-018326","marlie dickerson","same_name_unconfirmed_transfer",,,,,,"Niagara","no_evidence","none",TRUE,TRUE,,,,,,,
"r71021","2025-26","Arkansas St.","Yves Cox","wbb-027315","yves cox","same_name_unconfirmed_transfer",,,,,,"CSUN","no_evidence","none",TRUE,TRUE,,,,,,,
"r71022","2025-26","Arkansas","Maria Anais Rodriguez","wbb-029435","maria anais rodriguez","same_name_unconfirmed_transfer",,,,,,"Oklahoma State","no_evidence","none",TRUE,TRUE,,,,,,,
"r71088","2025-26","Auburn","Khady Leye","wbb-030303","khady leye","same_name_unconfirmed_transfer",,,,,,"Towson","no_evidence","none",TRUE,TRUE,,,,,,,
"r71120","2025-26","Augusta","Camerah Langston","wbb-017935","camerah langston","same_name_unconfirmed_transfer",,,,,,"Bethune-Cookman","no_evidence","none",TRUE,TRUE,,,,,,,
"r71172","2025-26","Aurora","Marissa Kalamaris","wbb-026047","marissa kalamaris","same_name_unconfirmed_transfer",,,,,,"UC-Colo. Springs","no_evidence","none",TRUE,TRUE,,,,,,,
"r71184","2025-26","Austin Peay","Ines Gnahore","wbb-027372","ines gnahore","same_name_unconfirmed_transfer",,,,,,"UC Irvine","no_evidence","none",TRUE,TRUE,,,,,,,
"r71268","2025-26","Barry","Jameria Robinson","wbb-025260","jameria robinson","same_name_unconfirmed_transfer",,,,,,"Catawba","no_evidence","none",TRUE,TRUE,,,,,,,
"r71301","2025-26","Baylor","Ella Brow","wbb-018469","ella brow","same_name_unconfirmed_transfer",,,,,,"Southern Methodist","no_evidence","none",TRUE,TRUE,,,,,,,
"r71314","2025-26","Bellarmine","Ava Smith","wbb-030379","ava smith","same_name_unconfirmed_transfer",,,,,,"Utah St.","no_evidence","none",TRUE,TRUE,,,,,,,
"r71341","2025-26","Bemidji St.","Tiffany Liddie","wbb-019131","tiffany liddie","same_name_unconfirmed_transfer",,,,,,"Cameron","no_evidence","none",TRUE,TRUE,,,,,,,
"r71389","2025-26","Bentley","Kayana Armbrister","wbb-022941","kayana armbrister","same_name_unconfirmed_transfer",,,,,,"UT Martin","no_evidence","none",TRUE,TRUE,,,,,,,
"r71529","2025-26","Boston College","Lily Carmody","wbb-027239","lily carmody","same_name_unconfirmed_transfer",,,,,,"Butler","no_evidence","none",TRUE,TRUE,,,,,,,
"r71587","2025-26","Bradley","Mya Wardle","wbb-027828","mya wardle","same_name_unconfirmed_transfer",,,,,,"Eastern Kentucky","no_evidence","none",TRUE,TRUE,,,,,,,
"r71656","2025-26","Bridgewater St.","Reese Bartlett","wbb-027903","reese bartlett","same_name_unconfirmed_transfer",,,,,,"Emmanuel (MA)","no_evidence","none",TRUE,TRUE,,,,,,,
"r71868","2025-26","Cal St. Dom. Hills","Anela Thomas","wbb-021048","anela thomas","same_name_unconfirmed_transfer",,,,,,"Texas Southern","no_evidence","none",TRUE,TRUE,,,,,,,
"r71877","2025-26","Cal St. Dom. Hills","Bryanne Lopez-Wood","wbb-027271","bryanne lopez wood","same_name_unconfirmed_transfer",,,,,,"Cal State Bakersfield","no_evidence","none",TRUE,TRUE,,,,,,,
"r71880","2025-26","Cal St. San Bernardino","Sincere Hardwick","wbb-027319","sincere hardwick","same_name_unconfirmed_transfer",,,,,,"CSUN","no_evidence","none",TRUE,TRUE,,,,,,,
"r71887","2025-26","Cal St. San Bernardino","Arianna Harper","wbb-001049","arianna harper","same_name_unconfirmed_transfer",,,,,,"Cal St. Dom. Hills","no_evidence","none",TRUE,TRUE,,,,,,,
"r71890","2025-26","Cal St. San Bernardino","Hunter Simon","wbb-032967","hunter simon","same_name_unconfirmed_transfer",,,,,,"Vanguard","no_evidence","none",TRUE,TRUE,,,,,,,
"r71892","2025-26","Cal State Bakersfield","Zalissa Finley","wbb-028366","zalissa finley","same_name_unconfirmed_transfer",,,,,,"Indiana State","no_evidence","none",TRUE,TRUE,,,,,,,
"r71893","2025-26","Cal State Bakersfield","Maria Dias","wbb-023167","maria dias","same_name_unconfirmed_transfer",,,,,,"Idaho St.","no_evidence","none",TRUE,TRUE,,,,,,,
"r71894","2025-26","Cal State Bakersfield","Chrishawn Coleman","wbb-029080","chrishawn coleman","same_name_unconfirmed_transfer",,,,,,"Morehead State","no_evidence","none",TRUE,TRUE,,,,,,,
"r71899","2025-26","Cal State Bakersfield","Tena Ikidi","wbb-023991","tena ikidi","same_name_unconfirmed_transfer",,,,,,"Charlotte","no_evidence","none",TRUE,TRUE,,,,,,,
"r71903","2025-26","Cal State Bakersfield","Jaime Gallatly","wbb-030145","jaime gallatly","same_name_unconfirmed_transfer",,,,,,"Southern Miss","no_evidence","none",TRUE,TRUE,,,,,,,
"r71922","2025-26","Fresno State","Ashlyn Rean","wbb-026790","ashlyn rean","same_name_unconfirmed_transfer",,,,,,"Alas. Anchorage","no_evidence","none",TRUE,TRUE,,,,,,,
"r71926","2025-26","Fresno State","Kenzie Sirowich","wbb-019506","kenzie sirowich","same_name_unconfirmed_transfer",,,,,,"Alas. Anchorage","no_evidence","none",TRUE,TRUE,,,,,,,
"r71989","2025-26","CSUN","Jite Gbemuotor","wbb-029028","jite gbemuotor","same_name_unconfirmed_transfer",,,,,,"Mississippi","no_evidence","none",TRUE,TRUE,,,,,,,
"r72002","2025-26","CSUN","Rita Nazário","wbb-029850","rita nazario","same_name_unconfirmed_transfer",,,,,,"Saint Louis","no_evidence","none",TRUE,TRUE,,,,,,,
"r72006","2025-26","Sacramento State","Pinja Paananen","wbb-026916","pinja paananen","same_name_unconfirmed_transfer",,,,,,"Arkansas","no_evidence","none",TRUE,TRUE,,,,,,,
"r72010","2025-26","Sacramento State","Natalie Picton","wbb-023751","natalie picton","same_name_unconfirmed_transfer",,,,,,"Montana State","no_evidence","none",TRUE,TRUE,,,,,,,
"r72027","2025-26","Stanislaus St.","Eryn Gardner","wbb-024543","eryn gardner","same_name_unconfirmed_transfer",,,,,,"Sonoma St.","no_evidence","none",TRUE,TRUE,,,,,,,
"r72039","2025-26","UC Santa Barbara","Zoe Shaw","wbb-029787","zoe shaw","same_name_unconfirmed_transfer",,,,,,"St. Bonaventure","no_evidence","none",TRUE,TRUE,,,,,,,
"r72216","2025-26","Canisius","Ileana Feliz","wbb-027275","ileana feliz","same_name_unconfirmed_transfer",,,,,,"Cal State Bakersfield","no_evidence","none",TRUE,TRUE,,,,,,,
"r72218","2025-26","Canisius","Evie van der Woude","wbb-022940","evie van der woude","same_name_unconfirmed_transfer",,,,,,"Florida Atlantic","no_evidence","none",TRUE,TRUE,,,,,,,
"r72384","2025-26","Central (IA)","Zoe Duggan","wbb-032959","zoe duggan","same_name_unconfirmed_transfer",,,,,,"Vanguard","no_evidence","none",TRUE,TRUE,,,,,,,
"r72476","2025-26","Chapman","Ava Dominguez","wbb-026704","ava dominguez","same_name_unconfirmed_transfer",,,,,,"Concordia (CA)","no_evidence","none",TRUE,TRUE,,,,,,,
"r72484","2025-26","Chicago State","Paris Bass","wbb-023962","paris bass","same_name_unconfirmed_transfer",,,,,,"North Dakota","no_evidence","none",TRUE,TRUE,,,,,,,
"r72544","2025-26","Claremont-M-S","Caleigh Edwards","wbb-020822","caleigh edwards","same_name_unconfirmed_transfer",,,,,,"Chestnut Hill","no_evidence","none",TRUE,TRUE,,,,,,,
"r72569","2025-26","Clarion","Zoé Bayer","wbb-025442","zoe bayer","same_name_unconfirmed_transfer",,,,,,"Guilford","no_evidence","none",TRUE,TRUE,,,,,,,
"r72619","2025-26","Clemson","Rusne Augustinaite","wbb-023019","rusne augustinaite","same_name_unconfirmed_transfer",,,,,,"Georgia Tech","no_evidence","none",TRUE,TRUE,,,,,,,
"r72631","2025-26","Cleveland State","Paula Pique","wbb-026751","paula pique","same_name_unconfirmed_transfer",,,,,,"Abilene Christian","no_evidence","none",TRUE,TRUE,,,,,,,
"r72633","2025-26","Cleveland State","Ayisse Magassa","wbb-028531","ayisse magassa","same_name_unconfirmed_transfer",,,,,,"LaSalle","no_evidence","none",TRUE,TRUE,,,,,,,
"r72634","2025-26","Cleveland State","Izabella Zingaro","wbb-029061","izabella zingaro","same_name_unconfirmed_transfer",,,,,,"Montana","no_evidence","none",TRUE,TRUE,,,,,,,
"r72733","2025-26","Colo. Sch. of Mines","Olivia Campbell","wbb-025145","olivia campbell","same_name_unconfirmed_transfer",,,,,,"Wittenberg","no_evidence","none",TRUE,TRUE,,,,,,,
"r72768","2025-26","Colorado","JoJo Nworie","wbb-018200","jojo nworie","same_name_unconfirmed_transfer",,,,,,"Texas Tech","no_evidence","none",TRUE,TRUE,,,,,,,
"r72783","2025-26","Columbia","Hilke Feldrappe","wbb-023728","hilke feldrappe","same_name_unconfirmed_transfer",,,,,,"Missouri","no_evidence","none",TRUE,TRUE,,,,,,,
"r72798","2025-26","Columbus St.","Senali Moss","wbb-024661","senali moss","corroborated_blocked",,,,,,"Stetson","failed_year_progression","hometown",FALSE,TRUE,,,,,,,
"r72880","2025-26","Coppin State","Erin Henry","wbb-023196","erin henry","same_name_unconfirmed_transfer",,,,,,"Illinois-Chicago","no_evidence","none",TRUE,TRUE,,,,,,,
"r72885","2025-26","Coppin State","Kylie Wells","wbb-015451","kylie wells","same_name_unconfirmed_transfer",,,,,,"St. Mary's (MD)","no_evidence","none",TRUE,TRUE,,,,,,,
"r72983","2025-26","Davidson","Angeliki Ziaka","wbb-029956","angeliki ziaka","same_name_unconfirmed_transfer",,,,,,"San Francisco","no_evidence","none",TRUE,TRUE,,,,,,,
"r73037","2025-26","DePaul","Kate Novik","wbb-029088","kate novik","same_name_unconfirmed_transfer",,,,,,"Morehead State","no_evidence","none",TRUE,TRUE,,,,,,,
"r73063","2025-26","Delaware State","Channing Williams","wbb-024706","channing williams","same_name_unconfirmed_transfer",,,,,,"Temple","no_evidence","none",TRUE,TRUE,,,,,,,
"r73066","2025-26","Delaware State","Iman Addison","wbb-027755","iman addison","same_name_unconfirmed_transfer",,,,,,"Denver","no_evidence","none",TRUE,TRUE,,,,,,,
"r73118","2025-26","Delta St.","Jariyah Williamson","wbb-030096","jariyah williamson","same_name_unconfirmed_transfer",,,,,,"Southeast Missouri State","no_evidence","none",TRUE,TRUE,,,,,,,
"r73143","2025-26","Denver","Ana Conde","wbb-030011","ana conde","same_name_unconfirmed_transfer",,,,,,"Siena","no_evidence","none",TRUE,TRUE,,,,,,,
"r73256","2025-26","Duke","Hailey Johnson","wbb-020696","hailey johnson","corroborated_blocked",,,,,,"Pepperdine","failed_year_progression","previous_school",FALSE,TRUE,,,,,,,
"r73286","2025-26","East Carolina","Amanda Smith","wbb-013106","amanda smith","same_name_unconfirmed_transfer",,,,,,"Albright","no_evidence","none",TRUE,TRUE,,,,,,,
"r73326","2025-26","East Tennessee State","Daniela López","wbb-025183","daniela lopez","same_name_unconfirmed_transfer",,,,,,"Xavier","no_evidence","none",TRUE,TRUE,,,,,,,
"r73374","2025-26","Eastern Kentucky","Zyniah Thomas","wbb-026474","zyniah thomas","same_name_unconfirmed_transfer",,,,,,"Ark.-Fort Smith","no_evidence","none",TRUE,TRUE,,,,,,,
"r73382","2025-26","Eastern Kentucky","Ella Bradley","wbb-019811","ella bradley","same_name_unconfirmed_transfer",,,,,,"Texas-Tyler","no_evidence","none",TRUE,TRUE,,,,,,,
"r73385","2025-26","Eastern Kentucky","Joseana Vaz","wbb-021621","joseana vaz","same_name_unconfirmed_transfer",,,,,,"Colorado St.","no_evidence","none",TRUE,TRUE,,,,,,,
"r73415","2025-26","Eastern Michigan","Ainhoa Cea","wbb-018221","ainhoa cea","same_name_unconfirmed_transfer",,,,,,"Lipscomb","no_evidence","none",TRUE,TRUE,,,,,,,
"r73486","2025-26","Edinboro","Carmen Vasquez","wbb-032058","carmen vasquez","same_name_unconfirmed_transfer",,,,,,"Salem (WV)","no_evidence","none",TRUE,TRUE,,,,,,,
"r73505","2025-26","Elizabeth City St.","Karina Scott","wbb-030670","karina scott","same_name_unconfirmed_transfer",,,,,,"Winston-Salem","no_evidence","none",TRUE,TRUE,,,,,,,
"r73524","2025-26","Elmhurst","Trinity Childs","wbb-027926","trinity childs","same_name_unconfirmed_transfer",,,,,,"Eureka","no_evidence","none",TRUE,TRUE,,,,,,,
"r73760","2025-26","Florida A&M","Breazia Robinson","wbb-013757","breazia robinson","corroborated_blocked",,,,,,"Florida Tech","failed_year_progression","hometown",FALSE,TRUE,,,,,,,
"r73765","2025-26","Florida A&M","Thailan Payne","wbb-025913","thailan payne","same_name_unconfirmed_transfer",,,,,,"Ark.-Monticello","no_evidence","none",TRUE,TRUE,,,,,,,
"r73768","2025-26","Florida A&M","April Hooks","wbb-022020","april hooks","same_name_unconfirmed_transfer",,,,,,"Alabama State","no_evidence","none",TRUE,TRUE,,,,,,,
"r73838","2025-26","Florida","KN’isha Godfrey","wbb-004901","kn isha godfrey","same_name_unconfirmed_transfer",,,,,,"Mississippi State","no_evidence","none",TRUE,TRUE,,,,,,,
"r73857","2025-26","Fordham","Ornella Niankan","wbb-018140","ornella niankan","same_name_unconfirmed_transfer",,,,,,"Wichita State","no_evidence","none",TRUE,TRUE,,,,,,,
"r73871","2025-26","Fort Valley St.","India McIntosh","wbb-026809","india mcintosh","same_name_unconfirmed_transfer",,,,,,"Albany St. (GA)","no_evidence","none",TRUE,TRUE,,,,,,,
"r73908","2025-26","Franklin Pierce","Jasmine James","wbb-032207","jasmine james","same_name_unconfirmed_transfer",,,,,,"Alverno","no_evidence","none",TRUE,TRUE,,,,,,,
"r74056","2025-26","Georgia Southern","Destiny Garrett","wbb-031018","destiny garrett","corroborated_blocked",,,,,,"Ga. Southwestern","failed_year_progression","hometown",FALSE,TRUE,,,,,,,
"r74065","2025-26","Georgia Southern","Kishyah Anderson","wbb-031264","kishyah anderson","same_name_unconfirmed_transfer",,,,,,"Presbyterian College","no_evidence","none",TRUE,TRUE,,,,,,,
"r74086","2025-26","Georgia Tech","Jada Crawshaw","wbb-022407","jada crawshaw","same_name_unconfirmed_transfer",,,,,,"Long Beach State","no_evidence","none",TRUE,TRUE,,,,,,,
"r74092","2025-26","Georgia Tech","Erica Moon","wbb-024729","erica moon","same_name_unconfirmed_transfer",,,,,,"Texas A&M","no_evidence","none",TRUE,TRUE,,,,,,,
"r74104","2025-26","Georgia","Vera Ojenuwa","wbb-026918","vera ojenuwa","same_name_unconfirmed_transfer",,,,,,"Arkansas","no_evidence","none",TRUE,TRUE,,,,,,,
"r74147","2025-26","Gonzaga","Teryn Gardner","wbb-027085","teryn gardner","same_name_unconfirmed_transfer",,,,,,"Boise State","no_evidence","none",TRUE,TRUE,,,,,,,
"r74151","2025-26","Gonzaga","Zeryhia Aokuso","wbb-029858","zeryhia aokuso","same_name_unconfirmed_transfer",,,,,,"Saint Mary's (CA)","no_evidence","none",TRUE,TRUE,,,,,,,
"r74157","2025-26","Grambling","Alieghya Bartholomew","wbb-033068","alieghya bartholomew","same_name_unconfirmed_transfer",,,,,,"Delaware","no_evidence","none",TRUE,TRUE,,,,,,,
"r74158","2025-26","Grambling","Jamirica Roberson","wbb-030321","jamirica roberson","same_name_unconfirmed_transfer",,,,,,"Troy","no_evidence","none",TRUE,TRUE,,,,,,,
"r74519","2025-26","Houston Christian","Remi Langmaid","wbb-031934","remi langmaid","same_name_unconfirmed_transfer",,,,,,"West Florida","no_evidence","none",TRUE,TRUE,,,,,,,
"r74551","2025-26","Howard","Zoe Stewart","wbb-018396","zoe stewart","same_name_unconfirmed_transfer",,,,,,"Missouri St.","no_evidence","none",TRUE,TRUE,,,,,,,
"r74565","2025-26","Cal Poly Humboldt","Kya Kanoho","wbb-025746","kya kanoho","same_name_unconfirmed_transfer",,,,,,"Western Ore.","no_evidence","none",TRUE,TRUE,,,,,,,
"r74631","2025-26","Benedictine (IL)","Catey Carney","wbb-031372","catey carney","same_name_unconfirmed_transfer",,,,,,"Tiffin","no_evidence","none",TRUE,TRUE,,,,,,,
"r74699","2025-26","Illinois","Gisela Segura","wbb-028663","gisela segura","same_name_unconfirmed_transfer",,,,,,"Long Island","no_evidence","none",TRUE,TRUE,,,,,,,
"r74777","2025-26","Indiana (PA)","Bella Peterson","wbb-022171","bella peterson","same_name_unconfirmed_transfer",,,,,,"Aurora","no_evidence","none",TRUE,TRUE,,,,,,,
"r74779","2025-26","Indiana (PA)","Teresa Maggio","wbb-010835","teresa maggio","same_name_unconfirmed_transfer",,,,,,"Tarleton St.","no_evidence","none",TRUE,TRUE,,,,,,,
"r74785","2025-26","Purdue-Fort Wayne","Alyssa Berry","wbb-023775","alyssa berry","same_name_unconfirmed_transfer",,,,,,"Morehead State","no_evidence","none",TRUE,TRUE,,,,,,,
"r74870","2025-26","Jackson St.","Derrica McCall","wbb-012659","derrica mccall","same_name_unconfirmed_transfer",,,,,,"Shorter","no_evidence","none",TRUE,TRUE,,,,,,,
"r74877","2025-26","Jackson St.","Rhema Pegues","wbb-020593","rhema pegues","same_name_unconfirmed_transfer",,,,,,"North Alabama","no_evidence","none",TRUE,TRUE,,,,,,,
"r74880","2025-26","Jackson St.","McKenzie Stewart","wbb-022709","mckenzie stewart","same_name_unconfirmed_transfer",,,,,,"Delaware State","no_evidence","none",TRUE,TRUE,,,,,,,
"r74918","2025-26","James Madison","Brianna McLeod","wbb-017680","brianna mcleod","same_name_unconfirmed_transfer",,,,,,"Southern Methodist","no_evidence","none",TRUE,TRUE,,,,,,,
"r74992","2025-26","Johnson C. Smith","Somer Wilson","wbb-007346","somer wilson","corroborated_blocked",,,,,,"South Carolina St.","failed_year_progression","previous_school",FALSE,TRUE,,,,,,,
"r75006","2025-26","VTSU-Johnson","Emily Ward","wbb-004123","emily ward","same_name_unconfirmed_transfer",,,,,,"LSU","no_evidence","none",TRUE,TRUE,,,,,,,
"r75075","2025-26","Kean","Rae McClarty","wbb-020551","rae mcclarty","corroborated_blocked",,,,,,"Young Harris","failed_year_progression","hometown",FALSE,TRUE,,,,,,,
"r75120","2025-26","Kentucky St.","Alycia Triplett","wbb-026570","alycia triplett","same_name_unconfirmed_transfer",,,,,,"Walsh","no_evidence","none",TRUE,TRUE,,,,,,,
"r75281","2025-26","Lake Superior St.","Dara Capaldi","wbb-018081","dara capaldi","same_name_unconfirmed_transfer",,,,,,"Eastern Michigan","no_evidence","none",TRUE,TRUE,,,,,,,
"r75310","2025-26","Lane","Alexis Rowe","wbb-033146","alexis rowe","same_name_unconfirmed_transfer",,,,,,"Mississippi College","no_evidence","none",TRUE,TRUE,,,,,,,
"r75312","2025-26","Lane","Kameria Piggee","wbb-024710","kameria piggee","same_name_unconfirmed_transfer",,,,,,"Tennessee St.","no_evidence","none",TRUE,TRUE,,,,,,,
"r75400","2025-26","Lewis","Tenè Smith","wbb-022909","tene smith","same_name_unconfirmed_transfer",,,,,,"Evansville","no_evidence","none",TRUE,TRUE,,,,,,,
"r75419","2025-26","Liberty","Lydie Mwamba","wbb-029224","lydie mwamba","same_name_unconfirmed_transfer",,,,,,"New Mexico","no_evidence","none",TRUE,TRUE,,,,,,,
"r75456","2025-26","West Alabama","Summer Hicks","wbb-022024","summer hicks","same_name_unconfirmed_transfer",,,,,,"Alabama State","no_evidence","none",TRUE,TRUE,,,,,,,
"r75458","2025-26","West Alabama","Bellah Machen","wbb-026782","bellah machen","same_name_unconfirmed_transfer",,,,,,"UAH","no_evidence","none",TRUE,TRUE,,,,,,,
"r75462","2025-26","West Alabama","Chardai Watkins","wbb-018473","chardai watkins","same_name_unconfirmed_transfer",,,,,,"Louisiana Monroe","no_evidence","none",TRUE,TRUE,,,,,,,
"r75467","2025-26","West Alabama","Haley Nichols","wbb-007899","haley nichols","same_name_unconfirmed_transfer",,,,,,"UAH","no_evidence","none",TRUE,TRUE,,,,,,,
"r75500","2025-26","Long Island","Isabella Tañedo","wbb-021668","isabella tanedo","same_name_unconfirmed_transfer",,,,,,"Utah St.","no_evidence","none",TRUE,TRUE,,,,,,,
"r75502","2025-26","Long Island","Solangelei Akridge","wbb-022023","solangelei akridge","same_name_unconfirmed_transfer",,,,,,"Alabama State","no_evidence","none",TRUE,TRUE,,,,,,,
"r75509","2025-26","Long Island","Laura Molnarova","wbb-028432","laura molnarova","same_name_unconfirmed_transfer",,,,,,"James Madison","no_evidence","none",TRUE,TRUE,,,,,,,
"r75616","2025-26","Loyola Marymount","Jess Lawson","wbb-027505","jess lawson","same_name_unconfirmed_transfer",,,,,,"Central Michigan","no_evidence","none",TRUE,TRUE,,,,,,,
"r75617","2025-26","Loyola Marymount","Lova Lagerlid","wbb-027603","lova lagerlid","same_name_unconfirmed_transfer",,,,,,"Colorado","no_evidence","none",TRUE,TRUE,,,,,,,
"r75618","2025-26","Loyola Marymount","Ivana Krajina","wbb-030267","ivana krajina","same_name_unconfirmed_transfer",,,,,,"Texas Tech","no_evidence","none",TRUE,TRUE,,,,,,,
"r75622","2025-26","Loyola Marymount","Andjela Matic","wbb-018612","andjela matic","same_name_unconfirmed_transfer",,,,,,"Duquesne","no_evidence","none",TRUE,TRUE,,,,,,,
"r75628","2025-26","Loyola Marymount","Ana Milanovic","wbb-028951","ana milanovic","same_name_unconfirmed_transfer",,,,,,"Middle Tennessee","no_evidence","none",TRUE,TRUE,,,,,,,
"r75648","2025-26","Luther","Piper Hicks","wbb-032296","piper hicks","same_name_unconfirmed_transfer",,,,,,"North Central (MN)","no_evidence","none",TRUE,TRUE,,,,,,,
"r75870","2025-26","Mary Baldwin","Nevaeh Clark","wbb-022800","nevaeh clark","same_name_unconfirmed_transfer",,,,,,"Eastern Conn. St.","no_evidence","none",TRUE,TRUE,,,,,,,
"r75918","2025-26","Maryland-Eastern Shore","Zaniya Nelson","wbb-002345","zaniya nelson","same_name_unconfirmed_transfer",,,,,,"Eastern Michigan","no_evidence","none",TRUE,TRUE,,,,,,,
"r75921","2025-26","Maryland-Eastern Shore","Kalise Hill","wbb-029083","kalise hill","same_name_unconfirmed_transfer",,,,,,"Morehead State","no_evidence","none",TRUE,TRUE,,,,,,,
"r75946","2025-26","Maryville (MO)","Gracie Gopalan","wbb-029626","gracie gopalan","same_name_unconfirmed_transfer",,,,,,"Quinnipiac","no_evidence","none",TRUE,TRUE,,,,,,,
"r76036","2025-26","McNeese State","Arianna Patton","wbb-024578","arianna patton","same_name_unconfirmed_transfer",,,,,,"Southeastern Louisiana","no_evidence","none",TRUE,TRUE,,,,,,,
"r76086","2025-26","Mercer","Micah O'Dell","wbb-024288","micah o dell","same_name_unconfirmed_transfer",,,,,,"Robert Morris","no_evidence","none",TRUE,TRUE,,,,,,,
"r76195","2025-26","MSU Denver","Aaliyah Holmes","wbb-029086","aaliyah holmes","same_name_unconfirmed_transfer",,,,,,"Morehead State","no_evidence","none",TRUE,TRUE,,,,,,,
"r76201","2025-26","MSU Denver","Keira Mitchell","wbb-032575","keira mitchell","same_name_unconfirmed_transfer",,,,,,"Academy of Art","no_evidence","none",TRUE,TRUE,,,,,,,
"r76216","2025-26","Miami Ohio","Clara Gonzalez Planella","wbb-028422","clara gonzalez planella","same_name_unconfirmed_transfer",,,,,,"Jacksonville St.","no_evidence","none",TRUE,TRUE,,,,,,,
"r76328","2025-26","Millersville","Jillian Crawford","wbb-026605","jillian crawford","same_name_unconfirmed_transfer",,,,,,"Southern Nazarene","no_evidence","none",TRUE,TRUE,,,,,,,
"r76379","2025-26","Minnesota","Tracey Bershers","wbb-015091","tracey bershers","same_name_unconfirmed_transfer",,,,,,"UAB","no_evidence","none",TRUE,TRUE,,,,,,,
"r76451","2025-26","Mississippi Valley State","Desiree Smith","wbb-026040","desiree smith","same_name_unconfirmed_transfer",,,,,,"Johnson C. Smith","no_evidence","none",TRUE,TRUE,,,,,,,
"r76503","2025-26","Missouri-St. Louis","Jaeda Wilson","wbb-028110","jaeda wilson","same_name_unconfirmed_transfer",,,,,,"Georgetown","no_evidence","none",TRUE,TRUE,,,,,,,
"r76532","2025-26","Monmouth (IL)","Hannah Peel","wbb-031229","hannah peel","same_name_unconfirmed_transfer",,,,,,"Northland","no_evidence","none",TRUE,TRUE,,,,,,,
"r76542","2025-26","Monmouth","Alexis Andrews","wbb-018019","alexis andrews","same_name_unconfirmed_transfer",,,,,,"Charlotte","no_evidence","none",TRUE,TRUE,,,,,,,
"r76581","2025-26","Montclair St.","Raniyah Green","wbb-026249","raniyah green","same_name_unconfirmed_transfer",,,,,,"Penn St.-Altoona","no_evidence","none",TRUE,TRUE,,,,,,,
"r76618","2025-26","Morehead State","Circe Rubio Remolar","wbb-022711","circe rubio remolar","same_name_unconfirmed_transfer",,,,,,"Delaware State","no_evidence","none",TRUE,TRUE,,,,,,,
"r76627","2025-26","Morgan St.","Kamari Forrest","wbb-022742","kamari forrest","same_name_unconfirmed_transfer",,,,,,"Detroit Mercy","no_evidence","none",TRUE,TRUE,,,,,,,
"r76874","2025-26","Omaha","Olivia Borsutzki","wbb-030759","olivia borsutzki","same_name_unconfirmed_transfer",,,,,,"Xavier","no_evidence","none",TRUE,TRUE,,,,,,,
"r76986","2025-26","New Jersey Institute of Technology","Ava Locklear","wbb-029766","ava locklear","same_name_unconfirmed_transfer",,,,,,"Saginaw Valley","no_evidence","none",TRUE,TRUE,,,,,,,
"r76995","2025-26","New Mexico State","Lucia Lara","wbb-023717","lucia lara","same_name_unconfirmed_transfer",,,,,,"Mississippi Valley State","no_evidence","none",TRUE,TRUE,,,,,,,
"r77015","2025-26","New Orleans","Hailee Brennen","wbb-022933","hailee brennen","same_name_unconfirmed_transfer",,,,,,"Charleston Southern","no_evidence","none",TRUE,TRUE,,,,,,,
"r77026","2025-26","New Orleans","Jayla Owen","wbb-023965","jayla owen","same_name_unconfirmed_transfer",,,,,,"North Dakota","no_evidence","none",TRUE,TRUE,,,,,,,
"r77082","2025-26","Niagara","Raven Sims","wbb-023593","raven sims","same_name_unconfirmed_transfer",,,,,,"Memphis","no_evidence","none",TRUE,TRUE,,,,,,,
"r77117","2025-26","Norfolk State","Carmen Kweti","wbb-019782","carmen kweti","same_name_unconfirmed_transfer",,,,,,"Virginia State","no_evidence","none",TRUE,TRUE,,,,,,,
"r77165","2025-26","North Carolina Central","Aysia Hinton","wbb-023555","aysia hinton","same_name_unconfirmed_transfer",,,,,,"Maryland-Eastern Shore","no_evidence","none",TRUE,TRUE,,,,,,,
"r77173","2025-26","North Carolina Central","Madjiguene Pene","wbb-029998","madjiguene pene","same_name_unconfirmed_transfer",,,,,,"Shaw","no_evidence","none",TRUE,TRUE,,,,,,,
"r77237","2025-26","North Dakota State","McKenna Johnson","wbb-028982","mckenna johnson","same_name_unconfirmed_transfer",,,,,,"Minnesota","no_evidence","none",TRUE,TRUE,,,,,,,
"r77250","2025-26","North Dakota","Finley Ohnstad","wbb-028480","finley ohnstad","same_name_unconfirmed_transfer",,,,,,"Kansas State","no_evidence","none",TRUE,TRUE,,,,,,,
"r77285","2025-26","Louisiana Monroe","Vanessa Schwarzmann","wbb-023076","vanessa schwarzmann","corroborated_blocked",,,,,,"Hampton","failed_year_progression","hometown",FALSE,TRUE,,,,,,,
"r77293","2025-26","Louisiana Monroe","Nailea Nicholas","wbb-018446","nailea nicholas","same_name_unconfirmed_transfer",,,,,,"San Jose State","no_evidence","none",TRUE,TRUE,,,,,,,
"r77299","2025-26","Truman State","Mariann Blass","wbb-024216","mariann blass","same_name_unconfirmed_transfer",,,,,,"Quincy","no_evidence","none",TRUE,TRUE,,,,,,,
"r77301","2025-26","Truman State","Neylan Vila Delicado","wbb-025536","neylan vila delicado","same_name_unconfirmed_transfer",,,,,,"Limestone","no_evidence","none",TRUE,TRUE,,,,,,,
"r77317","2025-26","Northeastern","Andrea Martinez","wbb-025413","andrea martinez","same_name_unconfirmed_transfer",,,,,,"Gardner-Webb","no_evidence","none",TRUE,TRUE,,,,,,,
"r77356","2025-26","Northern Illinois","Teresa Mbemba","wbb-033264","teresa mbemba","same_name_unconfirmed_transfer",,,,,,"Presbyterian College","no_evidence","none",TRUE,TRUE,,,,,,,
"r77434","2025-26","Northwestern State","Noelle Lavery","wbb-011464","noelle lavery","same_name_unconfirmed_transfer",,,,,,"Hillsdale","no_evidence","none",TRUE,TRUE,,,,,,,
"r77603","2025-26","Oklahoma State","Amari Whiting","wbb-022317","amari whiting","same_name_unconfirmed_transfer",,,,,,"Brigham Young","no_evidence","none",TRUE,TRUE,,,,,,,
"r77682","2025-26","SUNY Oneonta","Emily Bennett","wbb-019182","emily bennett","same_name_unconfirmed_transfer",,,,,,"Waynesburg","no_evidence","none",TRUE,TRUE,,,,,,,
"r77699","2025-26","Oral Roberts","Anna Trusty","wbb-032539","anna trusty","same_name_unconfirmed_transfer",,,,,,"Ark.-Fort Smith","no_evidence","none",TRUE,TRUE,,,,,,,
"r77714","2025-26","Oregon State","Néné Sow","wbb-017868","nene sow","same_name_unconfirmed_transfer",,,,,,"Utah","no_evidence","none",TRUE,TRUE,,,,,,,
"r77791","2025-26","Pacific","Sydney Ward","wbb-005918","sydney ward","same_name_unconfirmed_transfer",,,,,,"Ohio Northern","no_evidence","none",TRUE,TRUE,,,,,,,
"r77798","2025-26","Pacific","Winner Bartholomew","wbb-029692","winner bartholomew","same_name_unconfirmed_transfer",,,,,,"Rider","no_evidence","none",TRUE,TRUE,,,,,,,
"r77885","2025-26","Pfeiffer","Janiya Byrd","wbb-028644","janiya byrd","same_name_unconfirmed_transfer",,,,,,"Livingstone","no_evidence","none",TRUE,TRUE,,,,,,,
"r77938","2025-26","Pitt.-Johnstown","Anye Washington","wbb-030035","anye washington","same_name_unconfirmed_transfer",,,,,,"Slippery Rock","no_evidence","none",TRUE,TRUE,,,,,,,
"r78008","2025-26","Portland","Nicole Anderson","wbb-006970","nicole anderson","same_name_unconfirmed_transfer",,,,,,"Saint Michael's","no_evidence","none",TRUE,TRUE,,,,,,,
"r78066","2025-26","Principia","Trinniti Matthews","wbb-008626","trinniti matthews","same_name_unconfirmed_transfer",,,,,,"Webster","no_evidence","none",TRUE,TRUE,,,,,,,
"r78134","2025-26","Quincy","Hampton Williams","wbb-017902","hampton williams","same_name_unconfirmed_transfer",,,,,,"Abilene Christian","no_evidence","none",TRUE,TRUE,,,,,,,
"r78137","2025-26","Quincy","Katey Flynn","wbb-028813","katey flynn","same_name_unconfirmed_transfer",,,,,,"Maryville (MO)","no_evidence","none",TRUE,TRUE,,,,,,,
"r78229","2025-26","Regis (CO)","Kaylin Venick","wbb-030039","kaylin venick","same_name_unconfirmed_transfer",,,,,,"Slippery Rock","no_evidence","none",TRUE,TRUE,,,,,,,
"r78234","2025-26","Regis (CO)","Savanna Staff","wbb-026713","savanna staff","same_name_unconfirmed_transfer",,,,,,"Westminster (UT)","no_evidence","none",TRUE,TRUE,,,,,,,
"r78300","2025-26","Rhode Island","Valentina Ojeda","wbb-024884","valentina ojeda","same_name_unconfirmed_transfer",,,,,,"Virginia Commonwealth","no_evidence","none",TRUE,TRUE,,,,,,,
"r78327","2025-26","Rice","Louann Battiston","wbb-027793","louann battiston","same_name_unconfirmed_transfer",,,,,,"Duke","no_evidence","none",TRUE,TRUE,,,,,,,
"r78507","2025-26","Rutgers-Camden","Tireya Wyatt","wbb-030307","tireya wyatt","same_name_unconfirmed_transfer",,,,,,"TCNJ","no_evidence","none",TRUE,TRUE,,,,,,,
"r78649","2025-26","Saint Francis (PA)","Shelby Ricks","wbb-027105","shelby ricks","same_name_unconfirmed_transfer",,,,,,"Bowie St.","no_evidence","none",TRUE,TRUE,,,,,,,
"r78652","2025-26","Saint Francis (PA)","Sonia Sato","wbb-017961","sonia sato","same_name_unconfirmed_transfer",,,,,,"Presbyterian College","no_evidence","none",TRUE,TRUE,,,,,,,
"r78877","2025-26","St. Thomas (MN)","Jada Hood","wbb-019385","jada hood","same_name_unconfirmed_transfer",,,,,,"Tex. A&M-Commerce","no_evidence","none",TRUE,TRUE,,,,,,,
"r78940","2025-26","Sam Houston State","Blessing Okoh","wbb-018318","blessing okoh","same_name_unconfirmed_transfer",,,,,,"Winthrop","no_evidence","none",TRUE,TRUE,,,,,,,
"r79012","2025-26","San Francisco","Michelle Ugwah","wbb-023776","michelle ugwah","same_name_unconfirmed_transfer",,,,,,"Morehead State","no_evidence","none",TRUE,TRUE,,,,,,,
"r79016","2025-26","San Francisco","Candy Edokpaigbe","wbb-031328","candy edokpaigbe","same_name_unconfirmed_transfer",,,,,,"Seattle","no_evidence","none",TRUE,TRUE,,,,,,,
"r79021","2025-26","San Francisco","Nevaeh Ferrara Horne","wbb-023967","nevaeh ferrara horne","same_name_unconfirmed_transfer",,,,,,"North Dakota","no_evidence","none",TRUE,TRUE,,,,,,,
"r79024","2025-26","San Jose State","Allie Cummins","wbb-023986","allie cummins","same_name_unconfirmed_transfer",,,,,,"Northern Arizona","no_evidence","none",TRUE,TRUE,,,,,,,
"r79025","2025-26","San Jose State","Amelie Sitterud","wbb-023454","amelie sitterud","same_name_unconfirmed_transfer",,,,,,"Loyola Marymount","no_evidence","none",TRUE,TRUE,,,,,,,
"r79028","2025-26","San Jose State","McKenna Simons","wbb-016420","mckenna simons","same_name_unconfirmed_transfer",,,,,,"Grand Canyon","no_evidence","none",TRUE,TRUE,,,,,,,
"r79042","2025-26","Santa Clara","Aniya Hooker","wbb-030014","aniya hooker","same_name_unconfirmed_transfer",,,,,,"Siena","no_evidence","none",TRUE,TRUE,,,,,,,
"r79109","2025-26","Seton Hall","Mariana Valenzuela","wbb-014008","mariana valenzuela","same_name_unconfirmed_transfer",,,,,,"Florida St","no_evidence","none",TRUE,TRUE,,,,,,,
"r79125","2025-26","Shaw","Constance Ogbeide","wbb-024521","constance ogbeide","same_name_unconfirmed_transfer",,,,,,"Central Connecticut","no_evidence","none",TRUE,TRUE,,,,,,,
"r79250","2025-26","South Alabama","Diawna Carter-Hartley","wbb-024662","diawna carter hartley","same_name_unconfirmed_transfer",,,,,,"Stetson","no_evidence","none",TRUE,TRUE,,,,,,,
"r79251","2025-26","South Alabama","Ronaltha Marc","wbb-025067","ronaltha marc","same_name_unconfirmed_transfer",,,,,,"Winthrop","no_evidence","none",TRUE,TRUE,,,,,,,
"r79263","2025-26","South Carolina St.","Ariana Simmons","wbb-022019","ariana simmons","same_name_unconfirmed_transfer",,,,,,"Alabama State","no_evidence","none",TRUE,TRUE,,,,,,,
"r79274","2025-26","South Carolina","Madina Okot","wbb-028997","madina okot","same_name_unconfirmed_transfer",,,,,,"Mississippi State","no_evidence","none",TRUE,TRUE,,,,,,,
"r79300","2025-26","South Dakota","Alex Flattery","wbb-031080","alex flattery","same_name_unconfirmed_transfer",,,,,,"Neb.-Kearney","no_evidence","none",TRUE,TRUE,,,,,,,
"r79357","2025-26","Southeastern Louisiana","Taylor Ross","wbb-030281","taylor ross","same_name_unconfirmed_transfer",,,,,,"UT-San Antonio","no_evidence","none",TRUE,TRUE,,,,,,,
"r79424","2025-26","SIUE","Adriana Blazquez","wbb-029133","adriana blazquez","same_name_unconfirmed_transfer",,,,,,"Murray State","no_evidence","none",TRUE,TRUE,,,,,,,
"r79467","2025-26","Southern Methodist","Mailien Rolf","wbb-026907","mailien rolf","same_name_unconfirmed_transfer",,,,,,"Arizona","no_evidence","none",TRUE,TRUE,,,,,,,
"r79491","2025-26","Southern Miss","Meloney Thames","wbb-023706","meloney thames","same_name_unconfirmed_transfer",,,,,,"Louisiana Monroe","no_evidence","none",TRUE,TRUE,,,,,,,
"r79495","2025-26","Southern","Anaja Hall","wbb-022021","anaja hall","same_name_unconfirmed_transfer",,,,,,"Alabama State","no_evidence","none",TRUE,TRUE,,,,,,,
"r79550","2025-26","Louisiana","Marina Artero","wbb-024362","marina artero","same_name_unconfirmed_transfer",,,,,,"Saint Francis (PA)","no_evidence","none",TRUE,TRUE,,,,,,,
"r79624","2025-26","Stetson","Rose Caso","wbb-015261","rose caso","same_name_unconfirmed_transfer",,,,,,"Merrimack","no_evidence","none",TRUE,TRUE,,,,,,,
"r79647","2025-26","Stockton","Mackenzie McDonald","wbb-020574","mackenzie mcdonald","same_name_unconfirmed_transfer",,,,,,"New England Col.","no_evidence","none",TRUE,TRUE,,,,,,,
"r79680","2025-26","Stony Brook","Sandra Frau Garcia","wbb-023197","sandra frau garcia","same_name_unconfirmed_transfer",,,,,,"Illinois-Chicago","no_evidence","none",TRUE,TRUE,,,,,,,
"r79728","2025-26","Syracuse","Aurora Almón","wbb-023642","aurora almon","same_name_unconfirmed_transfer",,,,,,"Miami","no_evidence","none",TRUE,TRUE,,,,,,,
"r79754","2025-26","Tampa","Alanis Diaz","wbb-020857","alanis diaz","same_name_unconfirmed_transfer",,,,,,"Saint Leo","no_evidence","none",TRUE,TRUE,,,,,,,
"r79768","2025-26","Temple","Saniyah Craig","wbb-023239","saniyah craig","same_name_unconfirmed_transfer",,,,,,"Jacksonville","no_evidence","none",TRUE,TRUE,,,,,,,
"r79787","2025-26","Tennessee Tech","Amaya Thomas","wbb-026285","amaya thomas","same_name_unconfirmed_transfer",,,,,,"Trevecca Nazarene","no_evidence","none",TRUE,TRUE,,,,,,,
"r79806","2025-26","Tennessee","Nya Robertson","wbb-017711","nya robertson","same_name_unconfirmed_transfer",,,,,,"Southern Methodist","no_evidence","none",TRUE,TRUE,,,,,,,
"r79834","2025-26","Tex. A&M-Kingsville","Thalia Daniels","wbb-029658","thalia daniels","same_name_unconfirmed_transfer",,,,,,"Regis (CO)","no_evidence","none",TRUE,TRUE,,,,,,,
"r79842","2025-26","Tex. A&M-Kingsville","Evelyn Quiroz","wbb-025662","evelyn quiroz","same_name_unconfirmed_transfer",,,,,,"St. Mary's (TX)","no_evidence","none",TRUE,TRUE,,,,,,,
"r79874","2025-26","Texas Southern","Jordyn Marshall","wbb-018522","jordyn marshall","same_name_unconfirmed_transfer",,,,,,"UC Riverside","no_evidence","none",TRUE,TRUE,,,,,,,
"r79876","2025-26","Texas Southern","Malaya LeSueur","wbb-022391","malaya lesueur","same_name_unconfirmed_transfer",,,,,,"Fresno State","no_evidence","none",TRUE,TRUE,,,,,,,
"r79877","2025-26","Texas Southern","Ayanna Jackson","wbb-022418","ayanna jackson","same_name_unconfirmed_transfer",,,,,,"UNC Greensboro","no_evidence","none",TRUE,TRUE,,,,,,,
"r79878","2025-26","Texas Southern","Ciara Brannon","wbb-008463","ciara brannon","same_name_unconfirmed_transfer",,,,,,"Sacred Heart","no_evidence","none",TRUE,TRUE,,,,,,,
"r79880","2025-26","Texas Southern","Lauren Perry","wbb-029180","lauren perry","same_name_unconfirmed_transfer",,,,,,"Omaha","no_evidence","none",TRUE,TRUE,,,,,,,
"r79883","2025-26","Texas Southern","Da'Myiah Lewis","wbb-027333","da myiah lewis","same_name_unconfirmed_transfer",,,,,,"Stanislaus St.","no_evidence","none",TRUE,TRUE,,,,,,,
"r79889","2025-26","Texas Tech","Sidney Love","wbb-018606","sidney love","same_name_unconfirmed_transfer",,,,,,"UT-San Antonio","no_evidence","none",TRUE,TRUE,,,,,,,
"r79891","2025-26","Texas Tech","Mariam Sanogo","wbb-027408","mariam sanogo","same_name_unconfirmed_transfer",,,,,,"Canisius","no_evidence","none",TRUE,TRUE,,,,,,,
"r79918","2025-26","Texas-Arlington","Erin Sellers","wbb-028874","erin sellers","same_name_unconfirmed_transfer",,,,,,"Menlo","no_evidence","none",TRUE,TRUE,,,,,,,
"r79953","2025-26","UT-San Antonio","Jayda Holiman","wbb-024111","jayda holiman","same_name_unconfirmed_transfer",,,,,,"UT-Rio Grande Valley","no_evidence","none",TRUE,TRUE,,,,,,,
"r79986","2025-26","Toledo","Miriam Diala","wbb-028108","miriam diala","same_name_unconfirmed_transfer",,,,,,"George Washington","no_evidence","none",TRUE,TRUE,,,,,,,
"r80089","2025-26","Tulane","CC Mays","wbb-004441","cc mays","same_name_unconfirmed_transfer",,,,,,"Marshall","no_evidence","none",TRUE,TRUE,,,,,,,
"r80261","2025-26","Utah","Kamryn Mafua","wbb-027363","kamryn mafua","same_name_unconfirmed_transfer",,,,,,"California","no_evidence","none",TRUE,TRUE,,,,,,,
"r80297","2025-26","Valdosta St.","Alina Martin","wbb-031392","alina martin","same_name_unconfirmed_transfer",,,,,,"Western N.M.","no_evidence","none",TRUE,TRUE,,,,,,,
"r80305","2025-26","Valparaiso","Mikayla Huffine","wbb-024220","mikayla huffine","same_name_unconfirmed_transfer",,,,,,"Quincy","no_evidence","none",TRUE,TRUE,,,,,,,
"r80306","2025-26","Valparaiso","Milana Nenadic","wbb-017955","milana nenadic","same_name_unconfirmed_transfer",,,,,,"Idaho St.","no_evidence","none",TRUE,TRUE,,,,,,,
"r80326","2025-26","Vanderbilt","Aalyah Del Rosario","wbb-023434","aalyah del rosario","same_name_unconfirmed_transfer",,,,,,"LSU","no_evidence","none",TRUE,TRUE,,,,,,,
"r80378","2025-26","Virginia Commonwealth","Katarina Kneževic","wbb-026909","katarina knezevic","same_name_unconfirmed_transfer",,,,,,"Arizona","no_evidence","none",TRUE,TRUE,,,,,,,
"r80445","2025-26","Virginia","Raiane Dias Dos Santos","wbb-028009","raiane dias dos santos","same_name_unconfirmed_transfer",,,,,,"Florida St","no_evidence","none",TRUE,TRUE,,,,,,,
"r80592","2025-26","Wayne St. (MI)","Karrington Gordon","wbb-013595","karrington gordon","same_name_unconfirmed_transfer",,,,,,"Central Michigan","no_evidence","none",TRUE,TRUE,,,,,,,
"r80607","2025-26","Weber State","Paris Lauro","wbb-023891","paris lauro","same_name_unconfirmed_transfer",,,,,,"New Mexico","no_evidence","none",TRUE,TRUE,,,,,,,
"r80614","2025-26","Weber State","Celestine Segretain","wbb-022423","celestine segretain","same_name_unconfirmed_transfer",,,,,,"Sacramento State","no_evidence","none",TRUE,TRUE,,,,,,,
"r80615","2025-26","Weber State","Nicole Willardson","wbb-026466","nicole willardson","same_name_unconfirmed_transfer",,,,,,"Utah Tech","no_evidence","none",TRUE,TRUE,,,,,,,
"r80628","2025-26","Webster","Miya Webb","wbb-027923","miya webb","same_name_unconfirmed_transfer",,,,,,"Eureka","no_evidence","none",TRUE,TRUE,,,,,,,
"r80676","2025-26","West Chester","Marianna Papazoglou","wbb-015171","marianna papazoglou","same_name_unconfirmed_transfer",,,,,,"Pennsylvania","no_evidence","none",TRUE,TRUE,,,,,,,
"r80691","2025-26","West Georgia","Destiny Jones","wbb-026668","destiny jones","same_name_unconfirmed_transfer",,,,,,"Rogers St.","no_evidence","none",TRUE,TRUE,,,,,,,
"r80694","2025-26","West Georgia","Anya McKenzie","wbb-025702","anya mckenzie","same_name_unconfirmed_transfer",,,,,,"Tarleton St.","no_evidence","none",TRUE,TRUE,,,,,,,
"r80696","2025-26","West Georgia","Asia Donald","wbb-023200","asia donald","same_name_unconfirmed_transfer",,,,,,"Indiana State","no_evidence","none",TRUE,TRUE,,,,,,,
"r80700","2025-26","West Georgia","Grace O'Gara","wbb-026456","grace o gara","same_name_unconfirmed_transfer",,,,,,"AUM","no_evidence","none",TRUE,TRUE,,,,,,,
"r80746","2025-26","Western Connecticut St.","Leana Heitmann","wbb-019508","leana heitmann","same_name_unconfirmed_transfer",,,,,,"Franklin Pierce","no_evidence","none",TRUE,TRUE,,,,,,,
"r80770","2025-26","Western Ky.","Tobi Ademuwagun","wbb-024125","tobi ademuwagun","same_name_unconfirmed_transfer",,,,,,"Tulsa","no_evidence","none",TRUE,TRUE,,,,,,,
"r80793","2025-26","McDaniel","Jess Pronchick","wbb-022849","jess pronchick","same_name_unconfirmed_transfer",,,,,,"Elizabethtown","no_evidence","none",TRUE,TRUE,,,,,,,
"r80884","2025-26","Whittier","Shushan Krikorian","wbb-026703","shushan krikorian","same_name_unconfirmed_transfer",,,,,,"Concordia (CA)","no_evidence","none",TRUE,TRUE,,,,,,,
"r80895","2025-26","Whittier","Brooklyn Giles","wbb-027311","brooklyn giles","same_name_unconfirmed_transfer",,,,,,"Cal State LA","no_evidence","none",TRUE,TRUE,,,,,,,
"r80903","2025-26","Wichita State","Abby Cater","wbb-022181","abby cater","same_name_unconfirmed_transfer",,,,,,"Austin Peay","no_evidence","none",TRUE,TRUE,,,,,,,
"r80911","2025-26","Wichita State","Sophie Benharouga","wbb-003112","sophie benharouga","same_name_unconfirmed_transfer",,,,,,"Seattle","no_evidence","none",TRUE,TRUE,,,,,,,
"r81102","2025-26","Wisconsin","Gift Uchenna","wbb-030122","gift uchenna","same_name_unconfirmed_transfer",,,,,,"Southern Ill.","no_evidence","none",TRUE,TRUE,,,,,,,
"r81212","2025-26","Wisconsin-Stevens Point","Karissa Smith","wbb-026540","karissa smith","same_name_unconfirmed_transfer",,,,,,"Black Hills St.","no_evidence","none",TRUE,TRUE,,,,,,,
"r81248","2025-26","Wisconsin-Superior","Hope Carlson","wbb-024437","hope carlson","same_name_unconfirmed_transfer",,,,,,"St. Scholastica","no_evidence","none",TRUE,TRUE,,,,,,,
"r81355","2025-26","Wright St.","Grace Okih","wbb-031559","grace okih","same_name_unconfirmed_transfer",,,,,,"Incarnate Word","no_evidence","none",TRUE,TRUE,,,,,,,
"r81367","2025-26","Wyoming","Henna Sandvik","wbb-017724","henna sandvik","same_name_unconfirmed_transfer",,,,,,"Indiana","no_evidence","none",TRUE,TRUE,,,,,,,
"r81547","2025-26","Berry","Jade Lewis","wbb-031011","jade lewis","corroborated_blocked",,,,,,"Ga. Southwestern","failed_year_progression","hometown",FALSE,TRUE,,,,,,,
"r81564","2025-26","Bloomfield","Kayla Lewis","wbb-022288","kayla lewis","corroborated_blocked",,,,,,"Bowie St.","height_conflict","hometown",TRUE,FALSE,,,,,,,
"r81613","2025-26","Caldwell","Ashley Chio","wbb-029612","ashley chio","same_name_unconfirmed_transfer",,,,,,"Queens (NY)","no_evidence","none",TRUE,TRUE,,,,,,,
"r81615","2025-26","Caldwell","Harmony Earth-Wiley","wbb-022304","harmony earth wiley","same_name_unconfirmed_transfer",,,,,,"Bridgeport","no_evidence","none",TRUE,TRUE,,,,,,,
"r81633","2025-26","Cameron","Ayonna Naylor","wbb-028965","ayonna naylor","same_name_unconfirmed_transfer",,,,,,"Miles","no_evidence","none",TRUE,TRUE,,,,,,,
"r81634","2025-26","Cameron","Alexis Parker","wbb-018603","alexis parker","same_name_unconfirmed_transfer",,,,,,"UT-San Antonio","no_evidence","none",TRUE,TRUE,,,,,,,
"r81660","2025-26","Catawba","Makayla Stokes","wbb-031127","makayla stokes","same_name_unconfirmed_transfer",,,,,,"Lenoir-Rhyne","no_evidence","none",TRUE,TRUE,,,,,,,
"r81675","2025-26","Central Arkansas","Linda Amaning","wbb-029891","linda amaning","same_name_unconfirmed_transfer",,,,,,"Saint Peter's","no_evidence","none",TRUE,TRUE,,,,,,,
"r81679","2025-26","Central Arkansas","Paris Santacaterina","wbb-033187","paris santacaterina","same_name_unconfirmed_transfer",,,,,,"San Diego","no_evidence","none",TRUE,TRUE,,,,,,,
"r81683","2025-26","Central Okla.","Kendrick Bailey","wbb-016455","kendrick bailey","same_name_unconfirmed_transfer",,,,,,"Harding","no_evidence","none",TRUE,TRUE,,,,,,,
"r81735","2025-26","Charleston (WV)","Kristel Rattasepp","wbb-031954","kristel rattasepp","same_name_unconfirmed_transfer",,,,,,"Wheeling","no_evidence","none",TRUE,TRUE,,,,,,,
"r81752","2025-26","College of Charleston","Chynell Mitchell","wbb-020840","chynell mitchell","same_name_unconfirmed_transfer",,,,,,"UT-Rio Grande Valley","no_evidence","none",TRUE,TRUE,,,,,,,
"r81755","2025-26","Christian Brothers","Mariah Curley","wbb-028578","mariah curley","same_name_unconfirmed_transfer",,,,,,"LeMoyne-Owen","no_evidence","none",TRUE,TRUE,,,,,,,
"r81756","2025-26","Christian Brothers","Mya Bourget","wbb-032587","mya bourget","same_name_unconfirmed_transfer",,,,,,"Cedarville","no_evidence","none",TRUE,TRUE,,,,,,,
"r81796","2025-26","Concord","McKayah Stubbs","wbb-031024","mckayah stubbs","corroborated_blocked",,,,,,"Glenville St.","height_conflict","previous_school",TRUE,FALSE,,,,,,,
"r81879","2025-26","D'Youville","Xanthippi Karatasiou","wbb-013536","xanthippi karatasiou","same_name_unconfirmed_transfer",,,,,,"Canisius","no_evidence","none",TRUE,TRUE,,,,,,,
"r81952","2025-26","Erskine","Kaela Ward","wbb-020059","kaela ward","same_name_unconfirmed_transfer",,,,,,"Young Harris","no_evidence","none",TRUE,TRUE,,,,,,,
"r82003","2025-26","Fort Lewis","Ashten Martinez","wbb-027745","ashten martinez","same_name_unconfirmed_transfer",,,,,,"Delta St.","no_evidence","none",TRUE,TRUE,,,,,,,
"r82009","2025-26","Francis Marion","Jordan Mintz","wbb-031214","jordan mintz","same_name_unconfirmed_transfer",,,,,,"Newberry","no_evidence","none",TRUE,TRUE,,,,,,,
"r82016","2025-26","Francis Marion","Bentlee Chockley","wbb-031779","bentlee chockley","same_name_unconfirmed_transfer",,,,,,"Converse","no_evidence","none",TRUE,TRUE,,,,,,,
"r82047","2025-26","George Fox","Maddie Schumacher","wbb-029429","maddie schumacher","same_name_unconfirmed_transfer",,,,,,"Ohio Wesleyan","no_evidence","none",TRUE,TRUE,,,,,,,
"r82078","2025-26","Glenville St.","Wonder Nkoyock","wbb-027848","wonder nkoyock","same_name_unconfirmed_transfer",,,,,,"Eastern N.M.","no_evidence","none",TRUE,TRUE,,,,,,,
"r82087","2025-26","Glenville St.","Carine Pinkney","wbb-019521","carine pinkney","same_name_unconfirmed_transfer",,,,,,"Salem (WV)","no_evidence","none",TRUE,TRUE,,,,,,,
"r82140","2025-26","Greenville","Trinity Wade","wbb-033144","trinity wade","same_name_unconfirmed_transfer",,,,,,"Millikin","no_evidence","none",TRUE,TRUE,,,,,,,
"r82178","2025-26","Harding","Allie Rehl","wbb-032839","allie rehl","same_name_unconfirmed_transfer",,,,,,"Okla. Baptist","no_evidence","none",TRUE,TRUE,,,,,,,
"r82267","2025-26","Neb.-Kearney","Paige Horne","wbb-029179","paige horne","same_name_unconfirmed_transfer",,,,,,"Omaha","no_evidence","none",TRUE,TRUE,,,,,,,
"r82277","2025-26","Neb.-Kearney","Malgorzata Byczkowska","wbb-025704","malgorzata byczkowska","same_name_unconfirmed_transfer",,,,,,"Missouri Western","no_evidence","none",TRUE,TRUE,,,,,,,
"r82291","2025-26","Kennesaw State","Fanta Daffe","wbb-024363","fanta daffe","same_name_unconfirmed_transfer",,,,,,"Saint Francis (PA)","no_evidence","none",TRUE,TRUE,,,,,,,
"r82319","2025-26","LaGrange","Carltajah Jackson","wbb-025476","carltajah jackson","same_name_unconfirmed_transfer",,,,,,"Huntingdon","no_evidence","none",TRUE,TRUE,,,,,,,
"r82353","2025-26","Lander","Ansley Gartrell","wbb-025385","ansley gartrell","same_name_unconfirmed_transfer",,,,,,"Erskine","no_evidence","none",TRUE,TRUE,,,,,,,
"r82354","2025-26","Lander","Serenity Echols","wbb-029021","serenity echols","same_name_unconfirmed_transfer",,,,,,"Mississippi Valley State","no_evidence","none",TRUE,TRUE,,,,,,,
"r82380","2025-26","Lincoln Memorial","Lexi Patty","wbb-017054","lexi patty","same_name_unconfirmed_transfer",,,,,,"Tusculum","no_evidence","none",TRUE,TRUE,,,,,,,
"r82393","2025-26","Lincoln Memorial","Kamil Collier","wbb-018220","kamil collier","same_name_unconfirmed_transfer",,,,,,"Lipscomb","no_evidence","none",TRUE,TRUE,,,,,,,
"r82459","2025-26","Mars Hill","Stella McIntyre","wbb-031847","stella mcintyre","same_name_unconfirmed_transfer",,,,,,"North Greenville","no_evidence","none",TRUE,TRUE,,,,,,,
"r82488","2025-26","Mary Hardin-Baylor","Madyson Solis","wbb-032488","madyson solis","same_name_unconfirmed_transfer",,,,,,"Tex. Permian Basin","no_evidence","none",TRUE,TRUE,,,,,,,
"r82490","2025-26","Midwestern St.","Catalina Cortez","wbb-010209","catalina cortez","same_name_unconfirmed_transfer",,,,,,"Mary Hardin-Baylor","no_evidence","none",TRUE,TRUE,,,,,,,
"r82590","2025-26","U New England","Emma Medeiros","wbb-031657","emma medeiros","same_name_unconfirmed_transfer",,,,,,"Lasell","no_evidence","none",TRUE,TRUE,,,,,,,
"r82604","2025-26","Newberry","Gabriela Stevens","wbb-022258","gabriela stevens","same_name_unconfirmed_transfer",,,,,,"Bethune-Cookman","no_evidence","none",TRUE,TRUE,,,,,,,
"r82607","2025-26","Newberry","Daria Clet","wbb-019809","daria clet","same_name_unconfirmed_transfer",,,,,,"Texas-Tyler","no_evidence","none",TRUE,TRUE,,,,,,,
"r82609","2025-26","Newberry","Leigha Harris","wbb-032386","leigha harris","same_name_unconfirmed_transfer",,,,,,"Claflin","no_evidence","none",TRUE,TRUE,,,,,,,
"r82716","2025-26","Post","Claire Greene","wbb-020766","claire greene","corroborated_blocked",,,,,,"Rhode Island College","height_conflict","hometown",TRUE,FALSE,,,,,,,
"r82721","2025-26","Post","Megan Landsiedel","wbb-008736","megan landsiedel","same_name_unconfirmed_transfer",,,,,,"Lenoir-Rhyne","no_evidence","none",TRUE,TRUE,,,,,,,
"r82733","2025-26","Presbyterian College","Ja'Cia Cunningham","wbb-027522","ja cia cunningham","same_name_unconfirmed_transfer",,,,,,"Chicago State","no_evidence","none",TRUE,TRUE,,,,,,,
"r82848","2025-26","St. Thomas Aquinas","Angela Williams","wbb-028429","angela williams","same_name_unconfirmed_transfer",,,,,,"James Madison","no_evidence","none",TRUE,TRUE,,,,,,,
"r82852","2025-26","St. Thomas Aquinas","Vega Gil","wbb-028533","vega gil","same_name_unconfirmed_transfer",,,,,,"LaSalle","no_evidence","none",TRUE,TRUE,,,,,,,
"r83030","2025-26","West Liberty","Ana-Isabel Andersson","wbb-026302","ana isabel andersson","same_name_unconfirmed_transfer",,,,,,"Texas-Tyler","no_evidence","none",TRUE,TRUE,,,,,,,
"r83216","2025-26","Mt. St. Mary (NY)","Darcy DeBenedittis","wbb-022754","darcy debenedittis","same_name_unconfirmed_transfer",,,,,,"Drew","no_evidence","none",TRUE,TRUE,,,,,,,
"r83222","2025-26","Arkansas-Pine Bluff","Jailah Pelly","wbb-023204","jailah pelly","same_name_unconfirmed_transfer",,,,,,"Indiana State","no_evidence","none",TRUE,TRUE,,,,,,,
"r83231","2025-26","Arkansas-Pine Bluff","Indiya Bowen","wbb-024574","indiya bowen","same_name_unconfirmed_transfer",,,,,,"Southeast Missouri State","no_evidence","none",TRUE,TRUE,,,,,,,
"r83232","2025-26","Arkansas-Pine Bluff","Zoey Davis","wbb-030154","zoey davis","same_name_unconfirmed_transfer",,,,,,"Southern Utah","no_evidence","none",TRUE,TRUE,,,,,,,
"r83234","2025-26","Arkansas-Pine Bluff","Briah Hampton","wbb-017913","briah hampton","same_name_unconfirmed_transfer",,,,,,"Southeast Missouri State","no_evidence","none",TRUE,TRUE,,,,,,,
"r83269","2025-26","Hawai'i Pacific","Kyra Tanabe","wbb-016298","kyra tanabe","same_name_unconfirmed_transfer",,,,,,"Chadron St.","no_evidence","none",TRUE,TRUE,,,,,,,
"r83284","2025-26","Hawai'i Pacific","Mya Hatchett","wbb-031303","mya hatchett","same_name_unconfirmed_transfer",,,,,,"Saint Martin's","no_evidence","none",TRUE,TRUE,,,,,,,
"r83285","2025-26","Hawai'i Pacific","Dani Angel","wbb-032506","dani angel","same_name_unconfirmed_transfer",,,,,,"AUM","no_evidence","none",TRUE,TRUE,,,,,,,
"r83290","2025-26","Hawai'i Hilo","Kylie Wade","wbb-020375","kylie wade","same_name_unconfirmed_transfer",,,,,,"Meredith","no_evidence","none",TRUE,TRUE,,,,,,,
"r83303","2025-26","IUPUI","Kamara Mills","wbb-031923","kamara mills","same_name_unconfirmed_transfer",,,,,,"Queens (NC)","no_evidence","none",TRUE,TRUE,,,,,,,
"r83319","2025-26","Kansas City","Tierra Trotter","wbb-018595","tierra trotter","same_name_unconfirmed_transfer",,,,,,"UT-Rio Grande Valley","no_evidence","none",TRUE,TRUE,,,,,,,
"r83327","2025-26","Kansas City","Jamyah Winter","wbb-031131","jamyah winter","same_name_unconfirmed_transfer",,,,,,"Lincoln Memorial","no_evidence","none",TRUE,TRUE,,,,,,,
"r83329","2025-26","Kansas City","Trinity Chears","wbb-032493","trinity chears","same_name_unconfirmed_transfer",,,,,,"Texas A&M-International","no_evidence","none",TRUE,TRUE,,,,,,,
"r83332","2025-26","North Florida","Claire Davis","wbb-019870","claire davis","same_name_unconfirmed_transfer",,,,,,"Kennesaw State","no_evidence","none",TRUE,TRUE,,,,,,,
"r83448","2025-26","Southwest Baptist","Reagan Wells","wbb-027659","reagan wells","same_name_unconfirmed_transfer",,,,,,"Cornell College","no_evidence","none",TRUE,TRUE,,,,,,,
"r83453","2025-26","Southwest Baptist","Gwen O'Connell","wbb-029622","gwen o connell","same_name_unconfirmed_transfer",,,,,,"Quincy","no_evidence","none",TRUE,TRUE,,,,,,,
"r83474","2025-26","Western Colo.","Morgan Ives","wbb-032572","morgan ives","same_name_unconfirmed_transfer",,,,,,"William Jewell","no_evidence","none",TRUE,TRUE,,,,,,,
"r83519","2025-26","St. Thomas (TX)","Olivia Shook","wbb-025666","olivia shook","same_name_unconfirmed_transfer",,,,,,"St. Mary's (TX)","no_evidence","none",TRUE,TRUE,,,,,,,
"r83521","2025-26","St. Thomas (TX)","Jaikyliah Ravizee","wbb-027883","jaikyliah ravizee","same_name_unconfirmed_transfer",,,,,,"Elmhurst","no_evidence","none",TRUE,TRUE,,,,,,,
"r83564","2025-26","Goldey-Beacom","Lydia Betz","wbb-026511","lydia betz","same_name_unconfirmed_transfer",,,,,,"Cedarville","no_evidence","none",TRUE,TRUE,,,,,,,
"r83566","2025-26","Goldey-Beacom","Gaia Zimbardo","wbb-021483","gaia zimbardo","same_name_unconfirmed_transfer",,,,,,"UC-Colo. Springs","no_evidence","none",TRUE,TRUE,,,,,,,
"r83606","2025-26","Ark.-Monticello","Ella Hamlin","wbb-030262","ella hamlin","same_name_unconfirmed_transfer",,,,,,"Texas Christian","no_evidence","none",TRUE,TRUE,,,,,,,
"r83612","2025-26","Ark.-Monticello","Harper Biley","wbb-022794","harper biley","same_name_unconfirmed_transfer",,,,,,"Tex. A&M-Commerce","no_evidence","none",TRUE,TRUE,,,,,,,
"r83613","2025-26","Ark.-Monticello","Brilynn Findley","wbb-027746","brilynn findley","same_name_unconfirmed_transfer",,,,,,"Delta St.","no_evidence","none",TRUE,TRUE,,,,,,,
"r83654","2025-26","McMurry","Gracie Hunter","wbb-031682","gracie hunter","same_name_unconfirmed_transfer",,,,,,"LeTourneau","no_evidence","none",TRUE,TRUE,,,,,,,
"r83756","2025-26","Southwestern Okla.","Payten Conde","wbb-026708","payten conde","same_name_unconfirmed_transfer",,,,,,"Okla. Baptist","no_evidence","none",TRUE,TRUE,,,,,,,
"r83762","2025-26","Southwestern Okla.","Elle Papahronis","wbb-024490","elle papahronis","same_name_unconfirmed_transfer",,,,,,"San Francisco","no_evidence","none",TRUE,TRUE,,,,,,,
"r83784","2025-26","Chowan","Aquarius Pettaway","wbb-031187","aquarius pettaway","corroborated_blocked",,,,,,"Mount Olive","height_conflict","hometown",TRUE,FALSE,,,,,,,
"r83827","2025-26","Converse","Emma Kanz","wbb-026942","emma kanz","same_name_unconfirmed_transfer",,,,,,"Augsburg","no_evidence","none",TRUE,TRUE,,,,,,,
"r83848","2025-26","East Central","Isabelle Stogsdill","wbb-031028","isabelle stogsdill","same_name_unconfirmed_transfer",,,,,,"Gordon","no_evidence","none",TRUE,TRUE,,,,,,,
"r83855","2025-26","East Central","Natalie Milwood","wbb-032487","natalie milwood","same_name_unconfirmed_transfer",,,,,,"Tex. Permian Basin","no_evidence","none",TRUE,TRUE,,,,,,,
"r83894","2025-26","Georgian Court","Farrah White","wbb-031631","farrah white","same_name_unconfirmed_transfer",,,,,,"Goldey-Beacom","no_evidence","none",TRUE,TRUE,,,,,,,
"r83936","2025-26","Mo. Southern St.","Savannah James","wbb-029619","savannah james","same_name_unconfirmed_transfer",,,,,,"Quincy","no_evidence","none",TRUE,TRUE,,,,,,,
"r83941","2025-26","Missouri Western","Ambranette Storr","wbb-018057","ambranette storr","corroborated_blocked",,,,,,"Southwest Baptist","failed_year_progression","previous_school",FALSE,TRUE,,,,,,,
"r84011","2025-26","West Virginia Wesleyan","Avery Childers","wbb-023581","avery childers","same_name_unconfirmed_transfer",,,,,,"Massachusetts","no_evidence","none",TRUE,TRUE,,,,,,,
"r84014","2025-26","West Virginia Wesleyan","Kadie Colebank","wbb-026123","kadie colebank","same_name_unconfirmed_transfer",,,,,,"Wheeling","no_evidence","none",TRUE,TRUE,,,,,,,
"r84024","2025-26","Embry-Riddle (FL)","Eliana Sheplee","wbb-029342","eliana sheplee","same_name_unconfirmed_transfer",,,,,,"Northern Iowa","no_evidence","none",TRUE,TRUE,,,,,,,
"r84099","2025-26","Chatham","Layla Lammert","wbb-023523","layla lammert","same_name_unconfirmed_transfer",,,,,,"Marietta","no_evidence","none",TRUE,TRUE,,,,,,,
"r84111","2025-26","Sage Colleges","Kyla Smith","wbb-019515","kyla smith","corroborated_blocked",,,,,,"Fredonia","failed_year_progression","hometown",FALSE,TRUE,,,,,,,
"r84126","2025-26","S.C. Aiken","Monique Emelifeonwu","wbb-026282","monique emelifeonwu","same_name_unconfirmed_transfer",,,,,,"Trevecca Nazarene","no_evidence","none",TRUE,TRUE,,,,,,,
"r84128","2025-26","S.C. Aiken","Nika Kurdija","wbb-018613","nika kurdija","same_name_unconfirmed_transfer",,,,,,"Vermont","no_evidence","none",TRUE,TRUE,,,,,,,
"r84133","2025-26","S.C. Aiken","Zenia Palaska","wbb-024880","zenia palaska","same_name_unconfirmed_transfer",,,,,,"Mercer","no_evidence","none",TRUE,TRUE,,,,,,,
"r84135","2025-26","S.C. Aiken","Ioanna Stefanaki","wbb-023170","ioanna stefanaki","same_name_unconfirmed_transfer",,,,,,"Mercer","no_evidence","none",TRUE,TRUE,,,,,,,
"r84151","2025-26","Colo. Christian","Angelina Kohlwaies","wbb-026315","angelina kohlwaies","same_name_unconfirmed_transfer",,,,,,"Mount Aloysius","no_evidence","none",TRUE,TRUE,,,,,,,
"r84154","2025-26","Colo. Christian","Samantha Wattawa","wbb-016386","samantha wattawa","same_name_unconfirmed_transfer",,,,,,"Fort Lewis","no_evidence","none",TRUE,TRUE,,,,,,,
"r84184","2025-26","Queens (NC)","Mia Moore","wbb-014745","mia moore","same_name_unconfirmed_transfer",,,,,,"Clemson","no_evidence","none",TRUE,TRUE,,,,,,,
"r84194","2025-26","West Florida","Maddy Rendall","wbb-029390","maddy rendall","same_name_unconfirmed_transfer",,,,,,"Oakland","no_evidence","none",TRUE,TRUE,,,,,,,
"r84196","2025-26","West Florida","Isabel Grimes","wbb-018998","isabel grimes","same_name_unconfirmed_transfer",,,,,,"Montevallo","no_evidence","none",TRUE,TRUE,,,,,,,
"r84313","2025-26","Anderson (SC)","Khiara Flugence","wbb-019942","khiara flugence","same_name_unconfirmed_transfer",,,,,,"Tex. Permian Basin","no_evidence","none",TRUE,TRUE,,,,,,,
"r84388","2025-26","Barton","Dasani Williamson","wbb-026460","dasani williamson","same_name_unconfirmed_transfer",,,,,,"AUM","no_evidence","none",TRUE,TRUE,,,,,,,
"r84415","2025-26","William Peace","Kynsea Pugh","wbb-027060","kynsea pugh","same_name_unconfirmed_transfer",,,,,,"Bethany (WV)","no_evidence","none",TRUE,TRUE,,,,,,,
"r84433","2025-26","Rivier","Juju Nealy","wbb-031668","juju nealy","same_name_unconfirmed_transfer",,,,,,"Lasell","no_evidence","none",TRUE,TRUE,,,,,,,
"r84448","2025-26","Salem (WV)","Batoul Khaleefah","wbb-027743","batoul khaleefah","same_name_unconfirmed_transfer",,,,,,"Delta St.","no_evidence","none",TRUE,TRUE,,,,,,,
"r84450","2025-26","Salem (WV)","Taja Brown","wbb-029747","taja brown","same_name_unconfirmed_transfer",,,,,,"Rutgers-Camden","no_evidence","none",TRUE,TRUE,,,,,,,
"r84490","2025-26","Clayton State","Tianna Dismuke","wbb-028640","tianna dismuke","same_name_unconfirmed_transfer",,,,,,"West Alabama","no_evidence","none",TRUE,TRUE,,,,,,,
"r84520","2025-26","Lynn","Hannah Wentworth","wbb-013894","hannah wentworth","same_name_unconfirmed_transfer",,,,,,"Eckerd","no_evidence","none",TRUE,TRUE,,,,,,,
"r84599","2025-26","Lyon","Kaysharia Woods","wbb-027461","kaysharia woods","same_name_unconfirmed_transfer",,,,,,"Centenary (LA)","no_evidence","none",TRUE,TRUE,,,,,,,
"r84612","2025-26","Lyon","Alyssa Abascal","wbb-025432","alyssa abascal","same_name_unconfirmed_transfer",,,,,,"Eureka","no_evidence","none",TRUE,TRUE,,,,,,,
"r84661","2025-26","Felician","Adriana Perez","wbb-028176","adriana perez","same_name_unconfirmed_transfer",,,,,,"Grinnell","no_evidence","none",TRUE,TRUE,,,,,,,
"r84702","2025-26","Concordia (TX)","Zoiey Jumawan","wbb-031619","zoiey jumawan","same_name_unconfirmed_transfer",,,,,,"St. Thomas (TX)","no_evidence","none",TRUE,TRUE,,,,,,,
"r84705","2025-26","Concordia (TX)","Jaida Cunningham","wbb-023092","jaida cunningham","same_name_unconfirmed_transfer",,,,,,"Hartford","no_evidence","none",TRUE,TRUE,,,,,,,
"r84706","2025-26","Concordia (TX)","Shanna Brown","wbb-027518","shanna brown","same_name_unconfirmed_transfer",,,,,,"Chapman","no_evidence","none",TRUE,TRUE,,,,,,,
"r84717","2025-26","Nova Southeastern","Celeste Reed","wbb-029085","celeste reed","same_name_unconfirmed_transfer",,,,,,"Morehead State","no_evidence","none",TRUE,TRUE,,,,,,,
"r84718","2025-26","Nova Southeastern","Anaia Hoard","wbb-008477","anaia hoard","same_name_unconfirmed_transfer",,,,,,"Wake Forest","no_evidence","none",TRUE,TRUE,,,,,,,
"r84722","2025-26","Nova Southeastern","Chynna Mattair","wbb-015437","chynna mattair","same_name_unconfirmed_transfer",,,,,,"Saint Leo","no_evidence","none",TRUE,TRUE,,,,,,,
"r84723","2025-26","Nova Southeastern","Katelynn Hagy","wbb-032330","katelynn hagy","same_name_unconfirmed_transfer",,,,,,"Palm Beach Atl.","no_evidence","none",TRUE,TRUE,,,,,,,
"r84731","2025-26","Nova Southeastern","Kaliyah Morales","wbb-027016","kaliyah morales","same_name_unconfirmed_transfer",,,,,,"Barry","no_evidence","none",TRUE,TRUE,,,,,,,
"r84753","2025-26","A&M-Corpus Christi","Tamar voor de Poort","wbb-024346","tamar voor de poort","same_name_unconfirmed_transfer",,,,,,"St. Bonaventure","no_evidence","none",TRUE,TRUE,,,,,,,
"r84799","2025-26","Lipscomb","Hannah Richardson","wbb-029788","hannah richardson","same_name_unconfirmed_transfer",,,,,,"St. Bonaventure","no_evidence","none",TRUE,TRUE,,,,,,,
"r84823","2025-26","Florida Gulf Coast","Airah Lavy","wbb-029807","airah lavy","same_name_unconfirmed_transfer",,,,,,"Saint Francis (PA)","no_evidence","none",TRUE,TRUE,,,,,,,
"r84835","2025-26","Trevecca Nazarene","Ava Jones","wbb-023230","ava jones","same_name_unconfirmed_transfer",,,,,,"Iowa","no_evidence","none",TRUE,TRUE,,,,,,,
"r84885","2025-26","Texas-Tyler","Lilli Hakkarainen","wbb-029230","lilli hakkarainen","same_name_unconfirmed_transfer",,,,,,"New Mexico","no_evidence","none",TRUE,TRUE,,,,,,,
"r85021","2025-26","North Central (MN)","Moriah McLendon","wbb-013194","moriah mclendon","same_name_unconfirmed_transfer",,,,,,"Augsburg","no_evidence","none",TRUE,TRUE,,,,,,,
"r85068","2025-26","Palm Beach Atl.","KB Hadley","wbb-030012","kb hadley","same_name_unconfirmed_transfer",,,,,,"Siena","no_evidence","none",TRUE,TRUE,,,,,,,
"r85076","2025-26","Palm Beach Atl.","Breeje Schuler","wbb-018093","breeje schuler","same_name_unconfirmed_transfer",,,,,,"Eastern Washington","no_evidence","none",TRUE,TRUE,,,,,,,
"r85098","2025-26","Central St. (OH)","Ashyia Maddickes","wbb-026651","ashyia maddickes","same_name_unconfirmed_transfer",,,,,,"Berea","no_evidence","none",TRUE,TRUE,,,,,,,
"r85209","2025-26","Seton Hill","Emma Steidle","wbb-024311","emma steidle","corroborated_blocked",,,,,,"Rollins","failed_year_progression","hometown",FALSE,TRUE,,,,,,,
"r85365","2025-26","SUNY Cobleskill","Jaiyla Colon","wbb-031257","jaiyla colon","same_name_unconfirmed_transfer",,,,,,"Post","no_evidence","none",TRUE,TRUE,,,,,,,
"r85418","2025-26","Texas A&M-International","Deannasty Smith","wbb-028121","deannasty smith","same_name_unconfirmed_transfer",,,,,,"Georgia Southern","no_evidence","none",TRUE,TRUE,,,,,,,
"r85425","2025-26","Texas A&M-International","Racheal Emmanuel","wbb-024462","racheal emmanuel","same_name_unconfirmed_transfer",,,,,,"Sam Houston State","no_evidence","none",TRUE,TRUE,,,,,,,
"r85440","2025-26","Flagler","Gabby Bush","wbb-031123","gabby bush","same_name_unconfirmed_transfer",,,,,,"Lenoir-Rhyne","no_evidence","none",TRUE,TRUE,,,,,,,
"r85443","2025-26","Flagler","Dennaye Hinds","wbb-017966","dennaye hinds","same_name_unconfirmed_transfer",,,,,,"Presbyterian College","no_evidence","none",TRUE,TRUE,,,,,,,
"r85445","2025-26","Flagler","Betzalys Delgado","wbb-023918","betzalys delgado","same_name_unconfirmed_transfer",,,,,,"Nicholls State","no_evidence","none",TRUE,TRUE,,,,,,,
"r85560","2025-26","William Jewell","Mandi Pham","wbb-026372","mandi pham","same_name_unconfirmed_transfer",,,,,,"Illinois-Springfield","no_evidence","none",TRUE,TRUE,,,,,,,
"r85568","2025-26","William Jewell","Alex McGarrah","wbb-030101","alex mcgarrah","same_name_unconfirmed_transfer",,,,,,"Southeast Missouri State","no_evidence","none",TRUE,TRUE,,,,,,,
"r85583","2025-26","Cedarville","Janiek Wesseling","wbb-032855","janiek wesseling","same_name_unconfirmed_transfer",,,,,,"Biola","no_evidence","none",TRUE,TRUE,,,,,,,
"r85585","2025-26","Cedarville","Emma Kay Martin","wbb-026667","emma kay martin","same_name_unconfirmed_transfer",,,,,,"Rogers St.","no_evidence","none",TRUE,TRUE,,,,,,,
"r85590","2025-26","Minot St.","Kyra Beckman","wbb-000882","kyra beckman","same_name_unconfirmed_transfer",,,,,,"Brigham Young","no_evidence","none",TRUE,TRUE,,,,,,,
"r85650","2025-26","California Baptist","Sofia Alonso","wbb-022420","sofia alonso","same_name_unconfirmed_transfer",,,,,,"Sacramento State","no_evidence","none",TRUE,TRUE,,,,,,,
"r85654","2025-26","California Baptist","Paula Haw","wbb-022425","paula haw","same_name_unconfirmed_transfer",,,,,,"Sacramento State","no_evidence","none",TRUE,TRUE,,,,,,,
"r85669","2025-26","Lindenwood (MO)","Noah Garcia","wbb-029221","noah garcia","same_name_unconfirmed_transfer",,,,,,"New Mexico State","no_evidence","none",TRUE,TRUE,,,,,,,
"r85677","2025-26","Malone","Kamryn Ruffin","wbb-032049","kamryn ruffin","same_name_unconfirmed_transfer",,,,,,"Salem (WV)","no_evidence","none",TRUE,TRUE,,,,,,,
"r85778","2025-26","Point Loma","Ruby Vlahov","wbb-024385","ruby vlahov","same_name_unconfirmed_transfer",,,,,,"Saint Mary's (CA)","no_evidence","none",TRUE,TRUE,,,,,,,
"r85783","2025-26","Point Loma","Izzy Navarro","wbb-026702","izzy navarro","same_name_unconfirmed_transfer",,,,,,"Concordia (CA)","no_evidence","none",TRUE,TRUE,,,,,,,
"r85824","2025-26","Southern Nazarene","Boston Berry","wbb-023585","boston berry","same_name_unconfirmed_transfer",,,,,,"McNeese State","no_evidence","none",TRUE,TRUE,,,,,,,
"r85856","2025-26","Young Harris","Rhiannon Saller","wbb-018864","rhiannon saller","same_name_unconfirmed_transfer",,,,,,"S.C. Aiken","no_evidence","none",TRUE,TRUE,,,,,,,
"r85867","2025-26","Young Harris","Natalie Jojola","wbb-016827","natalie jojola","same_name_unconfirmed_transfer",,,,,,"Western Colo.","no_evidence","none",TRUE,TRUE,,,,,,,
"r85969","2025-26","Daemen","Kaylee Marvin","wbb-031955","kaylee marvin","same_name_unconfirmed_transfer",,,,,,"Wheeling","no_evidence","none",TRUE,TRUE,,,,,,,
"r85998","2025-26","Northwestern Okla.","Imani Johnson","wbb-030336","imani johnson","same_name_unconfirmed_transfer",,,,,,"Tuskegee","no_evidence","none",TRUE,TRUE,,,,,,,
"r86005","2025-26","Northwestern Okla.","Camille Pritchard","wbb-031651","camille pritchard","same_name_unconfirmed_transfer",,,,,,"Ark.-Monticello","no_evidence","none",TRUE,TRUE,,,,,,,
"r86007","2025-26","Northwestern Okla.","Catyn Graham","wbb-026709","catyn graham","same_name_unconfirmed_transfer",,,,,,"Okla. Baptist","no_evidence","none",TRUE,TRUE,,,,,,,
"r86011","2025-26","Okla. Christian","Kendall Brown","wbb-014215","kendall brown","same_name_unconfirmed_transfer",,,,,,"Houston","no_evidence","none",TRUE,TRUE,,,,,,,
"r86165","2025-26","Okla. Baptist","Reagan Fox","wbb-017900","reagan fox","same_name_unconfirmed_transfer",,,,,,"Central Okla.","no_evidence","none",TRUE,TRUE,,,,,,,
"r86168","2025-26","Okla. Baptist","Brenna Butler","wbb-024048","brenna butler","same_name_unconfirmed_transfer",,,,,,"Oklahoma State","no_evidence","none",TRUE,TRUE,,,,,,,
"r86182","2025-26","Westminster (UT)","Makeili Ika","wbb-032534","makeili ika","same_name_unconfirmed_transfer",,,,,,"Utah Tech","no_evidence","none",TRUE,TRUE,,,,,,,
"r86191","2025-26","Westminster (UT)","Klowie Pike","wbb-031060","klowie pike","same_name_unconfirmed_transfer",,,,,,"Henderson St.","no_evidence","none",TRUE,TRUE,,,,,,,
"r86193","2025-26","Dean","Azaria Landry","wbb-033233","azaria landry","same_name_unconfirmed_transfer",,,,,,"Cameron","no_evidence","none",TRUE,TRUE,,,,,,,
"r86199","2025-26","Dean","Abigail Lacy","wbb-029189","abigail lacy","same_name_unconfirmed_transfer",,,,,,"New England Col.","no_evidence","none",TRUE,TRUE,,,,,,,
"r86209","2025-26","Biola","Hanne Nybo","wbb-028619","hanne nybo","same_name_unconfirmed_transfer",,,,,,"Lincoln (MO)","no_evidence","none",TRUE,TRUE,,,,,,,
"r86217","2025-26","Biola","Grace Moyers","wbb-017893","grace moyers","same_name_unconfirmed_transfer",,,,,,"Point Loma","no_evidence","none",TRUE,TRUE,,,,,,,
"r86225","2025-26","Davenport","Tangee Gagau","wbb-020098","tangee gagau","same_name_unconfirmed_transfer",,,,,,"Rogers St.","no_evidence","none",TRUE,TRUE,,,,,,,
"r86264","2025-26","Warren Wilson","Jordan McGhee","wbb-019240","jordan mcghee","same_name_unconfirmed_transfer",,,,,,"Cedar Crest","no_evidence","none",TRUE,TRUE,,,,,,,
"r86271","2025-26","Warren Wilson","Candela Perez-Castellanos","wbb-019456","candela perez castellanos","same_name_unconfirmed_transfer",,,,,,"Ferrum","no_evidence","none",TRUE,TRUE,,,,,,,
"r86278","2025-26","Allen","Daiysha Brown","wbb-032906","daiysha brown","same_name_unconfirmed_transfer",,,,,,"Edward Waters","no_evidence","none",TRUE,TRUE,,,,,,,
"r86282","2025-26","Allen","Anissa Tuitt","wbb-021794","anissa tuitt","same_name_unconfirmed_transfer",,,,,,"Edward Waters","no_evidence","none",TRUE,TRUE,,,,,,,
"r86311","2025-26","Edward Waters","Kaylynn Asberry","wbb-017784","kaylynn asberry","same_name_unconfirmed_transfer",,,,,,"Saint Peter's","no_evidence","none",TRUE,TRUE,,,,,,,
"r86376","2025-26","Jessup","Claudia Jiménez","wbb-028760","claudia jimenez","same_name_unconfirmed_transfer",,,,,,"Manhattan","no_evidence","none",TRUE,TRUE,,,,,,,
"r86379","2025-26","Vanguard","Shayla O'Neil","wbb-017439","shayla o neil","same_name_unconfirmed_transfer",,,,,,"Point Loma","no_evidence","none",TRUE,TRUE,,,,,,,
"r86394","2025-26","Vanguard","Kaylee Byon","wbb-018618","kaylee byon","same_name_unconfirmed_transfer",,,,,,"Point Loma","no_evidence","none",TRUE,TRUE,,,,,,,
"r86460","2025-26","Talladega","Teanna Watts","wbb-033359","teanna watts","same_name_unconfirmed_transfer",,,,,,"Belhaven","no_evidence","none",TRUE,TRUE,,,,,,,
"r83268","2025-26","Franklin","Avery Kelley","wbb-027928",,"duplicate_wbb_id_claim",,,,,,,,,,,,,,,,,
"r86590","2026-27","Alas. Anchorage","Amber Kartchner","wbb-013384","amber kartchner","ambiguous_transfer",,TRUE,FALSE,,,,,,,,,,,,,,
"r86590","2026-27","Alas. Anchorage","Amber Kartchner","wbb-019957","amber kartchner","ambiguous_transfer",,TRUE,TRUE,,,,,,,,,,,,,,
"r90037","2026-27","Loyola-Chicago","Hailey Johnson","wbb-020696","hailey johnson","ambiguous_transfer",,TRUE,FALSE,,,,,,,,,,,,,,
"r90037","2026-27","Loyola-Chicago","Hailey Johnson","wbb-034442","hailey johnson","ambiguous_transfer",,TRUE,FALSE,,,,,,,,,,,,,,
"r90059","2026-27","MacMurray","Gracie Hunter","wbb-031682","gracie hunter","ambiguous_transfer",,FALSE,FALSE,,,,,,,,,,,,,,
"r90059","2026-27","MacMurray","Gracie Hunter","wbb-038794","gracie hunter","ambiguous_transfer",,TRUE,TRUE,,,,,,,,,,,,,,
"r90874","2026-27","Mount St. Mary's","Nevaeh Ferrara Horne","wbb-023967","nevaeh ferrara horne","ambiguous_transfer",,FALSE,TRUE,,,,,,,,,,,,,,
"r90874","2026-27","Mount St. Mary's","Nevaeh Ferrara Horne","wbb-036772","nevaeh ferrara horne","ambiguous_transfer",,FALSE,FALSE,,,,,,,,,,,,,,
"r91257","2026-27","NC State","Khady Leye","wbb-030303","khady leye","ambiguous_transfer",,FALSE,TRUE,,,,,,,,,,,,,,
"r91257","2026-27","NC State","Khady Leye","wbb-033575","khady leye","ambiguous_transfer",,FALSE,FALSE,,,,,,,,,,,,,,
"r92346","2026-27","St. John's","Asia Donald","wbb-023200","asia donald","ambiguous_transfer",,TRUE,FALSE,,,,,,,,,,,,,,
"r92346","2026-27","St. John's","Asia Donald","wbb-037430","asia donald","ambiguous_transfer",,FALSE,TRUE,,,,,,,,,,,,,,
"r93564","2026-27","Valparaiso","Maddie Vejsicky","wbb-021519","maddie vejsicky","ambiguous_transfer",,FALSE,TRUE,,,,,,,,,,,,,,
"r93564","2026-27","Valparaiso","Maddie Vejsicky","wbb-026766","maddie vejsicky","ambiguous_transfer",,TRUE,FALSE,,,,,,,,,,,,,,
"r95046","2026-27","Mars Hill","Aquarius Pettaway","wbb-031187","aquarius pettaway","ambiguous_transfer",,TRUE,FALSE,,,,,,,,,,,,,,
"r95046","2026-27","Mars Hill","Aquarius Pettaway","wbb-038857","aquarius pettaway","ambiguous_transfer",,TRUE,FALSE,,,,,,,,,,,,,,
"r95328","2026-27","Seattle","Ayanna Jackson","wbb-022418","ayanna jackson","ambiguous_transfer",,TRUE,TRUE,,,,,,,,,,,,,,
"r95328","2026-27","Seattle","Ayanna Jackson","wbb-037114","ayanna jackson","ambiguous_transfer",,FALSE,FALSE,,,,,,,,,,,,,,
"r95505","2026-27","Western Ore.","Malaya LeSueur","wbb-022391","malaya lesueur","ambiguous_transfer",,TRUE,FALSE,,,,,,,,,,,,,,
"r95505","2026-27","Western Ore.","Malaya LeSueur","wbb-037113","malaya lesueur","ambiguous_transfer",,FALSE,FALSE,,,,,,,,,,,,,,
"r95593","2026-27","Wingate","Senali Moss","wbb-024661","senali moss","ambiguous_transfer",,TRUE,FALSE,,,,,,,,,,,,,,
"r95593","2026-27","Wingate","Senali Moss","wbb-034275","senali moss","ambiguous_transfer",,TRUE,TRUE,,,,,,,,,,,,,,
"r95694","2026-27","IUPUI","Hailee Brennen","wbb-022933","hailee brennen","ambiguous_transfer",,FALSE,TRUE,,,,,,,,,,,,,,
"r95694","2026-27","IUPUI","Hailee Brennen","wbb-035929","hailee brennen","ambiguous_transfer",,TRUE,FALSE,,,,,,,,,,,,,,
"r96236","2026-27","UC-Colo. Springs","Aaliyah Holmes","wbb-029086","aaliyah holmes","ambiguous_transfer",,TRUE,FALSE,,,,,,,,,,,,,,
"r96236","2026-27","UC-Colo. Springs","Aaliyah Holmes","wbb-035638","aaliyah holmes","ambiguous_transfer",,FALSE,TRUE,,,,,,,,,,,,,,
"r86509","2026-27","Akron","Jessie Joaquim","wbb-035926","jessie joaquim","same_name_unconfirmed_transfer",,,,,,"New Mexico","no_evidence","none",TRUE,TRUE,,,,,,,
"r86514","2026-27","Akron","Ofir Parpara","wbb-029156","ofir parpara","same_name_unconfirmed_transfer",,,,,,"UNCW","no_evidence","none",TRUE,TRUE,,,,,,,
"r86521","2026-27","Alabama A&M","Kalea Rainey","wbb-020602","kalea rainey","same_name_unconfirmed_transfer",,,,,,"Barry","no_evidence","none",TRUE,TRUE,,,,,,,
"r86530","2026-27","Alabama A&M","Alisha Murray","wbb-034802","alisha murray","same_name_unconfirmed_transfer",,,,,,"Grambling","no_evidence","none",TRUE,TRUE,,,,,,,
"r86567","2026-27","UAB","Viktoria Ranisavljevic","wbb-036295","viktoria ranisavljevic","same_name_unconfirmed_transfer",,,,,,"Penn State","no_evidence","none",TRUE,TRUE,,,,,,,
"r86575","2026-27","UAB","Emilia Dannebauer","wbb-030282","emilia dannebauer","same_name_unconfirmed_transfer",,,,,,"UT-San Antonio","no_evidence","none",TRUE,TRUE,,,,,,,
"r86576","2026-27","UAH","Clare Conzelmann","wbb-035260","clare conzelmann","same_name_unconfirmed_transfer",,,,,,"Lake Superior St.","no_evidence","none",TRUE,TRUE,,,,,,,
"r86581","2026-27","UAH","Jena Warden","wbb-038768","jena warden","same_name_unconfirmed_transfer",,,,,,"Ark.-Monticello","no_evidence","none",TRUE,TRUE,,,,,,,
"r86583","2026-27","UAH","Emily Mouser","wbb-038256","emily mouser","same_name_unconfirmed_transfer",,,,,,"Montevallo","no_evidence","none",TRUE,TRUE,,,,,,,
"r86607","2026-27","Alas. Fairbanks","Denae Skelton","wbb-030380","denae skelton","same_name_unconfirmed_transfer",,,,,,"Merrimack","no_evidence","none",TRUE,TRUE,,,,,,,
"r86670","2026-27","Alcorn State","Fatime Seck","wbb-025263","fatime seck","same_name_unconfirmed_transfer",,,,,,"Southeastern Louisiana","no_evidence","none",TRUE,TRUE,,,,,,,
"r86752","2026-27","Arizona State","Ella Ryan","wbb-036426","ella ryan","same_name_unconfirmed_transfer",,,,,,"Quinnipiac","no_evidence","none",TRUE,TRUE,,,,,,,
"r86775","2026-27","Arkansas St.","Monica Marsh","wbb-023006","monica marsh","same_name_unconfirmed_transfer",,,,,,"Grambling","no_evidence","none",TRUE,TRUE,,,,,,,
"r86779","2026-27","Arkansas","Beautiful Waheed","wbb-036641","beautiful waheed","same_name_unconfirmed_transfer",,,,,,"St. John's","no_evidence","none",TRUE,TRUE,,,,,,,
"r86784","2026-27","Arkansas","Grace McCallop","wbb-033986","grace mccallop","same_name_unconfirmed_transfer",,,,,,"California","no_evidence","none",TRUE,TRUE,,,,,,,
"r86785","2026-27","Arkansas","Ayianna Johnson","wbb-023686","ayianna johnson","same_name_unconfirmed_transfer",,,,,,"UC-Colo. Springs","no_evidence","none",TRUE,TRUE,,,,,,,
"r86805","2026-27","Arkansas-Little Rock","Tyla Fautua","wbb-036275","tyla fautua","same_name_unconfirmed_transfer",,,,,,"Pacific","no_evidence","none",TRUE,TRUE,,,,,,,
"r86806","2026-27","Arkansas-Little Rock","Senoj Jones","wbb-035918","senoj jones","same_name_unconfirmed_transfer",,,,,,"New Mexico State","no_evidence","none",TRUE,TRUE,,,,,,,
"r86864","2026-27","Augusta","Trinity Thomas","wbb-025518","trinity thomas","same_name_unconfirmed_transfer",,,,,,"Lander","no_evidence","none",TRUE,TRUE,,,,,,,
"r86870","2026-27","Augusta","Shiyah Forte","wbb-035189","shiyah forte","same_name_unconfirmed_transfer",,,,,,"Kentucky St.","no_evidence","none",TRUE,TRUE,,,,,,,
"r86925","2026-27","Austin Peay","Tish Blackwood","wbb-036928","tish blackwood","same_name_unconfirmed_transfer",,,,,,"Southern Conn. St.","no_evidence","none",TRUE,TRUE,,,,,,,
"r86952","2026-27","Baldwin Wallace","Zoey Deligianis","wbb-038458","zoey deligianis","same_name_unconfirmed_transfer",,,,,,"Tiffin","no_evidence","none",TRUE,TRUE,,,,,,,
"r86978","2026-27","Charleston Southern","Lauren Cummings","wbb-022406","lauren cummings","same_name_unconfirmed_transfer",,,,,,"Long Beach State","no_evidence","none",TRUE,TRUE,,,,,,,
"r86979","2026-27","Charleston Southern","Ashleigh Battle","wbb-034021","ashleigh battle","same_name_unconfirmed_transfer",,,,,,"Campbell","no_evidence","none",TRUE,TRUE,,,,,,,
"r86982","2026-27","Charleston Southern","Sofia Ekh","wbb-034980","sofia ekh","same_name_unconfirmed_transfer",,,,,,"Idaho","no_evidence","none",TRUE,TRUE,,,,,,,
"r86990","2026-27","Charleston Southern","Anica Skrivan","wbb-022906","anica skrivan","same_name_unconfirmed_transfer",,,,,,"Evansville","no_evidence","none",TRUE,TRUE,,,,,,,
"r86994","2026-27","Barry","Lee Lee Willis","wbb-025496","lee lee willis","same_name_unconfirmed_transfer",,,,,,"Kennesaw State","no_evidence","none",TRUE,TRUE,,,,,,,
"r86995","2026-27","Barry","Laila McLeod","wbb-018126","laila mcleod","same_name_unconfirmed_transfer",,,,,,"Denver","no_evidence","none",TRUE,TRUE,,,,,,,
"r86996","2026-27","Barry","Dominique Garcia Blackwood","wbb-018104","dominique garcia blackwood","same_name_unconfirmed_transfer",,,,,,"Fairleigh Dickinson","no_evidence","none",TRUE,TRUE,,,,,,,
"r86997","2026-27","Barry","Sarah Racaud","wbb-034525","sarah racaud","same_name_unconfirmed_transfer",,,,,,"Eckerd","no_evidence","none",TRUE,TRUE,,,,,,,
"r87002","2026-27","Barry","Ally Cesarini","wbb-023392","ally cesarini","same_name_unconfirmed_transfer",,,,,,"Lewis","no_evidence","none",TRUE,TRUE,,,,,,,
"r87004","2026-27","Barry","Gabi Hoover","wbb-028609","gabi hoover","same_name_unconfirmed_transfer",,,,,,"Lewis","no_evidence","none",TRUE,TRUE,,,,,,,
"r87005","2026-27","Barry","Jovana Nikolic","wbb-030762","jovana nikolic","same_name_unconfirmed_transfer",,,,,,"Lindenwood (MO)","no_evidence","none",TRUE,TRUE,,,,,,,
"r87036","2026-27","Bemidji St.","Abby Richter","wbb-031081","abby richter","same_name_unconfirmed_transfer",,,,,,"Neb.-Kearney","no_evidence","none",TRUE,TRUE,,,,,,,
"r87038","2026-27","Bemidji St.","Brya Brooklyn","wbb-037718","brya brooklyn","same_name_unconfirmed_transfer",,,,,,"Adams St.","no_evidence","none",TRUE,TRUE,,,,,,,
"r87045","2026-27","Bemidji St.","Katrina Stack","wbb-029620","katrina stack","same_name_unconfirmed_transfer",,,,,,"Quincy","no_evidence","none",TRUE,TRUE,,,,,,,
"r87091","2026-27","Bethune-Cookman","Jarahle Daniels","wbb-033558","jarahle daniels","same_name_unconfirmed_transfer",,,,,,"Arkansas-Little Rock","no_evidence","none",TRUE,TRUE,,,,,,,
"r87108","2026-27","Binghamton","Emma Hákonardóttir","wbb-026817","emma hakonardottir","same_name_unconfirmed_transfer",,,,,,"Albany","no_evidence","none",TRUE,TRUE,,,,,,,
"r87128","2026-27","Bloomsburg","Olivia Green","wbb-012034","olivia green","same_name_unconfirmed_transfer",,,,,,"Finlandia","no_evidence","none",TRUE,TRUE,,,,,,,
"r87153","2026-27","Boston College","Grace Oliver","wbb-027605","grace oliver","same_name_unconfirmed_transfer",,,,,,"Wake Forest","no_evidence","none",TRUE,TRUE,,,,,,,
"r87171","2026-27","Boston","Yael Maayan","wbb-029943","yael maayan","same_name_unconfirmed_transfer",,,,,,"Samford","no_evidence","none",TRUE,TRUE,,,,,,,
"r87188","2026-27","Bradley","Amani Abuhatab","wbb-023602","amani abuhatab","same_name_unconfirmed_transfer",,,,,,"Mercy","no_evidence","none",TRUE,TRUE,,,,,,,
"r87215","2026-27","Brandeis","Nicole Burns","wbb-039035","nicole burns","same_name_unconfirmed_transfer",,,,,,"Colo. Christian","no_evidence","none",TRUE,TRUE,,,,,,,
"r87216","2026-27","Bridgeport","Hailee Hackett","wbb-039526","hailee hackett","same_name_unconfirmed_transfer",,,,,,"Keystone","no_evidence","none",TRUE,TRUE,,,,,,,
"r87234","2026-27","Brigham Young","Liza Astakhova","wbb-035846","liza astakhova","same_name_unconfirmed_transfer",,,,,,"North Carolina","no_evidence","none",TRUE,TRUE,,,,,,,
"r87276","2026-27","Bucknell","Peyton Musial","wbb-033421","peyton musial","same_name_unconfirmed_transfer",,,,,,"UAB","no_evidence","none",TRUE,TRUE,,,,,,,
"r87341","2026-27","Cal Poly","Sumer Lee","wbb-022694","sumer lee","same_name_unconfirmed_transfer",,,,,,"DePaul","no_evidence","none",TRUE,TRUE,,,,,,,
"r87384","2026-27","Cal St. Dom. Hills","Norret Lewis","wbb-033940","norret lewis","same_name_unconfirmed_transfer",,,,,,"CSUN","no_evidence","none",TRUE,TRUE,,,,,,,
"r87401","2026-27","Cal State Bakersfield","Dresha Moore","wbb-029948","dresha moore","same_name_unconfirmed_transfer",,,,,,"San Diego","no_evidence","none",TRUE,TRUE,,,,,,,
"r87402","2026-27","Cal State Bakersfield","Mydrea Moore","wbb-022369","mydrea moore","same_name_unconfirmed_transfer",,,,,,"Cal Poly Pomona","no_evidence","none",TRUE,TRUE,,,,,,,
"r87403","2026-27","Cal State Bakersfield","Elyse Mitchell","wbb-039857","elyse mitchell","same_name_unconfirmed_transfer",,,,,,"Azusa Pacific","no_evidence","none",TRUE,TRUE,,,,,,,
"r87405","2026-27","Cal State Bakersfield","Hunter Hudson","wbb-022372","hunter hudson","same_name_unconfirmed_transfer",,,,,,"Cal Poly Pomona","no_evidence","none",TRUE,TRUE,,,,,,,
"r87406","2026-27","Cal State Bakersfield","Vanna Quintana","wbb-030502","vanna quintana","same_name_unconfirmed_transfer",,,,,,"Weber State","no_evidence","none",TRUE,TRUE,,,,,,,
"r87418","2026-27","Fresno State","Lola Donez","wbb-027367","lola donez","same_name_unconfirmed_transfer",,,,,,"California","no_evidence","none",TRUE,TRUE,,,,,,,
"r87442","2026-27","Cal State Fullerton","Juliana Aragon","wbb-031696","juliana aragon","same_name_unconfirmed_transfer",,,,,,"N.M. Highlands","no_evidence","none",TRUE,TRUE,,,,,,,
"r87474","2026-27","CSUN","Hodaya Kabada","wbb-035882","hodaya kabada","same_name_unconfirmed_transfer",,,,,,"UNLV","no_evidence","none",TRUE,TRUE,,,,,,,
"r87503","2026-27","Stanislaus St.","Serenity Henderson","wbb-034711","serenity henderson","same_name_unconfirmed_transfer",,,,,,"Franklin Pierce","no_evidence","none",TRUE,TRUE,,,,,,,
"r87610","2026-27","UCLA","Donovyn Hunter","wbb-024087","donovyn hunter","same_name_unconfirmed_transfer",,,,,,"Texas Christian","no_evidence","none",TRUE,TRUE,,,,,,,
"r87623","2026-27","UC Riverside","Amy Pateman","wbb-036764","amy pateman","same_name_unconfirmed_transfer",,,,,,"San Francisco","no_evidence","none",TRUE,TRUE,,,,,,,
"r87629","2026-27","UC Riverside","Dylan Tse","wbb-027274","dylan tse","same_name_unconfirmed_transfer",,,,,,"Cal State Bakersfield","no_evidence","none",TRUE,TRUE,,,,,,,
"r87637","2026-27","UC San Diego","Coryn Watts","wbb-027752","coryn watts","same_name_unconfirmed_transfer",,,,,,"Denver","no_evidence","none",TRUE,TRUE,,,,,,,
"r87779","2026-27","Central Florida","Candace Kpetikou","wbb-024931","candace kpetikou","same_name_unconfirmed_transfer",,,,,,"Miami","no_evidence","none",TRUE,TRUE,,,,,,,
"r87783","2026-27","Central Florida","Vittoria Blasigh","wbb-024570","vittoria blasigh","same_name_unconfirmed_transfer",,,,,,"Miami","no_evidence","none",TRUE,TRUE,,,,,,,
"r88037","2026-27","Colorado St.","Sophie Sene","wbb-015306","sophie sene","same_name_unconfirmed_transfer",,,,,,"Utah St.","no_evidence","none",TRUE,TRUE,,,,,,,
"r88043","2026-27","Colorado","Mecailin Marshall","wbb-037183","mecailin marshall","same_name_unconfirmed_transfer",,,,,,"Tulane","no_evidence","none",TRUE,TRUE,,,,,,,
"r88048","2026-27","Colorado","Anete Adler","wbb-018419","anete adler","same_name_unconfirmed_transfer",,,,,,"Boston","no_evidence","none",TRUE,TRUE,,,,,,,
"r88051","2026-27","Colorado","Aniya' Foy","wbb-035153","aniya foy","same_name_unconfirmed_transfer",,,,,,"Kansas State","no_evidence","none",TRUE,TRUE,,,,,,,
"r88069","2026-27","Columbus St.","Aijah Manning","wbb-039881","aijah manning","corroborated_blocked",,,,,,"Shorter","height_conflict","hometown",TRUE,FALSE,,,,,,,
"r88102","2026-27","Concordia Chicago","Camila Martinez","wbb-003749","camila martinez","same_name_unconfirmed_transfer",,,,,,"Keene St.","no_evidence","none",TRUE,TRUE,,,,,,,
"r88179","2026-27","Dartmouth","Magda Freire","wbb-031925","magda freire","same_name_unconfirmed_transfer",,,,,,"Queens (NC)","no_evidence","none",TRUE,TRUE,,,,,,,
"r88310","2026-27","Denver","Mallory McQuietor","wbb-025858","mallory mcquietor","same_name_unconfirmed_transfer",,,,,,"Incarnate Word","no_evidence","none",TRUE,TRUE,,,,,,,
"r88313","2026-27","Detroit Mercy","Colleena Bryant","wbb-036678","colleena bryant","same_name_unconfirmed_transfer",,,,,,"Saint Mary's (CA)","no_evidence","none",TRUE,TRUE,,,,,,,
"r88314","2026-27","Detroit Mercy","Marie Outlay","wbb-031606","marie outlay","same_name_unconfirmed_transfer",,,,,,"Roosevelt","no_evidence","none",TRUE,TRUE,,,,,,,
"r88319","2026-27","Detroit Mercy","Paula Lopez","wbb-022347","paula lopez","same_name_unconfirmed_transfer",,,,,,"Buffalo","no_evidence","none",TRUE,TRUE,,,,,,,
"r88434","2026-27","East Tennessee State","Elsa Vadfors","wbb-035201","elsa vadfors","same_name_unconfirmed_transfer",,,,,,"Kentucky","no_evidence","none",TRUE,TRUE,,,,,,,
"r88455","2026-27","Eastern Illinois","Lana Koricanac","wbb-037171","lana koricanac","same_name_unconfirmed_transfer",,,,,,"Troy","no_evidence","none",TRUE,TRUE,,,,,,,
"r88514","2026-27","Mont. St. Billings","Molly Hays","wbb-028318","molly hays","same_name_unconfirmed_transfer",,,,,,"Idaho St.","no_evidence","none",TRUE,TRUE,,,,,,,
"r88525","2026-27","Eastern N.M.","Cacia Antonio","wbb-035922","cacia antonio","same_name_unconfirmed_transfer",,,,,,"New Mexico","no_evidence","none",TRUE,TRUE,,,,,,,
"r88565","2026-27","Edinboro","Jalea Abrams","wbb-024211","jalea abrams","same_name_unconfirmed_transfer",,,,,,"Daemen","no_evidence","none",TRUE,TRUE,,,,,,,
"r88568","2026-27","Edinboro","Kylie Maxwell","wbb-025861","kylie maxwell","same_name_unconfirmed_transfer",,,,,,"Lake Erie","no_evidence","none",TRUE,TRUE,,,,,,,
"r88762","2026-27","FIU","Chloe Emanga","wbb-038415","chloe emanga","same_name_unconfirmed_transfer",,,,,,"Seattle","no_evidence","none",TRUE,TRUE,,,,,,,
"r88767","2026-27","FIU","Frode Flos van der Schans","wbb-021037","frode flos van der schans","same_name_unconfirmed_transfer",,,,,,"Chattanooga","no_evidence","none",TRUE,TRUE,,,,,,,
"r88808","2026-27","Florida","Vivian Iwuchukwu","wbb-030109","vivian iwuchukwu","same_name_unconfirmed_transfer",,,,,,"Southern Cal","no_evidence","none",TRUE,TRUE,,,,,,,
"r88824","2026-27","Fordham","Olivia Kulyk","wbb-029216","olivia kulyk","same_name_unconfirmed_transfer",,,,,,"New Jersey Institute of Technology","no_evidence","none",TRUE,TRUE,,,,,,,
"r88835","2026-27","Fort Valley St.","Ayonna Lewis","wbb-038311","ayonna lewis","same_name_unconfirmed_transfer",,,,,,"Newberry","no_evidence","none",TRUE,TRUE,,,,,,,
"r88947","2026-27","Georgia Southern","Unique Horton","wbb-027015","unique horton","same_name_unconfirmed_transfer",,,,,,"Nova Southeastern","no_evidence","none",TRUE,TRUE,,,,,,,
"r88951","2026-27","Georgia Southern","Markayla Holland","wbb-039336","markayla holland","same_name_unconfirmed_transfer",,,,,,"Nova Southeastern","no_evidence","none",TRUE,TRUE,,,,,,,
"r88973","2026-27","Georgia Tech","Sofia Muñoz","wbb-033423","sofia munoz","same_name_unconfirmed_transfer",,,,,,"UAB","no_evidence","none",TRUE,TRUE,,,,,,,
"r88975","2026-27","Georgia Tech","Penda Dieng","wbb-037687","penda dieng","same_name_unconfirmed_transfer",,,,,,"Xavier","no_evidence","none",TRUE,TRUE,,,,,,,
"r88999","2026-27","Gonzaga","Emmy Roach","wbb-029689","emmy roach","same_name_unconfirmed_transfer",,,,,,"Rider","no_evidence","none",TRUE,TRUE,,,,,,,
"r89000","2026-27","Gonzaga","Jocelyn Medina","wbb-034406","jocelyn medina","same_name_unconfirmed_transfer",,,,,,"Denver","no_evidence","none",TRUE,TRUE,,,,,,,
"r89010","2026-27","Grambling","Lalani Ellis","wbb-022805","lalani ellis","same_name_unconfirmed_transfer",,,,,,"Eastern Illinois","no_evidence","none",TRUE,TRUE,,,,,,,
"r89012","2026-27","Grambling","Madison Holden","wbb-033730","madison holden","same_name_unconfirmed_transfer",,,,,,"Bethune-Cookman","no_evidence","none",TRUE,TRUE,,,,,,,
"r89013","2026-27","Grambling","Johlana Tatum","wbb-035466","johlana tatum","same_name_unconfirmed_transfer",,,,,,"Manhattan","no_evidence","none",TRUE,TRUE,,,,,,,
"r89016","2026-27","Grambling","Angel Wilkinson","wbb-035075","angel wilkinson","same_name_unconfirmed_transfer",,,,,,"Jackson St.","no_evidence","none",TRUE,TRUE,,,,,,,
"r89021","2026-27","Grambling","Sophia Goncalves","wbb-025027","sophia goncalves","same_name_unconfirmed_transfer",,,,,,"Wichita State","no_evidence","none",TRUE,TRUE,,,,,,,
"r89026","2026-27","Grand Valley St.","Gwen Jenkins","wbb-031876","gwen jenkins","same_name_unconfirmed_transfer",,,,,,"USC Upstate","no_evidence","none",TRUE,TRUE,,,,,,,
"r89130","2026-27","Heidelberg","Lauren Jacobs","wbb-035739","lauren jacobs","same_name_unconfirmed_transfer",,,,,,"Mississippi","no_evidence","none",TRUE,TRUE,,,,,,,
"r89178","2026-27","Hollins","Leila Carter","wbb-028794","leila carter","same_name_unconfirmed_transfer",,,,,,"Mary Washington","no_evidence","none",TRUE,TRUE,,,,,,,
"r89215","2026-27","Howard","Kearra Jones","wbb-029023","kearra jones","same_name_unconfirmed_transfer",,,,,,"Southeast Missouri State","no_evidence","none",TRUE,TRUE,,,,,,,
"r89235","2026-27","Cal Poly Humboldt","Gabby Brooks","wbb-024892","gabby brooks","same_name_unconfirmed_transfer",,,,,,"Kentucky","no_evidence","none",TRUE,TRUE,,,,,,,
"r89239","2026-27","Idaho St.","Bojana Radnjic","wbb-027337","bojana radnjic","same_name_unconfirmed_transfer",,,,,,"UC Santa Barbara","no_evidence","none",TRUE,TRUE,,,,,,,
"r89252","2026-27","Idaho St.","Lilly Parke","wbb-019950","lilly parke","same_name_unconfirmed_transfer",,,,,,"Fairleigh Dickinson","no_evidence","none",TRUE,TRUE,,,,,,,
"r89351","2026-27","Illinois-Chicago","Lyla Kahrimanovic","wbb-028851","lyla kahrimanovic","same_name_unconfirmed_transfer",,,,,,"McNeese State","no_evidence","none",TRUE,TRUE,,,,,,,
"r89361","2026-27","Illinois-Chicago","Salma Khedr","wbb-030555","salma khedr","same_name_unconfirmed_transfer",,,,,,"Western Ky.","no_evidence","none",TRUE,TRUE,,,,,,,
"r89383","2026-27","Indiana State","Karsen Marshall","wbb-027317","karsen marshall","same_name_unconfirmed_transfer",,,,,,"CSUN","no_evidence","none",TRUE,TRUE,,,,,,,
"r89420","2026-27","Indiana (PA)","Channing Warren","wbb-027094","channing warren","same_name_unconfirmed_transfer",,,,,,"Furman","no_evidence","none",TRUE,TRUE,,,,,,,
"r89430","2026-27","Purdue-Fort Wayne","Madison Lewis","wbb-034486","madison lewis","same_name_unconfirmed_transfer",,,,,,"Eastern Kentucky","no_evidence","none",TRUE,TRUE,,,,,,,
"r89436","2026-27","UIndy","Andjela Colic","wbb-032529","andjela colic","same_name_unconfirmed_transfer",,,,,,"Utah Tech","no_evidence","none",TRUE,TRUE,,,,,,,
"r89439","2026-27","UIndy","Aalayah Wilson","wbb-026557","aalayah wilson","same_name_unconfirmed_transfer",,,,,,"Lindenwood (MO)","no_evidence","none",TRUE,TRUE,,,,,,,
"r89478","2026-27","Iowa","Jocelyn Faison","wbb-034779","jocelyn faison","same_name_unconfirmed_transfer",,,,,,"Georgia","no_evidence","none",TRUE,TRUE,,,,,,,
"r89514","2026-27","Jackson St.","Selina Gutierrez","wbb-035791","selina gutierrez","same_name_unconfirmed_transfer",,,,,,"Morgan St.","no_evidence","none",TRUE,TRUE,,,,,,,
"r89515","2026-27","Jackson St.","Shamya Reid","wbb-033410","shamya reid","same_name_unconfirmed_transfer",,,,,,"Alabama State","no_evidence","none",TRUE,TRUE,,,,,,,
"r89590","2026-27","Johnson C. Smith","Nevaeh Colon","wbb-027963","nevaeh colon","same_name_unconfirmed_transfer",,,,,,"Fayetteville St.","no_evidence","none",TRUE,TRUE,,,,,,,
"r89634","2026-27","Kansas State","Téa Cléante","wbb-036292","tea cleante","same_name_unconfirmed_transfer",,,,,,"Penn State","no_evidence","none",TRUE,TRUE,,,,,,,
"r89640","2026-27","Kansas","Mykayla Cunningham","wbb-026551","mykayla cunningham","same_name_unconfirmed_transfer",,,,,,"Southern","no_evidence","none",TRUE,TRUE,,,,,,,
"r89669","2026-27","Kentucky St.","Mikiya House","wbb-038930","mikiya house","same_name_unconfirmed_transfer",,,,,,"Missouri Western","no_evidence","none",TRUE,TRUE,,,,,,,
"r89694","2026-27","Kentucky","Jemma Amoore","wbb-027323","jemma amoore","same_name_unconfirmed_transfer",,,,,,"IUPUI","no_evidence","none",TRUE,TRUE,,,,,,,
"r89855","2026-27","LeMoyne-Owen","Serena Lee","wbb-017748","serena lee","same_name_unconfirmed_transfer",,,,,,"Memphis","no_evidence","none",TRUE,TRUE,,,,,,,
"r90021","2026-27","Loyola Marymount","Erica Finney","wbb-035013","erica finney","same_name_unconfirmed_transfer",,,,,,"Illinois","no_evidence","none",TRUE,TRUE,,,,,,,
"r90028","2026-27","Loyola-Chicago","MD Ntambue","wbb-037294","md ntambue","same_name_unconfirmed_transfer",,,,,,"Villanova","no_evidence","none",TRUE,TRUE,,,,,,,
"r90031","2026-27","Loyola-Chicago","Mireia Jurado","wbb-033541","mireia jurado","same_name_unconfirmed_transfer",,,,,,"Arizona","no_evidence","none",TRUE,TRUE,,,,,,,
"r90036","2026-27","Loyola-Chicago","Vasiliki Cholopoulou","wbb-034266","vasiliki cholopoulou","same_name_unconfirmed_transfer",,,,,,"Columbia","no_evidence","none",TRUE,TRUE,,,,,,,
"r90135","2026-27","Mansfield","Mia Walker","wbb-021251","mia walker","same_name_unconfirmed_transfer",,,,,,"Wooster","no_evidence","none",TRUE,TRUE,,,,,,,
"r90163","2026-27","Marquette","Yu Han Lin","wbb-035661","yu han lin","same_name_unconfirmed_transfer",,,,,,"Middle Tennessee","no_evidence","none",TRUE,TRUE,,,,,,,
"r90169","2026-27","Marquette","Kayl Petersen","wbb-030423","kayl petersen","same_name_unconfirmed_transfer",,,,,,"Virginia Tech","no_evidence","none",TRUE,TRUE,,,,,,,
"r90187","2026-27","Mary Baldwin","Kaylan Logan Bouknight","wbb-032032","kaylan logan bouknight","same_name_unconfirmed_transfer",,,,,,"William Peace","no_evidence","none",TRUE,TRUE,,,,,,,
"r90263","2026-27","Marymount (VA)","Chloe Booth","wbb-039006","chloe booth","same_name_unconfirmed_transfer",,,,,,"Chatham","no_evidence","none",TRUE,TRUE,,,,,,,
"r90322","2026-27","Massachusetts","Alba Caballero","wbb-033641","alba caballero","same_name_unconfirmed_transfer",,,,,,"Ball State","no_evidence","none",TRUE,TRUE,,,,,,,
"r90333","2026-27","McNeese State","Josefine Enander","wbb-035786","josefine enander","same_name_unconfirmed_transfer",,,,,,"Morehead State","no_evidence","none",TRUE,TRUE,,,,,,,
"r90336","2026-27","McNeese State","Mariam Coulibaly","wbb-027123","mariam coulibaly","same_name_unconfirmed_transfer",,,,,,"Bradley","no_evidence","none",TRUE,TRUE,,,,,,,
"r90368","2026-27","Menlo","Lucy Larson","wbb-031325","lucy larson","same_name_unconfirmed_transfer",,,,,,"Seattle","no_evidence","none",TRUE,TRUE,,,,,,,
"r90400","2026-27","Mercy","Laeticia Hardy","wbb-028664","laeticia hardy","same_name_unconfirmed_transfer",,,,,,"Long Island","no_evidence","none",TRUE,TRUE,,,,,,,
"r90409","2026-27","Mercyhurst","Maya Aguilar","wbb-026516","maya aguilar","same_name_unconfirmed_transfer",,,,,,"Minot St.","no_evidence","none",TRUE,TRUE,,,,,,,
"r90436","2026-27","Merrimack","Olivia Vick","wbb-024795","olivia vick","same_name_unconfirmed_transfer",,,,,,"Trinity (CT)","no_evidence","none",TRUE,TRUE,,,,,,,
"r90437","2026-27","Merrimack","Naomi Wilson","wbb-037564","naomi wilson","same_name_unconfirmed_transfer",,,,,,"Winthrop","no_evidence","none",TRUE,TRUE,,,,,,,
"r90439","2026-27","Merrimack","Emma Dibarboure","wbb-037468","emma dibarboure","same_name_unconfirmed_transfer",,,,,,"Western Michigan","no_evidence","none",TRUE,TRUE,,,,,,,
"r90442","2026-27","Merrimack","Jamie Kent","wbb-029496","jamie kent","same_name_unconfirmed_transfer",,,,,,"New Hampshire","no_evidence","none",TRUE,TRUE,,,,,,,
"r90449","2026-27","Methodist","Jamirica Everhardt","wbb-028162","jamirica everhardt","same_name_unconfirmed_transfer",,,,,,"Greensboro","no_evidence","none",TRUE,TRUE,,,,,,,
"r90501","2026-27","Miami","Dayana Mendes","wbb-030481","dayana mendes","same_name_unconfirmed_transfer",,,,,,"Southern Cal","no_evidence","none",TRUE,TRUE,,,,,,,
"r90560","2026-27","Middle Tennessee","Elisa Mehyar","wbb-029465","elisa mehyar","same_name_unconfirmed_transfer",,,,,,"Oregon State","no_evidence","none",TRUE,TRUE,,,,,,,
"r90664","2026-27","Mississippi College","Jakeria Hawkins","wbb-039057","jakeria hawkins","same_name_unconfirmed_transfer",,,,,,"West Florida","no_evidence","none",TRUE,TRUE,,,,,,,
"r90688","2026-27","MUW","Madison O'Dell","wbb-024286","madison o dell","same_name_unconfirmed_transfer",,,,,,"Robert Morris","no_evidence","none",TRUE,TRUE,,,,,,,
"r90692","2026-27","MUW","Cora Causey","wbb-034397","cora causey","same_name_unconfirmed_transfer",,,,,,"Delta St.","no_evidence","none",TRUE,TRUE,,,,,,,
"r90706","2026-27","Mississippi Valley State","Mariah Reed-Jones","wbb-035073","mariah reed jones","same_name_unconfirmed_transfer",,,,,,"Jackson St.","no_evidence","none",TRUE,TRUE,,,,,,,
"r90709","2026-27","Mississippi Valley State","Jamie Hunter","wbb-036571","jamie hunter","same_name_unconfirmed_transfer",,,,,,"Rose-Hulman","no_evidence","none",TRUE,TRUE,,,,,,,
"r90715","2026-27","Mississippi Valley State","Bryana Block","wbb-017944","bryana block","same_name_unconfirmed_transfer",,,,,,"Sam Houston State","no_evidence","none",TRUE,TRUE,,,,,,,
"r90817","2026-27","Montana State","Braeden Gunlock","wbb-033800","braeden gunlock","same_name_unconfirmed_transfer",,,,,,"Brigham Young","no_evidence","none",TRUE,TRUE,,,,,,,
"r90919","2026-27","UNC Asheville","Tristan Stoutermire","wbb-040086","tristan stoutermire","same_name_unconfirmed_transfer",,,,,,"Purdue Northwest","no_evidence","none",TRUE,TRUE,,,,,,,
"r90969","2026-27","UNCW","Loghan Johnson","wbb-024741","loghan johnson","same_name_unconfirmed_transfer",,,,,,"West Virginia","no_evidence","none",TRUE,TRUE,,,,,,,
"r91001","2026-27","Neb. Wesleyan","Jessica Black","wbb-038462","jessica black","same_name_unconfirmed_transfer",,,,,,"Wayne St. (NE)","no_evidence","none",TRUE,TRUE,,,,,,,
"r91005","2026-27","Nebraska","Arek Angui","wbb-027495","arek angui","same_name_unconfirmed_transfer",,,,,,"Auburn","no_evidence","none",TRUE,TRUE,,,,,,,
"r91009","2026-27","Nebraska","Edessa Noyan","wbb-024906","edessa noyan","same_name_unconfirmed_transfer",,,,,,"Indiana","no_evidence","none",TRUE,TRUE,,,,,,,
"r91107","2026-27","New Haven","Carla Ramirez","wbb-037818","carla ramirez","same_name_unconfirmed_transfer",,,,,,"Central Arkansas","no_evidence","none",TRUE,TRUE,,,,,,,
"r91110","2026-27","New Haven","Claudia Lazaro-Carrasco","wbb-036516","claudia lazaro carrasco","same_name_unconfirmed_transfer",,,,,,"Rider","no_evidence","none",TRUE,TRUE,,,,,,,
"r91123","2026-27","New Jersey Institute of Technology","Matilde Baron","wbb-020578","matilde baron","same_name_unconfirmed_transfer",,,,,,"Southern N.H.","no_evidence","none",TRUE,TRUE,,,,,,,
"r91127","2026-27","New Mexico State","Jana Vesic","wbb-038416","jana vesic","same_name_unconfirmed_transfer",,,,,,"Seattle","no_evidence","none",TRUE,TRUE,,,,,,,
"r91130","2026-27","New Mexico State","Talia Kavoka","wbb-037104","talia kavoka","same_name_unconfirmed_transfer",,,,,,"Texas A&M","no_evidence","none",TRUE,TRUE,,,,,,,
"r91132","2026-27","New Mexico State","Eva Agba","wbb-036498","eva agba","same_name_unconfirmed_transfer",,,,,,"Rhode Island","no_evidence","none",TRUE,TRUE,,,,,,,
"r91136","2026-27","New Mexico State","Aimée Michel","wbb-036496","aimee michel","same_name_unconfirmed_transfer",,,,,,"Rhode Island","no_evidence","none",TRUE,TRUE,,,,,,,
"r91137","2026-27","New Mexico State","Lilyana Fontcha","wbb-036495","lilyana fontcha","same_name_unconfirmed_transfer",,,,,,"Rhode Island","no_evidence","none",TRUE,TRUE,,,,,,,
"r91139","2026-27","New Mexico State","Raina Tomasicka","wbb-030086","raina tomasicka","same_name_unconfirmed_transfer",,,,,,"South Florida","no_evidence","none",TRUE,TRUE,,,,,,,
"r91173","2026-27","Niagara","Violeta Rojas","wbb-033639","violeta rojas","same_name_unconfirmed_transfer",,,,,,"Ball State","no_evidence","none",TRUE,TRUE,,,,,,,
"r91240","2026-27","North Carolina Central","Eboni Clay","wbb-040111","eboni clay","same_name_unconfirmed_transfer",,,,,,"Allen","no_evidence","none",TRUE,TRUE,,,,,,,
"r91364","2026-27","Truman State","Sarah Helm","wbb-035327","sarah helm","same_name_unconfirmed_transfer",,,,,,"Lewis","no_evidence","none",TRUE,TRUE,,,,,,,
"r91378","2026-27","Northeastern","Anja Bukvic","wbb-020282","anja bukvic","same_name_unconfirmed_transfer",,,,,,"Idaho","no_evidence","none",TRUE,TRUE,,,,,,,
"r91385","2026-27","Northeastern","Summer Bostock","wbb-023553","summer bostock","same_name_unconfirmed_transfer",,,,,,"Houston","no_evidence","none",TRUE,TRUE,,,,,,,
"r91397","2026-27","Northern Arizona","Tianna Knighton","wbb-032248","tianna knighton","same_name_unconfirmed_transfer",,,,,,"Texas-Tyler","no_evidence","none",TRUE,TRUE,,,,,,,
"r91407","2026-27","Northern Colorado","Mia Galbraith","wbb-024049","mia galbraith","same_name_unconfirmed_transfer",,,,,,"Texas State","no_evidence","none",TRUE,TRUE,,,,,,,
"r91468","2026-27","Northern Michigan","Raegan Krueger","wbb-035700","raegan krueger","same_name_unconfirmed_transfer",,,,,,"Minn. Duluth","no_evidence","none",TRUE,TRUE,,,,,,,
"r91487","2026-27","Northwestern State","India McMahon","wbb-035972","india mcmahon","same_name_unconfirmed_transfer",,,,,,"Nicholls State","no_evidence","none",TRUE,TRUE,,,,,,,
"r91489","2026-27","Northwestern State","Yaly Ben Harush","wbb-023896","yaly ben harush","same_name_unconfirmed_transfer",,,,,,"New Orleans","no_evidence","none",TRUE,TRUE,,,,,,,
"r91601","2026-27","Oklahoma State","Ellie Brueggemann","wbb-026555","ellie brueggemann","same_name_unconfirmed_transfer",,,,,,"Lindenwood (MO)","no_evidence","none",TRUE,TRUE,,,,,,,
"r91602","2026-27","Oklahoma State","Yuting Deng","wbb-026936","yuting deng","same_name_unconfirmed_transfer",,,,,,"Baylor","no_evidence","none",TRUE,TRUE,,,,,,,
"r91603","2026-27","Oklahoma State","Nene Ndiaye","wbb-022276","nene ndiaye","same_name_unconfirmed_transfer",,,,,,"Rutgers","no_evidence","none",TRUE,TRUE,,,,,,,
"r91605","2026-27","Oklahoma State","Zoe Canfield","wbb-028482","zoe canfield","same_name_unconfirmed_transfer",,,,,,"Missouri St.","no_evidence","none",TRUE,TRUE,,,,,,,
"r91606","2026-27","Oklahoma State","Talexa Weeter","wbb-026018","talexa weeter","same_name_unconfirmed_transfer",,,,,,"Fort Hays St.","no_evidence","none",TRUE,TRUE,,,,,,,
"r91635","2026-27","Old Dominion","Shadasia Brackens","wbb-023976","shadasia brackens","same_name_unconfirmed_transfer",,,,,,"Tarleton St.","no_evidence","none",TRUE,TRUE,,,,,,,
"r91707","2026-27","Pace","Syniya Barton","wbb-034928","syniya barton","same_name_unconfirmed_transfer",,,,,,"Hofstra","no_evidence","none",TRUE,TRUE,,,,,,,
"r91729","2026-27","Pacific","Yana Karamfilova","wbb-030085","yana karamfilova","same_name_unconfirmed_transfer",,,,,,"South Florida","no_evidence","none",TRUE,TRUE,,,,,,,
"r91764","2026-27","Penn State","Petra Božan","wbb-029174","petra bozan","same_name_unconfirmed_transfer",,,,,,"Nebraska","no_evidence","none",TRUE,TRUE,,,,,,,
"r91767","2026-27","Penn State","Irene García","wbb-028539","irene garcia","same_name_unconfirmed_transfer",,,,,,"LaSalle","no_evidence","none",TRUE,TRUE,,,,,,,
"r91779","2026-27","Pennsylvania","Candice Lienafa","wbb-027691","candice lienafa","same_name_unconfirmed_transfer",,,,,,"Davidson","no_evidence","none",TRUE,TRUE,,,,,,,
"r91809","2026-27","Pfeiffer","Kairah Dixon-Booker","wbb-030862","kairah dixon booker","same_name_unconfirmed_transfer",,,,,,"Catawba","no_evidence","none",TRUE,TRUE,,,,,,,
"r91942","2026-27","Queens (NY)","Kwashanti Holmes","wbb-012148","kwashanti holmes","same_name_unconfirmed_transfer",,,,,,"Keystone","no_evidence","none",TRUE,TRUE,,,,,,,
"r91944","2026-27","Queens (NY)","Jayla Cook","wbb-031211","jayla cook","corroborated_blocked",,,,,,"North Greenville","failed_year_progression","hometown",FALSE,TRUE,,,,,,,
"r91947","2026-27","Queens (NY)","Faith Greene","wbb-028047","faith greene","corroborated_blocked",,,,,,"Framingham St.","failed_year_progression","hometown",FALSE,TRUE,,,,,,,
"r91970","2026-27","Quinnipiac","Lilly Thomas","wbb-038928","lilly thomas","same_name_unconfirmed_transfer",,,,,,"Mo. Southern St.","no_evidence","none",TRUE,TRUE,,,,,,,
"r91972","2026-27","Quinnipiac","Kayla Hopson","wbb-027313","kayla hopson","same_name_unconfirmed_transfer",,,,,,"CSUN","no_evidence","none",TRUE,TRUE,,,,,,,
"r92028","2026-27","Randolph","Erica Rodriguez","wbb-018875","erica rodriguez","same_name_unconfirmed_transfer",,,,,,"Huntingdon","no_evidence","none",TRUE,TRUE,,,,,,,
"r92063","2026-27","Rhode Island","Mia Fiore","wbb-028905","mia fiore","same_name_unconfirmed_transfer",,,,,,"Merrimack","no_evidence","none",TRUE,TRUE,,,,,,,
"r92066","2026-27","Rhode Island","Anaïs Levasseur","wbb-033467","anais levasseur","same_name_unconfirmed_transfer",,,,,,"Albany","no_evidence","none",TRUE,TRUE,,,,,,,
"r92069","2026-27","Rhode Island","Martina Borrellas","wbb-026818","martina borrellas","same_name_unconfirmed_transfer",,,,,,"Albany","no_evidence","none",TRUE,TRUE,,,,,,,
"r92075","2026-27","Rhode Island","Queen Ikhiuwu","wbb-024809","queen ikhiuwu","same_name_unconfirmed_transfer",,,,,,"Wofford","no_evidence","none",TRUE,TRUE,,,,,,,
"r92102","2026-27","Richmond","Harriet Ford","wbb-029175","harriet ford","same_name_unconfirmed_transfer",,,,,,"Duquesne","no_evidence","none",TRUE,TRUE,,,,,,,
"r92166","2026-27","Robert Morris","Maeva Fotsa","wbb-028107","maeva fotsa","same_name_unconfirmed_transfer",,,,,,"Austin Peay","no_evidence","none",TRUE,TRUE,,,,,,,
"r92308","2026-27","St. Cloud St.","Tieryn Plasch","wbb-022222","tieryn plasch","same_name_unconfirmed_transfer",,,,,,"Bemidji St.","no_evidence","none",TRUE,TRUE,,,,,,,
"r92417","2026-27","Saint Mary's (CA)","Lihi Azouri","wbb-036911","lihi azouri","same_name_unconfirmed_transfer",,,,,,"Southeastern Louisiana","no_evidence","none",TRUE,TRUE,,,,,,,
"r92432","2026-27","Saint Michael's","Hijjah Allen-Paisley","wbb-034706","hijjah allen paisley","same_name_unconfirmed_transfer",,,,,,"Franklin Pierce","no_evidence","none",TRUE,TRUE,,,,,,,
"r92503","2026-27","Sam Houston State","Mar'Cyah Willis","wbb-031345","mar cyah willis","same_name_unconfirmed_transfer",,,,,,"Tarleton St.","no_evidence","none",TRUE,TRUE,,,,,,,
"r92507","2026-27","Sam Houston State","Kylah McCullers","wbb-029019","kylah mccullers","same_name_unconfirmed_transfer",,,,,,"Mississippi Valley State","no_evidence","none",TRUE,TRUE,,,,,,,
"r92541","2026-27","San Diego State","Nayli Padilla","wbb-029225","nayli padilla","same_name_unconfirmed_transfer",,,,,,"New Mexico","no_evidence","none",TRUE,TRUE,,,,,,,
"r92571","2026-27","San Francisco","Jayda Queeley","wbb-036323","jayda queeley","same_name_unconfirmed_transfer",,,,,,"Pittsburgh","no_evidence","none",TRUE,TRUE,,,,,,,
"r92580","2026-27","San Francisco","Lucia Yenes","wbb-018339","lucia yenes","same_name_unconfirmed_transfer",,,,,,"New Mexico State","no_evidence","none",TRUE,TRUE,,,,,,,
"r92582","2026-27","San Jose State","Kayla Lorenz","wbb-029502","kayla lorenz","same_name_unconfirmed_transfer",,,,,,"UT-Rio Grande Valley","no_evidence","none",TRUE,TRUE,,,,,,,
"r92587","2026-27","San Jose State","Cristina Sánchez Cerqueira","wbb-022117","cristina sanchez cerqueira","same_name_unconfirmed_transfer",,,,,,"Arkansas","no_evidence","none",TRUE,TRUE,,,,,,,
"r92591","2026-27","San Jose State","Isa Hämäläinen","wbb-034259","isa hamalainen","same_name_unconfirmed_transfer",,,,,,"Colorado","no_evidence","none",TRUE,TRUE,,,,,,,
"r92593","2026-27","San Jose State","Sydnie Rodriguez","wbb-031326","sydnie rodriguez","same_name_unconfirmed_transfer",,,,,,"Seattle","no_evidence","none",TRUE,TRUE,,,,,,,
"r92605","2026-27","Santa Clara","Emma Najjuma","wbb-035925","emma najjuma","same_name_unconfirmed_transfer",,,,,,"New Mexico","no_evidence","none",TRUE,TRUE,,,,,,,
"r92608","2026-27","Santa Clara","Joana Magalhaes","wbb-029226","joana magalhaes","same_name_unconfirmed_transfer",,,,,,"New Mexico","no_evidence","none",TRUE,TRUE,,,,,,,
"r92683","2026-27","Shippensburg","Ava Byrne","wbb-032081","ava byrne","same_name_unconfirmed_transfer",,,,,,"Lynn","no_evidence","none",TRUE,TRUE,,,,,,,
"r92712","2026-27","Simpson","Alyssa Goode","wbb-040072","alyssa goode","same_name_unconfirmed_transfer",,,,,,"Biola","no_evidence","none",TRUE,TRUE,,,,,,,
"r92746","2026-27","South Alabama","CJ Wilson","wbb-029585","cj wilson","same_name_unconfirmed_transfer",,,,,,"Prairie View A&M","no_evidence","none",TRUE,TRUE,,,,,,,
"r92752","2026-27","South Carolina St.","Morgan Cochran","wbb-022242","morgan cochran","same_name_unconfirmed_transfer",,,,,,"Bethany (WV)","no_evidence","none",TRUE,TRUE,,,,,,,
"r92754","2026-27","South Carolina St.","Trinity Butler","wbb-017023","trinity butler","same_name_unconfirmed_transfer",,,,,,"Queens (NC)","no_evidence","none",TRUE,TRUE,,,,,,,
"r92762","2026-27","South Carolina St.","Adena Webster","wbb-030225","adena webster","same_name_unconfirmed_transfer",,,,,,"Monmouth","no_evidence","none",TRUE,TRUE,,,,,,,
"r92839","2026-27","Southeast Missouri State","Carrington Jones","wbb-032505","carrington jones","same_name_unconfirmed_transfer",,,,,,"AUM","no_evidence","none",TRUE,TRUE,,,,,,,
"r92847","2026-27","Southeast Missouri State","Yar Manyiel","wbb-035234","yar manyiel","same_name_unconfirmed_transfer",,,,,,"LaSalle","no_evidence","none",TRUE,TRUE,,,,,,,
"r92867","2026-27","Southern Cal","Pania Davis","wbb-034677","pania davis","same_name_unconfirmed_transfer",,,,,,"Florida St","no_evidence","none",TRUE,TRUE,,,,,,,
"r92881","2026-27","Southern Ill.","Fredriecka Wallace","wbb-033537","fredriecka wallace","same_name_unconfirmed_transfer",,,,,,"Arizona","no_evidence","none",TRUE,TRUE,,,,,,,
"r92891","2026-27","SIUE","Pryelle Kesse-Beda","wbb-031591","pryelle kesse beda","same_name_unconfirmed_transfer",,,,,,"Thomas (ME)","no_evidence","none",TRUE,TRUE,,,,,,,
"r92929","2026-27","Southern Methodist","Grace Ezebilo","wbb-037856","grace ezebilo","same_name_unconfirmed_transfer",,,,,,"College of Charleston","no_evidence","none",TRUE,TRUE,,,,,,,
"r92978","2026-27","Texas State","Sofia Ceppellotti","wbb-029275","sofia ceppellotti","same_name_unconfirmed_transfer",,,,,,"North Alabama","no_evidence","none",TRUE,TRUE,,,,,,,
"r92983","2026-27","Texas State","Lucija Milkovic","wbb-023729","lucija milkovic","same_name_unconfirmed_transfer",,,,,,"Seattle","no_evidence","none",TRUE,TRUE,,,,,,,
"r92985","2026-27","Texas State","Makenna Shaffer-Lauer","wbb-037384","makenna shaffer lauer","same_name_unconfirmed_transfer",,,,,,"Weber State","no_evidence","none",TRUE,TRUE,,,,,,,
"r93035","2026-27","Stetson","Sofia Moschen","wbb-033772","sofia moschen","same_name_unconfirmed_transfer",,,,,,"Bowling Green","no_evidence","none",TRUE,TRUE,,,,,,,
"r93074","2026-27","Syracuse","Jaleesa Molina","wbb-024709","jaleesa molina","same_name_unconfirmed_transfer",,,,,,"Temple","no_evidence","none",TRUE,TRUE,,,,,,,
"r93112","2026-27","Tennessee St.","Nandinkhusel Nyamjav","wbb-034663","nandinkhusel nyamjav","same_name_unconfirmed_transfer",,,,,,"Florida Tech","no_evidence","none",TRUE,TRUE,,,,,,,
"r93174","2026-27","UT Martin","Chloe Chard Peloquin","wbb-018150","chloe chard peloquin","same_name_unconfirmed_transfer",,,,,,"Wright St.","no_evidence","none",TRUE,TRUE,,,,,,,
"r93222","2026-27","Texas Tech","Jalayah Ingram","wbb-036279","jalayah ingram","same_name_unconfirmed_transfer",,,,,,"UT-Rio Grande Valley","no_evidence","none",TRUE,TRUE,,,,,,,
"r93235","2026-27","Texas Woman's","Alexis Rynders","wbb-038439","alexis rynders","same_name_unconfirmed_transfer",,,,,,"Tarleton St.","no_evidence","none",TRUE,TRUE,,,,,,,
"r93251","2026-27","Texas-Arlington","Chelsea Bishop","wbb-027839","chelsea bishop","same_name_unconfirmed_transfer",,,,,,"Eastern Michigan","no_evidence","none",TRUE,TRUE,,,,,,,
"r93253","2026-27","Texas-Arlington","Jalyn Brown","wbb-017855","jalyn brown","same_name_unconfirmed_transfer",,,,,,"Michigan State","no_evidence","none",TRUE,TRUE,,,,,,,
"r93319","2026-27","Toledo","Natiah Nelson","wbb-027712","natiah nelson","same_name_unconfirmed_transfer",,,,,,"DePaul","no_evidence","none",TRUE,TRUE,,,,,,,
"r93431","2026-27","Tulsa","McKenzie Jones","wbb-016608","mckenzie jones","same_name_unconfirmed_transfer",,,,,,"Ouachita Baptist","no_evidence","none",TRUE,TRUE,,,,,,,
"r93435","2026-27","Tuskegee","Joirdyn Smith","wbb-034199","joirdyn smith","same_name_unconfirmed_transfer",,,,,,"Clark Atlanta","no_evidence","none",TRUE,TRUE,,,,,,,
"r93530","2026-27","Utah","Olivia Bradley","wbb-022431","olivia bradley","same_name_unconfirmed_transfer",,,,,,"UC Santa Barbara","no_evidence","none",TRUE,TRUE,,,,,,,
"r93531","2026-27","Utah","Filipa Barros","wbb-017655","filipa barros","same_name_unconfirmed_transfer",,,,,,"California Baptist","no_evidence","none",TRUE,TRUE,,,,,,,
"r93533","2026-27","Utah","Laia Conesa","wbb-023290","laia conesa","same_name_unconfirmed_transfer",,,,,,"Kansas","no_evidence","none",TRUE,TRUE,,,,,,,
"r93546","2026-27","Valdosta St.","Monna Julkunen","wbb-028125","monna julkunen","same_name_unconfirmed_transfer",,,,,,"Georgia State","no_evidence","none",TRUE,TRUE,,,,,,,
"r93592","2026-27","Vermont","Arantxa Portalez","wbb-022713","arantxa portalez","same_name_unconfirmed_transfer",,,,,,"Delaware","no_evidence","none",TRUE,TRUE,,,,,,,
"r93644","2026-27","Virginia State","Raigan McCalla","wbb-035044","raigan mccalla","same_name_unconfirmed_transfer",,,,,,"Indiana (PA)","no_evidence","none",TRUE,TRUE,,,,,,,
"r93674","2026-27","Wagner","Janna Dauer","wbb-023711","janna dauer","same_name_unconfirmed_transfer",,,,,,"Mississippi Valley State","no_evidence","none",TRUE,TRUE,,,,,,,
"r93780","2026-27","Wayne St. (MI)","Halen McLaughlin","wbb-035259","halen mclaughlin","same_name_unconfirmed_transfer",,,,,,"Lake Superior St.","no_evidence","none",TRUE,TRUE,,,,,,,
"r93786","2026-27","Wayne St. (MI)","Rayven McQueen","wbb-034414","rayven mcqueen","same_name_unconfirmed_transfer",,,,,,"Detroit Mercy","no_evidence","none",TRUE,TRUE,,,,,,,
"r93791","2026-27","Wayne St. (MI)","Kylee Fears","wbb-023622","kylee fears","same_name_unconfirmed_transfer",,,,,,"Merrimack","no_evidence","none",TRUE,TRUE,,,,,,,
"r93793","2026-27","Weber State","Siena Guttadauro","wbb-018604","siena guttadauro","same_name_unconfirmed_transfer",,,,,,"UT-San Antonio","no_evidence","none",TRUE,TRUE,,,,,,,
"r93795","2026-27","Weber State","Draya Wacker","wbb-018271","draya wacker","same_name_unconfirmed_transfer",,,,,,"Montana","no_evidence","none",TRUE,TRUE,,,,,,,
"r93802","2026-27","Weber State","Favour Onoh","wbb-036176","favour onoh","same_name_unconfirmed_transfer",,,,,,"Oklahoma State","no_evidence","none",TRUE,TRUE,,,,,,,
"r93803","2026-27","Weber State","Adria Lincoln","wbb-023757","adria lincoln","same_name_unconfirmed_transfer",,,,,,"Montana","no_evidence","none",TRUE,TRUE,,,,,,,
"r93811","2026-27","Webster","Gabby Douglass","wbb-039306","gabby douglass","same_name_unconfirmed_transfer",,,,,,"Spalding","no_evidence","none",TRUE,TRUE,,,,,,,
"r93864","2026-27","West Georgia","Ongolea Afu","wbb-035880","ongolea afu","same_name_unconfirmed_transfer",,,,,,"UNLV","no_evidence","none",TRUE,TRUE,,,,,,,
"r93872","2026-27","West Texas A&M","Ella Brown","wbb-038085","ella brown","same_name_unconfirmed_transfer",,,,,,"Holy Family","no_evidence","none",TRUE,TRUE,,,,,,,
"r93874","2026-27","West Texas A&M","Mylasia Smith","wbb-031344","mylasia smith","same_name_unconfirmed_transfer",,,,,,"Tarleton St.","no_evidence","none",TRUE,TRUE,,,,,,,
"r93889","2026-27","West Virginia","Marya Hudgins","wbb-021592","marya hudgins","same_name_unconfirmed_transfer",,,,,,"Brigham Young","no_evidence","none",TRUE,TRUE,,,,,,,
"r93968","2026-27","Wichita State","Clara Koulibaly","wbb-033574","clara koulibaly","same_name_unconfirmed_transfer",,,,,,"Auburn","no_evidence","none",TRUE,TRUE,,,,,,,
"r94024","2026-27","Winston-Salem","Makyiah Ward","wbb-036631","makyiah ward","same_name_unconfirmed_transfer",,,,,,"Saint Francis (PA)","no_evidence","none",TRUE,TRUE,,,,,,,
"r94057","2026-27","Green Bay","Elisa Mevius","wbb-020915","elisa mevius","same_name_unconfirmed_transfer",,,,,,"Oregon","no_evidence","none",TRUE,TRUE,,,,,,,
"r94200","2026-27","Wright St.","Jayden Terry","wbb-035396","jayden terry","same_name_unconfirmed_transfer",,,,,,"Louisiana Tech","no_evidence","none",TRUE,TRUE,,,,,,,
"r94205","2026-27","Wright St.","Megan Campbell","wbb-031369","megan campbell","same_name_unconfirmed_transfer",,,,,,"Tiffin","no_evidence","none",TRUE,TRUE,,,,,,,
"r94209","2026-27","Wright St.","Allie Daniels","wbb-038979","allie daniels","same_name_unconfirmed_transfer",,,,,,"West Virginia Wesleyan","no_evidence","none",TRUE,TRUE,,,,,,,
"r94210","2026-27","Wyoming","Ophelia Powell","wbb-033901","ophelia powell","same_name_unconfirmed_transfer",,,,,,"Cal State Bakersfield","no_evidence","none",TRUE,TRUE,,,,,,,
"r94235","2026-27","Xavier","Hila Karsh","wbb-036402","hila karsh","same_name_unconfirmed_transfer",,,,,,"Purdue","no_evidence","none",TRUE,TRUE,,,,,,,
"r94251","2026-27","Yale","Maddie Smith","wbb-034917","maddie smith","same_name_unconfirmed_transfer",,,,,,"Hillsdale","no_evidence","none",TRUE,TRUE,,,,,,,
"r94254","2026-27","Yale","Cloe Vecina","wbb-029467","cloe vecina","same_name_unconfirmed_transfer",,,,,,"Oregon State","no_evidence","none",TRUE,TRUE,,,,,,,
"r94279","2026-27","Adams St.","Nashelle Ponds","wbb-037318","nashelle ponds","same_name_unconfirmed_transfer",,,,,,"Virginia Union","no_evidence","none",TRUE,TRUE,,,,,,,
"r94317","2026-27","Bard","Stephanie Mildner","wbb-029491","stephanie mildner","same_name_unconfirmed_transfer",,,,,,"Elms","no_evidence","none",TRUE,TRUE,,,,,,,
"r94330","2026-27","Arcadia","Kennadi Johnson","wbb-024996","kennadi johnson","same_name_unconfirmed_transfer",,,,,,"Penn St. Harrisburg","no_evidence","none",TRUE,TRUE,,,,,,,
"r94353","2026-27","Bluefield St.","Jade Clowney","wbb-038855","jade clowney","same_name_unconfirmed_transfer",,,,,,"Chowan","no_evidence","none",TRUE,TRUE,,,,,,,
"r94356","2026-27","Bluefield St.","Jayda Jackson","wbb-031956","jayda jackson","same_name_unconfirmed_transfer",,,,,,"Wheeling","no_evidence","none",TRUE,TRUE,,,,,,,
"r94360","2026-27","Bluefield St.","Jamyrah Cherry","wbb-035361","jamyrah cherry","same_name_unconfirmed_transfer",,,,,,"Livingstone","no_evidence","none",TRUE,TRUE,,,,,,,
"r94399","2026-27","Cameron","Alexia Lohman","wbb-031605","alexia lohman","same_name_unconfirmed_transfer",,,,,,"Roosevelt","no_evidence","none",TRUE,TRUE,,,,,,,
"r94443","2026-27","Central Arkansas","Layla-J Cameron","wbb-037185","layla j cameron","same_name_unconfirmed_transfer",,,,,,"Tulsa","no_evidence","none",TRUE,TRUE,,,,,,,
"r94524","2026-27","Coker","Sophie Hessler","wbb-030942","sophie hessler","same_name_unconfirmed_transfer",,,,,,"Drury","no_evidence","none",TRUE,TRUE,,,,,,,
"r94607","2026-27","D'Youville","Antionique Auston","wbb-034026","antionique auston","corroborated_blocked",,,,,,"Canisius","height_conflict","hometown",TRUE,FALSE,,,,,,,
"r94616","2026-27","East Tex. Baptist","Karlee Cronk","wbb-038220","karlee cronk","corroborated_blocked",,,,,,"Mary Hardin-Baylor","failed_year_progression","hometown",FALSE,TRUE,,,,,,,
"r94619","2026-27","East Tex. Baptist","Aubrey Marjason","wbb-026711","aubrey marjason","corroborated_blocked",,,,,,"Okla. Baptist","failed_year_progression","previous_school",FALSE,TRUE,,,,,,,
"r94622","2026-27","East Tex. Baptist","Addison Walker","wbb-025688","addison walker","same_name_unconfirmed_transfer",,,,,,"Southern Ark.","no_evidence","none",TRUE,TRUE,,,,,,,
"r94624","2026-27","East Tex. Baptist","Gazey Yates","wbb-038421","gazey yates","same_name_unconfirmed_transfer",,,,,,"Southeastern Okla.","no_evidence","none",TRUE,TRUE,,,,,,,
"r94687","2026-27","Fairmont St.","Addie Davis","wbb-038978","addie davis","same_name_unconfirmed_transfer",,,,,,"West Virginia Wesleyan","no_evidence","none",TRUE,TRUE,,,,,,,
"r94735","2026-27","Francis Marion","Mykey Avni","wbb-031581","mykey avni","same_name_unconfirmed_transfer",,,,,,"Thomas (ME)","no_evidence","none",TRUE,TRUE,,,,,,,
"r94737","2026-27","Francis Marion","Trinity Fields","wbb-023813","trinity fields","same_name_unconfirmed_transfer",,,,,,"UNC Asheville","no_evidence","none",TRUE,TRUE,,,,,,,
"r94738","2026-27","Francis Marion","La’Sonja Hill","wbb-026489","la sonja hill","same_name_unconfirmed_transfer",,,,,,"Union (TN)","no_evidence","none",TRUE,TRUE,,,,,,,
"r94791","2026-27","Ga. Southwestern","Ariana Dyson","wbb-023595","ariana dyson","same_name_unconfirmed_transfer",,,,,,"Mercer","no_evidence","none",TRUE,TRUE,,,,,,,
"r94808","2026-27","Grand Canyon","T'yana Todd","wbb-017633","t yana todd","same_name_unconfirmed_transfer",,,,,,"Ohio State","no_evidence","none",TRUE,TRUE,,,,,,,
"r94834","2026-27","Harding","Taelor Coxford","wbb-033559","taelor coxford","same_name_unconfirmed_transfer",,,,,,"Arkansas-Little Rock","no_evidence","none",TRUE,TRUE,,,,,,,
"r95009","2026-27","Lincoln Memorial","Chassidy Fedd","wbb-026616","chassidy fedd","same_name_unconfirmed_transfer",,,,,,"Young Harris","no_evidence","none",TRUE,TRUE,,,,,,,
"r95010","2026-27","Lincoln Memorial","Julia Szwichtenberg","wbb-039100","julia szwichtenberg","same_name_unconfirmed_transfer",,,,,,"Tusculum","no_evidence","none",TRUE,TRUE,,,,,,,
"r95016","2026-27","Lincoln Memorial","Keyonee Neal","wbb-039747","keyonee neal","same_name_unconfirmed_transfer",,,,,,"Dominican (CA)","no_evidence","none",TRUE,TRUE,,,,,,,
"r95017","2026-27","Lincoln Memorial","Emily McIntosh","wbb-020808","emily mcintosh","same_name_unconfirmed_transfer",,,,,,"Rollins","no_evidence","none",TRUE,TRUE,,,,,,,
"r95020","2026-27","Lincoln Memorial","Brady Branam","wbb-038733","brady branam","same_name_unconfirmed_transfer",,,,,,"Wofford","no_evidence","none",TRUE,TRUE,,,,,,,
"r95058","2026-27","Midwestern St.","Elina Syniakova","wbb-028683","elina syniakova","same_name_unconfirmed_transfer",,,,,,"Louisiana Tech","no_evidence","none",TRUE,TRUE,,,,,,,
"r95103","2026-27","MSU Moorhead","Sydney Runsewe","wbb-020733","sydney runsewe","same_name_unconfirmed_transfer",,,,,,"Quincy","no_evidence","none",TRUE,TRUE,,,,,,,
"r95169","2026-27","Northwest Nazarene","Eden Sander","wbb-038501","eden sander","same_name_unconfirmed_transfer",,,,,,"Western Wash.","no_evidence","none",TRUE,TRUE,,,,,,,
"r95194","2026-27","Pittsburg St.","Anaiyah Fletcher","wbb-029306","anaiyah fletcher","same_name_unconfirmed_transfer",,,,,,"North Dakota","no_evidence","none",TRUE,TRUE,,,,,,,
"r95205","2026-27","Presbyterian College","Azjah Reeves","wbb-023582","azjah reeves","same_name_unconfirmed_transfer",,,,,,"Wichita State","no_evidence","none",TRUE,TRUE,,,,,,,
"r95215","2026-27","Presbyterian College","Fiona Diomande","wbb-030606","fiona diomande","same_name_unconfirmed_transfer",,,,,,"Wichita State","no_evidence","none",TRUE,TRUE,,,,,,,
"r95226","2026-27","Rockhurst","Amaya Gallegos","wbb-026669","amaya gallegos","same_name_unconfirmed_transfer",,,,,,"Rogers St.","no_evidence","none",TRUE,TRUE,,,,,,,
"r95245","2026-27","Dominican (IL)","Mary McClintock","wbb-023599","mary mcclintock","same_name_unconfirmed_transfer",,,,,,"Mercy","no_evidence","none",TRUE,TRUE,,,,,,,
"r95269","2026-27","St. Edward's","Noa Feller","wbb-036282","noa feller","same_name_unconfirmed_transfer",,,,,,"UT-Rio Grande Valley","no_evidence","none",TRUE,TRUE,,,,,,,
"r95310","2026-27","Schreiner","Amaris Ambriz","wbb-033287","amaris ambriz","same_name_unconfirmed_transfer",,,,,,"Howard Payne","no_evidence","none",TRUE,TRUE,,,,,,,
"r95348","2026-27","Southern Ark.","Kylie Ross","wbb-038890","kylie ross","same_name_unconfirmed_transfer",,,,,,"East Central","no_evidence","none",TRUE,TRUE,,,,,,,
"r95359","2026-27","Southern Ark.","Taryn Jacobs","wbb-039773","taryn jacobs","same_name_unconfirmed_transfer",,,,,,"William Jewell","no_evidence","none",TRUE,TRUE,,,,,,,
"r95371","2026-27","Sul Ross St.","Amaya Pierre-Jerome","wbb-031420","amaya pierre jerome","same_name_unconfirmed_transfer",,,,,,"Westminster (MO)","no_evidence","none",TRUE,TRUE,,,,,,,
"r95379","2026-27","Sul Ross St.","Amira Pierre-Jerome","wbb-031419","amira pierre jerome","same_name_unconfirmed_transfer",,,,,,"Westminster (MO)","no_evidence","none",TRUE,TRUE,,,,,,,
"r95514","2026-27","Western Wash.","Annalee Coronado","wbb-025277","annalee coronado","same_name_unconfirmed_transfer",,,,,,"Central Wash.","no_evidence","none",TRUE,TRUE,,,,,,,
"r95569","2026-27","Wilmington (DE)","Sophia Kelly","wbb-023605","sophia kelly","same_name_unconfirmed_transfer",,,,,,"Mercyhurst","no_evidence","none",TRUE,TRUE,,,,,,,
"r95674","2026-27","Hawaii Pacific","Emily Bowman","wbb-008366","emily bowman","same_name_unconfirmed_transfer",,,,,,"Samford","no_evidence","none",TRUE,TRUE,,,,,,,
"r95678","2026-27","Hawaii Hilo","Faith Mersburgh","wbb-033436","faith mersburgh","same_name_unconfirmed_transfer",,,,,,"Alas. Anchorage","no_evidence","none",TRUE,TRUE,,,,,,,
"r95708","2026-27","Kansas City","Bella Edwards","wbb-036221","bella edwards","same_name_unconfirmed_transfer",,,,,,"Oral Roberts","no_evidence","none",TRUE,TRUE,,,,,,,
"r95713","2026-27","Kansas City","Remi-Hope Drantmann","wbb-035593","remi hope drantmann","same_name_unconfirmed_transfer",,,,,,"Mercer","no_evidence","none",TRUE,TRUE,,,,,,,
"r95749","2026-27","Colorado St.-Pueblo","Jaz Salon","wbb-022826","jaz salon","same_name_unconfirmed_transfer",,,,,,"Eastern N.M.","no_evidence","none",TRUE,TRUE,,,,,,,
"r95754","2026-27","Colorado St.-Pueblo","Shelomi Sanders","wbb-020175","shelomi sanders","same_name_unconfirmed_transfer",,,,,,"Alabama A&M","no_evidence","none",TRUE,TRUE,,,,,,,
"r95760","2026-27","Howard Payne","Gabriella Barrera","wbb-037893","gabriella barrera","same_name_unconfirmed_transfer",,,,,,"Dallas","no_evidence","none",TRUE,TRUE,,,,,,,
"r95772","2026-27","Howard Payne","Hope Hermesmeyer","wbb-028198","hope hermesmeyer","same_name_unconfirmed_transfer",,,,,,"Hardin-Simmons","no_evidence","none",TRUE,TRUE,,,,,,,
"r95815","2026-27","Southwest Baptist","Karly Holm","wbb-037924","karly holm","same_name_unconfirmed_transfer",,,,,,"D'Youville","no_evidence","none",TRUE,TRUE,,,,,,,
"r95821","2026-27","Southwest Baptist","Ai Yonemura","wbb-034278","ai yonemura","same_name_unconfirmed_transfer",,,,,,"Concordia Chicago","no_evidence","none",TRUE,TRUE,,,,,,,
"r95845","2026-27","Roosevelt","Angelika Girgenson","wbb-030241","angelika girgenson","same_name_unconfirmed_transfer",,,,,,"Tennessee Tech","no_evidence","none",TRUE,TRUE,,,,,,,
"r95849","2026-27","Roosevelt","Eirini Chatzinikoli","wbb-034504","eirini chatzinikoli","same_name_unconfirmed_transfer",,,,,,"Eastern Michigan","no_evidence","none",TRUE,TRUE,,,,,,,
"r95863","2026-27","St. Thomas (TX)","Makahlia Edwards","wbb-025424","makahlia edwards","same_name_unconfirmed_transfer",,,,,,"Glenville St.","no_evidence","none",TRUE,TRUE,,,,,,,
"r96012","2026-27","Saint Joseph (CT)","Cameron Froehlich","wbb-037454","cameron froehlich","same_name_unconfirmed_transfer",,,,,,"Western Connecticut St.","no_evidence","none",TRUE,TRUE,,,,,,,
"r96050","2026-27","Southwestern Okla.","Rylie Burnett","wbb-038886","rylie burnett","same_name_unconfirmed_transfer",,,,,,"East Central","no_evidence","none",TRUE,TRUE,,,,,,,
"r96078","2026-27","Chowan","Jordyn Adderly","wbb-034302","jordyn adderly","same_name_unconfirmed_transfer",,,,,,"Coppin State","no_evidence","none",TRUE,TRUE,,,,,,,
"r96080","2026-27","Chowan","Janiya Davis","wbb-017022","janiya davis","same_name_unconfirmed_transfer",,,,,,"Queens (NC)","no_evidence","none",TRUE,TRUE,,,,,,,
"r96111","2026-27","East Central","Mia Ervin","wbb-037713","mia ervin","same_name_unconfirmed_transfer",,,,,,"Adams St.","no_evidence","none",TRUE,TRUE,,,,,,,
"r96113","2026-27","East Central","Shiloh Fletcher","wbb-031337","shiloh fletcher","same_name_unconfirmed_transfer",,,,,,"Southern Ark.","no_evidence","none",TRUE,TRUE,,,,,,,
"r96131","2026-27","Georgian Court","Jasmine Hardy","wbb-001146","jasmine hardy","same_name_unconfirmed_transfer",,,,,,"Long Beach State","no_evidence","none",TRUE,TRUE,,,,,,,
"r96206","2026-27","North Greenville","Ahtiana Benway","wbb-026601","ahtiana benway","corroborated_blocked",,,,,,"Shorter","failed_year_progression","hometown",FALSE,TRUE,,,,,,,
"r96216","2026-27","Embry-Riddle (FL)","Florrie Cotterill","wbb-030747","florrie cotterill","same_name_unconfirmed_transfer",,,,,,"Wright St.","no_evidence","none",TRUE,TRUE,,,,,,,
"r96226","2026-27","UC-Colo. Springs","D'Ajha Horton","wbb-039725","d ajha horton","same_name_unconfirmed_transfer",,,,,,"Ark.-Fort Smith","no_evidence","none",TRUE,TRUE,,,,,,,
"r96229","2026-27","UC-Colo. Springs","Summya Adigun","wbb-026660","summya adigun","same_name_unconfirmed_transfer",,,,,,"Northwestern Okla.","no_evidence","none",TRUE,TRUE,,,,,,,
"r96242","2026-27","USC Upstate","Izzy Callaway","wbb-032638","izzy callaway","same_name_unconfirmed_transfer",,,,,,"Akron","no_evidence","none",TRUE,TRUE,,,,,,,
"r96243","2026-27","USC Upstate","Grace Booth","wbb-031346","grace booth","same_name_unconfirmed_transfer",,,,,,"Houston Christian","no_evidence","none",TRUE,TRUE,,,,,,,
"r96269","2026-27","S.C. Aiken","Riley Ward","wbb-030381","riley ward","same_name_unconfirmed_transfer",,,,,,"Utah St.","no_evidence","none",TRUE,TRUE,,,,,,,
"r96285","2026-27","Colo. Christian","Jacy Chandler","wbb-031595","jacy chandler","same_name_unconfirmed_transfer",,,,,,"Western Colo.","no_evidence","none",TRUE,TRUE,,,,,,,
"r96288","2026-27","Colo. Christian","Flora Lukow","wbb-037913","flora lukow","same_name_unconfirmed_transfer",,,,,,"Drury","no_evidence","none",TRUE,TRUE,,,,,,,
"r96297","2026-27","Colo. Christian","Irene Fernández Pavesio","wbb-035790","irene fernandez pavesio","same_name_unconfirmed_transfer",,,,,,"Morehead State","no_evidence","none",TRUE,TRUE,,,,,,,
"r96325","2026-27","Queens (NC)","Makayla Minshall","wbb-027381","makayla minshall","same_name_unconfirmed_transfer",,,,,,"UC Riverside","no_evidence","none",TRUE,TRUE,,,,,,,
"r96381","2026-27","Wheeling","Nadia Simpson","wbb-028065","nadia simpson","same_name_unconfirmed_transfer",,,,,,"Frostburg St.","no_evidence","none",TRUE,TRUE,,,,,,,
"r96401","2026-27","Tusculum","Aniah Cross","wbb-040169","aniah cross","same_name_unconfirmed_transfer",,,,,,"Jessup","no_evidence","none",TRUE,TRUE,,,,,,,
"r96409","2026-27","Tusculum","Kierra Bond","wbb-039541","kierra bond","same_name_unconfirmed_transfer",,,,,,"Central St. (OH)","no_evidence","none",TRUE,TRUE,,,,,,,
"r96417","2026-27","Centenary (NJ)","Tiffany Newsome","wbb-036411","tiffany newsome","same_name_unconfirmed_transfer",,,,,,"Queens (NY)","no_evidence","none",TRUE,TRUE,,,,,,,
"r96553","2026-27","Lynn","Malayna Stevenson","wbb-030220","malayna stevenson","same_name_unconfirmed_transfer",,,,,,"Tampa","no_evidence","none",TRUE,TRUE,,,,,,,
"r96565","2026-27","Chestnut Hill","Kaci Mikulski","wbb-029537","kaci mikulski","same_name_unconfirmed_transfer",,,,,,"Jefferson","no_evidence","none",TRUE,TRUE,,,,,,,
"r96588","2026-27","Lyon","Brooke Brown","wbb-011297","brooke brown","same_name_unconfirmed_transfer",,,,,,"Missouri Western","no_evidence","none",TRUE,TRUE,,,,,,,
"r96628","2026-27","Texas-Dallas","Jayla Jackson-Allen","wbb-031873","jayla jackson allen","same_name_unconfirmed_transfer",,,,,,"UC-Colo. Springs","no_evidence","none",TRUE,TRUE,,,,,,,
"r96641","2026-27","Felician","Adriana Perez","wbb-028176","adriana perez","same_name_unconfirmed_transfer",,,,,,"Grinnell","no_evidence","none",TRUE,TRUE,,,,,,,
"r96710","2026-27","Lipscomb","Mia Smith","wbb-000797","mia smith","same_name_unconfirmed_transfer",,,,,,"Bowie St.","no_evidence","none",TRUE,TRUE,,,,,,,
"r96764","2026-27","Lee","Molly Brown","wbb-037404","molly brown","same_name_unconfirmed_transfer",,,,,,"Wesleyan (CT)","no_evidence","none",TRUE,TRUE,,,,,,,
"r96897","2026-27","Palm Beach Atl.","Ava Lord","wbb-036196","ava lord","same_name_unconfirmed_transfer",,,,,,"Olivet","no_evidence","none",TRUE,TRUE,,,,,,,
"r96904","2026-27","Palm Beach Atl.","Ella Lune","wbb-018075","ella lune","same_name_unconfirmed_transfer",,,,,,"Eastern Illinois","no_evidence","none",TRUE,TRUE,,,,,,,
"r96911","2026-27","Palm Beach Atl.","Sameera Elmasri","wbb-019740","sameera elmasri","same_name_unconfirmed_transfer",,,,,,"Johns Hopkins","no_evidence","none",TRUE,TRUE,,,,,,,
"r96939","2026-27","King (TN)","Destiny Harman","wbb-026071","destiny harman","same_name_unconfirmed_transfer",,,,,,"S.C. Aiken","no_evidence","none",TRUE,TRUE,,,,,,,
"r96981","2026-27","Newman","Nevaeh Otis","wbb-029257","nevaeh otis","same_name_unconfirmed_transfer",,,,,,"Niagara","no_evidence","none",TRUE,TRUE,,,,,,,
"r96987","2026-27","Cal St. Monterey Bay","Sophia Sanchez","wbb-037519","sophia sanchez","same_name_unconfirmed_transfer",,,,,,"Widener","no_evidence","none",TRUE,TRUE,,,,,,,
"r97005","2026-27","Seton Hill","Reece Beaver","wbb-032733","reece beaver","same_name_unconfirmed_transfer",,,,,,"Daemen","no_evidence","none",TRUE,TRUE,,,,,,,
"r97011","2026-27","Seton Hill","Roxy Dagostino","wbb-038695","roxy dagostino","same_name_unconfirmed_transfer",,,,,,"Thomas (ME)","no_evidence","none",TRUE,TRUE,,,,,,,
"r97041","2026-27","St. Joseph's (Brkln)","Rebekka Hjalmarsdottir","wbb-027865","rebekka hjalmarsdottir","same_name_unconfirmed_transfer",,,,,,"Edinboro","no_evidence","none",TRUE,TRUE,,,,,,,
"r97154","2026-27","Utah Tech","Sophia Zufelt","wbb-029501","sophia zufelt","same_name_unconfirmed_transfer",,,,,,"UT-Rio Grande Valley","no_evidence","none",TRUE,TRUE,,,,,,,
"r97160","2026-27","Utah Tech","Maia Rhay","wbb-032843","maia rhay","same_name_unconfirmed_transfer",,,,,,"Westminster (UT)","no_evidence","none",TRUE,TRUE,,,,,,,
"r97165","2026-27","Ark.-Fort Smith","Natalia Fanjul","wbb-034410","natalia fanjul","same_name_unconfirmed_transfer",,,,,,"Denver","no_evidence","none",TRUE,TRUE,,,,,,,
"r97253","2026-27","Minot St.","Jordan McMahon","wbb-037238","jordan mcmahon","same_name_unconfirmed_transfer",,,,,,"Upper Iowa","no_evidence","none",TRUE,TRUE,,,,,,,
"r97265","2026-27","Minot St.","Nyah Vermeulen","wbb-038308","nyah vermeulen","same_name_unconfirmed_transfer",,,,,,"Newberry","no_evidence","none",TRUE,TRUE,,,,,,,
"r97322","2026-27","California Baptist","Sienna Grieger","wbb-036788","sienna grieger","same_name_unconfirmed_transfer",,,,,,"Santa Clara","no_evidence","none",TRUE,TRUE,,,,,,,
"r97324","2026-27","California Baptist","McKinley Willardson","wbb-022321","mckinley willardson","same_name_unconfirmed_transfer",,,,,,"Brigham Young","no_evidence","none",TRUE,TRUE,,,,,,,
"r97328","2026-27","California Baptist","Spela Brecelj","wbb-037301","spela brecelj","same_name_unconfirmed_transfer",,,,,,"Virginia Tech","no_evidence","none",TRUE,TRUE,,,,,,,
"r97335","2026-27","Lindenwood (MO)","Macie McNece","wbb-036669","macie mcnece","same_name_unconfirmed_transfer",,,,,,"Saint Leo","no_evidence","none",TRUE,TRUE,,,,,,,
"r97379","2026-27","South Dakota Mines","Léa-line Romain","wbb-027857","lea line romain","same_name_unconfirmed_transfer",,,,,,"Eastern Washington","no_evidence","none",TRUE,TRUE,,,,,,,
"r97389","2026-27","South Dakota Mines","Camila Bozan","wbb-024290","camila bozan","same_name_unconfirmed_transfer",,,,,,"Robert Morris","no_evidence","none",TRUE,TRUE,,,,,,,
"r97430","2026-27","Fresno Pacific","Maeve Connell","wbb-038914","maeve connell","same_name_unconfirmed_transfer",,,,,,"Georgian Court","no_evidence","none",TRUE,TRUE,,,,,,,
"r97445","2026-27","Point Loma","Kamiyah Hurd","wbb-038691","kamiyah hurd","same_name_unconfirmed_transfer",,,,,,"Southwest Baptist","no_evidence","none",TRUE,TRUE,,,,,,,
"r97463","2026-27","Shorter","Legcee Fillmore","wbb-036459","legcee fillmore","same_name_unconfirmed_transfer",,,,,,"Regis (CO)","no_evidence","none",TRUE,TRUE,,,,,,,
"r97490","2026-27","Union (TN)","Tiara Hozumi","wbb-037999","tiara hozumi","same_name_unconfirmed_transfer",,,,,,"Ga. Southwestern","no_evidence","none",TRUE,TRUE,,,,,,,
"r97507","2026-27","Young Harris","Carmen Cabello-Rivera","wbb-032817","carmen cabello rivera","same_name_unconfirmed_transfer",,,,,,"Emmanuel (GA)","no_evidence","none",TRUE,TRUE,,,,,,,
"r97634","2026-27","Penn College","Ava Greer","wbb-018654","ava greer","same_name_unconfirmed_transfer",,,,,,"Central Okla.","no_evidence","none",TRUE,TRUE,,,,,,,
"r97648","2026-27","Southern Wesleyan","Maddison Neale","wbb-033331","maddison neale","same_name_unconfirmed_transfer",,,,,,"Tusculum","no_evidence","none",TRUE,TRUE,,,,,,,
"r97688","2026-27","Okla. Baptist","Reese Hoadley","wbb-035971","reese hoadley","same_name_unconfirmed_transfer",,,,,,"Nicholls State","no_evidence","none",TRUE,TRUE,,,,,,,
"r97695","2026-27","Okla. Baptist","Mireia Casas","wbb-035749","mireia casas","same_name_unconfirmed_transfer",,,,,,"Missouri-St. Louis","no_evidence","none",TRUE,TRUE,,,,,,,
"r97697","2026-27","Okla. Baptist","Mattie Rich","wbb-032748","mattie rich","same_name_unconfirmed_transfer",,,,,,"Northwestern Okla.","no_evidence","none",TRUE,TRUE,,,,,,,
"r97744","2026-27","Purdue Northwest","Saher Alizada","wbb-037138","saher alizada","same_name_unconfirmed_transfer",,,,,,"UT-San Antonio","no_evidence","none",TRUE,TRUE,,,,,,,
"r97751","2026-27","Purdue Northwest","Jayda Scorza","wbb-032907","jayda scorza","same_name_unconfirmed_transfer",,,,,,"Edward Waters","no_evidence","none",TRUE,TRUE,,,,,,,
"r97780","2026-27","Edward Waters","Santianna Davy","wbb-033588","santianna davy","same_name_unconfirmed_transfer",,,,,,"Augusta","no_evidence","none",TRUE,TRUE,,,,,,,
"r97788","2026-27","Edward Waters","Zyan Reynolds","wbb-015772","zyan reynolds","same_name_unconfirmed_transfer",,,,,,"Delaware State","no_evidence","none",TRUE,TRUE,,,,,,,
"r97789","2026-27","Carlow","Trinity Lockwood-Morris","wbb-020491","trinity lockwood morris","same_name_unconfirmed_transfer",,,,,,"Pitt.-Greensburg","no_evidence","none",TRUE,TRUE,,,,,,,
"r97795","2026-27","Carlow","Brielle Watson","wbb-039004","brielle watson","same_name_unconfirmed_transfer",,,,,,"Chatham","no_evidence","none",TRUE,TRUE,,,,,,,
"r97807","2026-27","USC Beaufort","Camryn Lee","wbb-039126","camryn lee","same_name_unconfirmed_transfer",,,,,,"Lees-McRae","no_evidence","none",TRUE,TRUE,,,,,,,
"r97840","2026-27","Jessup","Samantha Schuler","wbb-027290","samantha schuler","same_name_unconfirmed_transfer",,,,,,"Cal State Fullerton","no_evidence","none",TRUE,TRUE,,,,,,,
"r97863","2026-27","Vanguard","Emily Shaw","wbb-030871","emily shaw","same_name_unconfirmed_transfer",,,,,,"Central Wash.","no_evidence","none",TRUE,TRUE,,,,,,,
"r97870","2026-27","UC Merced","India Pines","wbb-036802","india pines","same_name_unconfirmed_transfer",,,,,,"Seattle Pacific","no_evidence","none",TRUE,TRUE,,,,,,,
"r95949","2026-27","McMurry","Ashlynn Galvin","wbb-025361",,"duplicate_wbb_id_claim",,,,,,,,,,,,,,,,,
"r95946","2026-27","McMurry","Alexis Dockter","wbb-030632",,"duplicate_wbb_id_claim",,,,,,,,,,,,,,,,,
"r87741","2026-27","Central (IA)","Kaylee Buerman","wbb-033576",,"duplicate_wbb_id_claim",,,,,,,,,,,,,,,,,
"r95956","2026-27","McMurry","Tiara Neal","wbb-037793",,"duplicate_wbb_id_claim",,,,,,,,,,,,,,,,,
"r90065","2026-27","MacMurray","Alliyah Ralston","wbb-038790",,"duplicate_wbb_id_claim",,,,,,,,,,,,,,,,,
,"2020-21","East Tex. Baptist","Erin Berry",,,,,,,,,,,,,,"within_season_duplicate_name","1062","BULLARD, TX",69,"20","Same name + team, different hometown/height -- verify distinct players",
,"2020-21","East Tex. Baptist","Erin Berry",,,,,,,,,,,,,,"within_season_duplicate_name","1062","BULLARD, TX",,,"Same name + team, different hometown/height -- verify distinct players",
,"2020-21","East Tex. Baptist","Erin Berry",,,,,,,,,,,,,,"within_season_duplicate_name","1062","BULLARD, TX",,,"Same name + team, different hometown/height -- verify distinct players",
,"2020-21","Jackson St.","Dayzsha Rogan",,,,,,,,,,,,,,"within_season_duplicate_name","314","RIPLEY, MISSISSIPPI",64,"24","Same name + team, different hometown/height -- verify distinct players",
,"2020-21","Jackson St.","Dayzsha Rogan",,,,,,,,,,,,,,"within_season_duplicate_name","314","RIPLEY, MISSISSIPPI",,,"Same name + team, different hometown/height -- verify distinct players",
,"2020-21","Jackson St.","Ti'lan Boler",,,,,,,,,,,,,,"within_season_duplicate_name","314","MERIDIAN, MISS",71,"1","Same name + team, different hometown/height -- verify distinct players",
,"2020-21","Jackson St.","Ti'lan Boler",,,,,,,,,,,,,,"within_season_duplicate_name","314","MERIDIAN, MISS",,,"Same name + team, different hometown/height -- verify distinct players",
,"2020-21","Pomona-Pitzer","F",,,,,,,,,,,,,,"within_season_duplicate_name","549","BELLEVUE, WA",,"10","Same name + team, different hometown/height -- verify distinct players",
,"2020-21","Pomona-Pitzer","F",,,,,,,,,,,,,,"within_season_duplicate_name","549","OAKLAND, CA",,"15","Same name + team, different hometown/height -- verify distinct players",
,"2020-21","Pomona-Pitzer","F",,,,,,,,,,,,,,"within_season_duplicate_name","549","OLYMPIA, WA",,"20","Same name + team, different hometown/height -- verify distinct players",
,"2020-21","Pomona-Pitzer","G",,,,,,,,,,,,,,"within_season_duplicate_name","549","SAN JOSE, CA",,"11","Same name + team, different hometown/height -- verify distinct players",
,"2020-21","Pomona-Pitzer","G",,,,,,,,,,,,,,"within_season_duplicate_name","549","LOS ANGELES, CA",,"12","Same name + team, different hometown/height -- verify distinct players",
,"2020-21","Pomona-Pitzer","G",,,,,,,,,,,,,,"within_season_duplicate_name","549","REDWOOD CITY, CA",,"14","Same name + team, different hometown/height -- verify distinct players",
,"2020-21","Pomona-Pitzer","G",,,,,,,,,,,,,,"within_season_duplicate_name","549","SHERMAN OAKS, CA",,"2","Same name + team, different hometown/height -- verify distinct players",
,"2020-21","Pomona-Pitzer","G",,,,,,,,,,,,,,"within_season_duplicate_name","549","SAMMAMISH, WA",,"21","Same name + team, different hometown/height -- verify distinct players",
,"2020-21","Pomona-Pitzer","G",,,,,,,,,,,,,,"within_season_duplicate_name","549","LOS ANGELES, CA",,"24","Same name + team, different hometown/height -- verify distinct players",
,"2020-21","Pomona-Pitzer","G",,,,,,,,,,,,,,"within_season_duplicate_name","549","SAN JOSE, CA",,"30","Same name + team, different hometown/height -- verify distinct players",
,"2021-22","Simpson",,,,,,,,,,,,,,,"within_season_duplicate_name","641","CEDAR HILL, TEX",70,,"Same name + team, different hometown/height -- verify distinct players",
,"2021-22","Simpson",,,,,,,,,,,,,,,"within_season_duplicate_name","641","POLK CITY, IOWA",65,,"Same name + team, different hometown/height -- verify distinct players",
,"2021-22","Simpson",,,,,,,,,,,,,,,"within_season_duplicate_name","641","DES MOINES, IOWA",69,,"Same name + team, different hometown/height -- verify distinct players",
,"2021-22","Simpson",,,,,,,,,,,,,,,"within_season_duplicate_name","641","HOUSTON, MINN",65,,"Same name + team, different hometown/height -- verify distinct players",
,"2021-22","Simpson",,,,,,,,,,,,,,,"within_season_duplicate_name","641","NORWALK, IOWA",69,,"Same name + team, different hometown/height -- verify distinct players",
,"2021-22","Simpson",,,,,,,,,,,,,,,"within_season_duplicate_name","641","CARSON, CALIF",62,,"Same name + team, different hometown/height -- verify distinct players",
,"2021-22","Simpson",,,,,,,,,,,,,,,"within_season_duplicate_name","641","OSCEOLA, IOWA",68,,"Same name + team, different hometown/height -- verify distinct players",
,"2021-22","Bluefield St.","Azariah Binford",,,,,,,,,,,,,,"within_season_duplicate_name","985","COLUMBUS, OH",63,"1","Same name + team, different hometown/height -- verify distinct players",
,"2021-22","Bluefield St.","Azariah Binford",,,,,,,,,,,,,,"within_season_duplicate_name","985","COLUMBUS, OH",64,"1","Same name + team, different hometown/height -- verify distinct players",
,"2022-23","Centenary (NJ)","Brie Opdyke",,,,,,,,,,,,,,"within_season_duplicate_name","12884","FLEMINGTON, NJ",68,"15","Same name + team, different hometown/height -- verify distinct players",
,"2022-23","Centenary (NJ)","Brie Opdyke",,,,,,,,,,,,,,"within_season_duplicate_name","12884","BELVIDERE, NJ",68,"15","Same name + team, different hometown/height -- verify distinct players",
,"2022-23","Clark Atlanta","Mariah Baltierra",,,,,,,,,,,,,,"within_season_duplicate_name","144","NORCROSS, GA",66,"24","Same name + team, different hometown/height -- verify distinct players",
,"2022-23","Clark Atlanta","Mariah Baltierra",,,,,,,,,,,,,,"within_season_duplicate_name","144","NORCROSS, GA",,,"Same name + team, different hometown/height -- verify distinct players",
,"2024-25","Cal Poly","Nora Perez",,,,,,,,,,,,,,"within_season_duplicate_name","90","DONOSTIA SAN SEBASTIAN, SPAIN",72,,"Same name + team, different hometown/height -- verify distinct players",
,"2024-25","Cal Poly","Nora Pérez",,,,,,,,,,,,,,"within_season_duplicate_name","90","DONOSTIA SAN SEBASTIAN, SPAIN",69,"9","Same name + team, different hometown/height -- verify distinct players",
